unsigned char encoder_clf_minmax_pruned_qat_int8_tflite[] = {
  0x1c, 0x00, 0x00, 0x00, 0x54, 0x46, 0x4c, 0x33, 0x14, 0x00, 0x20, 0x00,
  0x1c, 0x00, 0x18, 0x00, 0x14, 0x00, 0x10, 0x00, 0x0c, 0x00, 0x00, 0x00,
  0x08, 0x00, 0x04, 0x00, 0x14, 0x00, 0x00, 0x00, 0x1c, 0x00, 0x00, 0x00,
  0xa4, 0x00, 0x00, 0x00, 0xfc, 0x00, 0x00, 0x00, 0xb0, 0xa5, 0x00, 0x00,
  0xc0, 0xa5, 0x00, 0x00, 0x04, 0xb2, 0x00, 0x00, 0x03, 0x00, 0x00, 0x00,
  0x01, 0x00, 0x00, 0x00, 0x10, 0x00, 0x00, 0x00, 0x00, 0x00, 0x0a, 0x00,
  0x10, 0x00, 0x0c, 0x00, 0x08, 0x00, 0x04, 0x00, 0x0a, 0x00, 0x00, 0x00,
  0x0c, 0x00, 0x00, 0x00, 0x1c, 0x00, 0x00, 0x00, 0x48, 0x00, 0x00, 0x00,
  0x0f, 0x00, 0x00, 0x00, 0x73, 0x65, 0x72, 0x76, 0x69, 0x6e, 0x67, 0x5f,
  0x64, 0x65, 0x66, 0x61, 0x75, 0x6c, 0x74, 0x00, 0x01, 0x00, 0x00, 0x00,
  0x04, 0x00, 0x00, 0x00, 0x84, 0xff, 0xff, 0xff, 0x0d, 0x00, 0x00, 0x00,
  0x04, 0x00, 0x00, 0x00, 0x16, 0x00, 0x00, 0x00, 0x71, 0x75, 0x61, 0x6e,
  0x74, 0x5f, 0x61, 0x63, 0x74, 0x69, 0x76, 0x69, 0x74, 0x79, 0x5f, 0x73,
  0x6f, 0x66, 0x74, 0x6d, 0x61, 0x78, 0x00, 0x00, 0x01, 0x00, 0x00, 0x00,
  0x04, 0x00, 0x00, 0x00, 0x3e, 0x5a, 0xff, 0xff, 0x04, 0x00, 0x00, 0x00,
  0x0c, 0x00, 0x00, 0x00, 0x77, 0x69, 0x6e, 0x64, 0x6f, 0x77, 0x5f, 0x69,
  0x6e, 0x70, 0x75, 0x74, 0x00, 0x00, 0x00, 0x00, 0x02, 0x00, 0x00, 0x00,
  0x34, 0x00, 0x00, 0x00, 0x04, 0x00, 0x00, 0x00, 0xdc, 0xff, 0xff, 0xff,
  0x10, 0x00, 0x00, 0x00, 0x04, 0x00, 0x00, 0x00, 0x13, 0x00, 0x00, 0x00,
  0x43, 0x4f, 0x4e, 0x56, 0x45, 0x52, 0x53, 0x49, 0x4f, 0x4e, 0x5f, 0x4d,
  0x45, 0x54, 0x41, 0x44, 0x41, 0x54, 0x41, 0x00, 0x08, 0x00, 0x0c, 0x00,
  0x08, 0x00, 0x04, 0x00, 0x08, 0x00, 0x00, 0x00, 0x0f, 0x00, 0x00, 0x00,
  0x04, 0x00, 0x00, 0x00, 0x13, 0x00, 0x00, 0x00, 0x6d, 0x69, 0x6e, 0x5f,
  0x72, 0x75, 0x6e, 0x74, 0x69, 0x6d, 0x65, 0x5f, 0x76, 0x65, 0x72, 0x73,
  0x69, 0x6f, 0x6e, 0x00, 0x11, 0x00, 0x00, 0x00, 0xb0, 0xa4, 0x00, 0x00,
  0xa8, 0xa4, 0x00, 0x00, 0x98, 0x0e, 0x00, 0x00, 0x88, 0x0d, 0x00, 0x00,
  0x80, 0x0d, 0x00, 0x00, 0x70, 0x05, 0x00, 0x00, 0xe0, 0x04, 0x00, 0x00,
  0xd8, 0x04, 0x00, 0x00, 0x48, 0x02, 0x00, 0x00, 0xe8, 0x01, 0x00, 0x00,
  0xe0, 0x01, 0x00, 0x00, 0xe0, 0x00, 0x00, 0x00, 0xa0, 0x00, 0x00, 0x00,
  0x98, 0x00, 0x00, 0x00, 0x90, 0x00, 0x00, 0x00, 0x70, 0x00, 0x00, 0x00,
  0x04, 0x00, 0x00, 0x00, 0xfe, 0x5a, 0xff, 0xff, 0x04, 0x00, 0x00, 0x00,
  0x5c, 0x00, 0x00, 0x00, 0x0c, 0x00, 0x00, 0x00, 0x08, 0x00, 0x0e, 0x00,
  0x08, 0x00, 0x04, 0x00, 0x08, 0x00, 0x00, 0x00, 0x10, 0x00, 0x00, 0x00,
  0x2c, 0x00, 0x00, 0x00, 0x00, 0x00, 0x06, 0x00, 0x08, 0x00, 0x04, 0x00,
  0x06, 0x00, 0x00, 0x00, 0x04, 0x00, 0x00, 0x00, 0x02, 0x00, 0x00, 0x00,
  0xeb, 0x03, 0x00, 0x00, 0xd0, 0x07, 0x00, 0x00, 0x00, 0x00, 0x0a, 0x00,
  0x10, 0x00, 0x0c, 0x00, 0x08, 0x00, 0x04, 0x00, 0x0a, 0x00, 0x00, 0x00,
  0x02, 0x00, 0x00, 0x00, 0x02, 0x00, 0x00, 0x00, 0x04, 0x00, 0x00, 0x00,
  0x06, 0x00, 0x00, 0x00, 0x32, 0x2e, 0x31, 0x34, 0x2e, 0x31, 0x00, 0x00,
  0x66, 0x5b, 0xff, 0xff, 0x04, 0x00, 0x00, 0x00, 0x10, 0x00, 0x00, 0x00,
  0x31, 0x2e, 0x31, 0x34, 0x2e, 0x30, 0x00, 0x00, 0x00, 0x00, 0x00, 0x00,
  0x00, 0x00, 0x00, 0x00, 0xdc, 0x5a, 0xff, 0xff, 0xe0, 0x5a, 0xff, 0xff,
  0x8a, 0x5b, 0xff, 0xff, 0x04, 0x00, 0x00, 0x00, 0x30, 0x00, 0x00, 0x00,
  0x17, 0x02, 0x00, 0x00, 0x0a, 0xff, 0xff, 0xff, 0xc8, 0xfe, 0xff, 0xff,
  0xfa, 0x00, 0x00, 0x00, 0x9b, 0xfe, 0xff, 0xff, 0x75, 0xff, 0xff, 0xff,
  0x59, 0x03, 0x00, 0x00, 0x3c, 0x00, 0x00, 0x00, 0xfd, 0x00, 0x00, 0x00,
  0x22, 0xff, 0xff, 0xff, 0x1b, 0xff, 0xff, 0xff, 0x9e, 0xfd, 0xff, 0xff,
  0xc6, 0x5b, 0xff, 0xff, 0x04, 0x00, 0x00, 0x00, 0xf0, 0x00, 0x00, 0x00,
  0xd5, 0x00, 0xc1, 0x00, 0x00, 0x00, 0x00, 0x00, 0xc6, 0x00, 0x00, 0x00,
  0xaa, 0x00, 0xc2, 0xa6, 0x00, 0x00, 0x00, 0x00, 0x00, 0x00, 0x00, 0x00,
  0x00, 0x00, 0x00, 0x00, 0x00, 0x00, 0xd9, 0x00, 0x00, 0xbc, 0x00, 0x00,
  0x00, 0x00, 0x00, 0x00, 0x00, 0x00, 0x00, 0x00, 0x00, 0x00, 0x00, 0x00,
  0x00, 0x00, 0xc3, 0x00, 0x00, 0x00, 0x2b, 0xc9, 0x00, 0x00, 0x00, 0x00,
  0x00, 0x00, 0x30, 0x00, 0x00, 0xb8, 0x00, 0x00, 0x39, 0x00, 0x00, 0xc7,
  0xae, 0x00, 0xd6, 0x00, 0x00, 0x00, 0x00, 0x00, 0x00, 0x00, 0x59, 0x00,
  0x00, 0x00, 0x00, 0x00, 0x00, 0x00, 0x00, 0x00, 0x00, 0x00, 0x4a, 0xd0,
  0x00, 0x00, 0x00, 0xbd, 0x00, 0x00, 0x00, 0x00, 0x00, 0x00, 0x00, 0x00,
  0x00, 0xc0, 0x00, 0x00, 0xb9, 0x00, 0x87, 0x00, 0x00, 0x00, 0x00, 0x00,
  0xa4, 0x00, 0x00, 0x00, 0x00, 0x00, 0x00, 0x00, 0xbf, 0x00, 0x88, 0x8f,
  0x00, 0x00, 0x3a, 0x00, 0x00, 0x00, 0xb6, 0x00, 0x00, 0x00, 0x82, 0x00,
  0x00, 0x00, 0x00, 0x00, 0x00, 0x00, 0x8d, 0x00, 0x00, 0x00, 0x00, 0x00,
  0x00, 0x00, 0x00, 0x00, 0x00, 0x00, 0x00, 0x00, 0x00, 0x00, 0x00, 0x00,
  0x00, 0x00, 0x00, 0x00, 0x00, 0x00, 0x97, 0x81, 0x00, 0x00, 0x00, 0x00,
  0x00, 0x00, 0xcb, 0x00, 0x00, 0x00, 0x00, 0x00, 0x2a, 0xcb, 0x2f, 0x00,
  0xbe, 0x00, 0x00, 0x00, 0xc0, 0x00, 0x00, 0x00, 0x00, 0x00, 0x00, 0x00,
  0xb4, 0xa3, 0x00, 0x00, 0x37, 0x00, 0x00, 0x00, 0x00, 0x00, 0x28, 0x33,
  0x00, 0x00, 0x00, 0x00, 0x00, 0x00, 0xb3, 0x00, 0x00, 0x00, 0x00, 0x00,
  0x00, 0x00, 0x00, 0x00, 0x00, 0x00, 0xc0, 0xb7, 0x00, 0x00, 0x32, 0x00,
  0x1c, 0x5c, 0xff, 0xff, 0xc6, 0x5c, 0xff, 0xff, 0x04, 0x00, 0x00, 0x00,
  0x50, 0x00, 0x00, 0x00, 0xa3, 0x00, 0x00, 0x00, 0xc5, 0xff, 0xff, 0xff,
  0xe6, 0xfd, 0xff, 0xff, 0x00, 0x00, 0x00, 0x00, 0xf3, 0x02, 0x00, 0x00,
  0x5e, 0x00, 0x00, 0x00, 0xb2, 0xff, 0xff, 0xff, 0x0c, 0x00, 0x00, 0x00,
  0x78, 0x00, 0x00, 0x00, 0x92, 0x03, 0x00, 0x00, 0xe2, 0xfd, 0xff, 0xff,
  0xf6, 0xfe, 0xff, 0xff, 0xf8, 0x01, 0x00, 0x00, 0x08, 0x00, 0x00, 0x00,
  0xaa, 0x01, 0x00, 0x00, 0x9e, 0x01, 0x00, 0x00, 0xb5, 0x03, 0x00, 0x00,
  0x00, 0x00, 0x00, 0x00, 0x27, 0xff, 0xff, 0xff, 0xc1, 0x00, 0x00, 0x00,
  0x22, 0x5d, 0xff, 0xff, 0x04, 0x00, 0x00, 0x00, 0x80, 0x02, 0x00, 0x00,
  0xc4, 0x54, 0x00, 0x00, 0x00, 0x00, 0x00, 0x00, 0x46, 0x00, 0x00, 0x30,
  0x00, 0x00, 0x00, 0x00, 0x00, 0x00, 0x00, 0x00, 0x00, 0x00, 0x00, 0x00,
  0x00, 0x00, 0x00, 0x00, 0x00, 0x00, 0x00, 0x00, 0x00, 0x00, 0x00, 0x00,
  0x00, 0x00, 0x00, 0x00, 0x00, 0x00, 0x00, 0x00, 0x00, 0x00, 0x00, 0x00,
  0x00, 0x00, 0x00, 0x00, 0x00, 0x00, 0x00, 0x00, 0x00, 0x00, 0x00, 0x00,
  0x00, 0x00, 0x00, 0x00, 0x00, 0x00, 0x2b, 0x00, 0x00, 0x00, 0x00, 0x00,
  0x41, 0x00, 0xb0, 0x00, 0x00, 0x00, 0x00, 0x00, 0x00, 0x00, 0x00, 0x00,
  0x6b, 0x00, 0x00, 0xce, 0x8a, 0x00, 0x00, 0x00, 0x00, 0x00, 0x00, 0x00,
  0x00, 0x00, 0x00, 0x00, 0x00, 0x00, 0x00, 0x00, 0x00, 0x00, 0x00, 0x00,
  0x00, 0x00, 0x00, 0x00, 0x00, 0x00, 0x00, 0x00, 0x00, 0x00, 0x00, 0x00,
  0x00, 0x00, 0x00, 0x00, 0x00, 0x00, 0x00, 0x00, 0x00, 0x00, 0x00, 0x00,
  0x00, 0x00, 0x00, 0x00, 0xbf, 0x00, 0x3c, 0x00, 0x00, 0x30, 0x00, 0x3f,
  0x00, 0x00, 0xb0, 0x00, 0xac, 0x00, 0x00, 0x00, 0x33, 0x00, 0x00, 0x00,
  0x00, 0xa4, 0x00, 0xc4, 0x2d, 0x00, 0x00, 0x00, 0x00, 0x35, 0x00, 0xcf,
  0x00, 0x2f, 0x00, 0xad, 0x26, 0x4d, 0x00, 0x30, 0xcc, 0x00, 0x00, 0x00,
  0x00, 0x00, 0x2c, 0x00, 0x34, 0x00, 0x00, 0x58, 0x41, 0x00, 0x00, 0x00,
  0x00, 0x00, 0x00, 0x00, 0x00, 0x00, 0x00, 0x00, 0x00, 0x00, 0x00, 0x00,
  0x00, 0x00, 0x00, 0x00, 0x00, 0x00, 0x00, 0x00, 0x00, 0x00, 0x00, 0x00,
  0x00, 0x00, 0x00, 0x00, 0x00, 0x00, 0x00, 0x00, 0x00, 0x00, 0x00, 0x00,
  0x00, 0x00, 0x00, 0x00, 0x00, 0x00, 0x00, 0x00, 0x00, 0x00, 0x00, 0x00,
  0x00, 0x00, 0x00, 0x00, 0x00, 0x00, 0x00, 0x00, 0x00, 0x00, 0x00, 0x00,
  0x00, 0x00, 0x00, 0x00, 0x3e, 0xc0, 0x00, 0x00, 0x00, 0x00, 0x00, 0x4a,
  0x00, 0x00, 0x00, 0x5a, 0x00, 0x00, 0x00, 0x00, 0x36, 0x00, 0x4b, 0x00,
  0x00, 0x00, 0x00, 0x00, 0xd9, 0x00, 0x00, 0xad, 0xc5, 0x7f, 0x00, 0xc5,
  0x00, 0x3f, 0x00, 0x00, 0x00, 0x00, 0x00, 0x00, 0x00, 0x48, 0xc3, 0x00,
  0x00, 0x00, 0x00, 0x00, 0xbb, 0x00, 0x1b, 0x00, 0x00, 0x00, 0x00, 0x00,
  0xc1, 0x00, 0x00, 0x00, 0x00, 0x50, 0x23, 0x38, 0x00, 0x96, 0x00, 0x00,
  0x00, 0x00, 0x00, 0x00, 0x5b, 0xa2, 0x00, 0x36, 0xbe, 0x00, 0x00, 0x00,
  0x2c, 0x00, 0x4c, 0x00, 0x38, 0xcc, 0x00, 0xa9, 0xa2, 0x4f, 0xc8, 0x00,
  0x00, 0x32, 0xb9, 0xc8, 0xb8, 0x00, 0x00, 0x00, 0x00, 0x00, 0x00, 0x00,
  0x43, 0xab, 0x5c, 0xd3, 0xcf, 0x00, 0x00, 0x00, 0x00, 0x00, 0x00, 0x00,
  0x00, 0x00, 0x00, 0xba, 0x00, 0x4f, 0x00, 0x00, 0x00, 0x00, 0x00, 0x00,
  0x00, 0x37, 0x00, 0x00, 0x00, 0x00, 0xb2, 0x00, 0x00, 0x42, 0xbd, 0x53,
  0x4c, 0xc8, 0x00, 0x00, 0x25, 0x00, 0x3f, 0x00, 0x00, 0x00, 0x00, 0x45,
  0x00, 0xc3, 0x00, 0x3f, 0x00, 0x39, 0x00, 0x3e, 0x00, 0x00, 0x00, 0x00,
  0x00, 0x00, 0x00, 0x00, 0x3f, 0x00, 0x00, 0x00, 0x00, 0x00, 0x00, 0x00,
  0xbd, 0x00, 0x2a, 0x00, 0x00, 0x00, 0x00, 0x00, 0xc2, 0x00, 0xcb, 0x00,
  0x4e, 0x00, 0x00, 0x00, 0x00, 0x00, 0x00, 0x00, 0x00, 0x00, 0x00, 0x00,
  0x00, 0x00, 0x2d, 0x00, 0x36, 0x00, 0x00, 0x2c, 0x40, 0x00, 0xb7, 0x00,
  0x00, 0x00, 0x00, 0x3f, 0x48, 0x00, 0x00, 0x00, 0xb1, 0x00, 0x00, 0x00,
  0xbc, 0x00, 0x00, 0x00, 0x00, 0x00, 0x00, 0x4b, 0xa4, 0xcb, 0xb8, 0x00,
  0xab, 0x00, 0x00, 0x00, 0x00, 0x00, 0xb7, 0x00, 0x75, 0x00, 0x00, 0x00,
  0xd4, 0x00, 0x00, 0x00, 0x00, 0x00, 0x00, 0xad, 0x00, 0x00, 0x00, 0x3a,
  0x4b, 0x00, 0x00, 0x00, 0xc9, 0xd7, 0x00, 0xd2, 0x00, 0x00, 0x00, 0x00,
  0xc4, 0x00, 0xb1, 0x00, 0xb7, 0x00, 0x00, 0x00, 0x00, 0x00, 0x00, 0x00,
  0x00, 0xbe, 0x00, 0x00, 0x00, 0x00, 0x00, 0x00, 0x00, 0x00, 0x00, 0x00,
  0x00, 0x00, 0x00, 0x00, 0x00, 0x00, 0x00, 0x00, 0x00, 0x00, 0x00, 0x00,
  0x00, 0x00, 0x00, 0x00, 0x00, 0x00, 0x00, 0x00, 0x00, 0x00, 0x00, 0x00,
  0x00, 0x00, 0x00, 0x00, 0x00, 0x00, 0x00, 0x00, 0x00, 0x00, 0x00, 0xc6,
  0x00, 0x41, 0x00, 0x37, 0x39, 0x00, 0x00, 0x00, 0xd2, 0x00, 0x00, 0x00,
  0x2d, 0x00, 0x00, 0x00, 0x00, 0xcd, 0x00, 0x00, 0x00, 0x00, 0x00, 0x00,
  0x00, 0x00, 0x00, 0x00, 0x00, 0x00, 0x00, 0x00, 0x00, 0x00, 0x00, 0x00,
  0x00, 0x00, 0xc3, 0x00, 0x00, 0x00, 0x00, 0x00, 0x00, 0x00, 0x00, 0x00,
  0x00, 0xb8, 0x00, 0x00, 0x08, 0x5f, 0xff, 0xff, 0xb2, 0x5f, 0xff, 0xff,
  0x04, 0x00, 0x00, 0x00, 0x80, 0x00, 0x00, 0x00, 0x48, 0xff, 0xff, 0xff,
  0xe5, 0xfe, 0xff, 0xff, 0xae, 0xff, 0xff, 0xff, 0xa3, 0x02, 0x00, 0x00,
  0xf1, 0x02, 0x00, 0x00, 0x45, 0xff, 0xff, 0xff, 0x4d, 0xfd, 0xff, 0xff,
  0xdd, 0x00, 0x00, 0x00, 0x1c, 0xfe, 0xff, 0xff, 0x95, 0xfd, 0xff, 0xff,
  0x3c, 0xff, 0xff, 0xff, 0x5c, 0x01, 0x00, 0x00, 0xdb, 0xfe, 0xff, 0xff,
  0x4c, 0xff, 0xff, 0xff, 0xd9, 0x00, 0x00, 0x00, 0x41, 0x02, 0x00, 0x00,
  0xe3, 0xfe, 0xff, 0xff, 0x74, 0x00, 0x00, 0x00, 0x23, 0xfe, 0xff, 0xff,
  0xd7, 0xff, 0xff, 0xff, 0x6b, 0xff, 0xff, 0xff, 0x04, 0xfe, 0xff, 0xff,
  0x04, 0x00, 0x00, 0x00, 0xe1, 0xff, 0xff, 0xff, 0x4e, 0xff, 0xff, 0xff,
  0x23, 0x01, 0x00, 0x00, 0x25, 0xfe, 0xff, 0xff, 0xca, 0xff, 0xff, 0xff,
  0x7b, 0xff, 0xff, 0xff, 0x2c, 0x01, 0x00, 0x00, 0x01, 0x00, 0x00, 0x00,
  0xd2, 0xfe, 0xff, 0xff, 0x3e, 0x60, 0xff, 0xff, 0x04, 0x00, 0x00, 0x00,
  0x00, 0x08, 0x00, 0x00, 0x00, 0x00, 0x3c, 0x36, 0x00, 0x00, 0x00, 0xcc,
  0x00, 0x00, 0x00, 0x3d, 0x36, 0x00, 0x00, 0x00, 0xcb, 0x00, 0x5a, 0x00,
  0xc7, 0x00, 0x00, 0x00, 0x00, 0x00, 0x00, 0x00, 0x00, 0x00, 0x00, 0x00,
  0x00, 0x00, 0xb1, 0x00, 0x00, 0x00, 0x3d, 0x00, 0x00, 0x00, 0xbd, 0x00,
  0x3d, 0x00, 0xc9, 0x00, 0x00, 0x00, 0x00, 0x38, 0x00, 0x00, 0x00, 0x00,
  0x00, 0x00, 0x00, 0xd0, 0x00, 0x39, 0x43, 0x00, 0x00, 0x00, 0x00, 0x00,
  0x00, 0x00, 0x63, 0x00, 0x00, 0x00, 0x00, 0x00, 0x00, 0x00, 0x00, 0x52,
  0x00, 0x00, 0x00, 0x00, 0x00, 0xc9, 0x00, 0x33, 0x00, 0x00, 0x3d, 0x00,
  0x38, 0x00, 0x3b, 0x00, 0x00, 0x2b, 0x00, 0x2a, 0x00, 0x00, 0x00, 0x00,
  0x00, 0xca, 0x00, 0xc2, 0x00, 0x00, 0x00, 0x00, 0xcb, 0x00, 0x00, 0xcb,
  0x00, 0x00, 0x39, 0x00, 0xbc, 0x00, 0x00, 0x00, 0x00, 0xc5, 0xbf, 0x00,
  0x00, 0x00, 0x00, 0x00, 0x00, 0x00, 0x00, 0x00, 0x00, 0x00, 0x00, 0x00,
  0x00, 0x00, 0x00, 0x09, 0x00, 0x00, 0x00, 0x00, 0x00, 0x00, 0x00, 0x00,
  0x00, 0x00, 0x00, 0x00, 0x00, 0x00, 0x00, 0x00, 0x39, 0x00, 0x00, 0x00,
  0x00, 0x00, 0x00, 0xce, 0x00, 0x00, 0x00, 0x00, 0x00, 0x00, 0xc8, 0xc3,
  0x39, 0xca, 0x00, 0xc9, 0xc1, 0x00, 0x00, 0x3d, 0x00, 0x00, 0x00, 0x49,
  0x00, 0x00, 0xc5, 0x00, 0x00, 0x00, 0x00, 0x00, 0x00, 0x00, 0x00, 0x00,
  0x00, 0x00, 0x00, 0x00, 0x00, 0x00, 0x00, 0xee, 0x00, 0x00, 0x3d, 0x00,
  0x00, 0xca, 0x00, 0x00, 0x00, 0xcb, 0x35, 0xc3, 0xcb, 0xc4, 0x00, 0x00,
  0x00, 0x53, 0xde, 0x00, 0x00, 0x00, 0x00, 0x00, 0x00, 0x00, 0x00, 0x00,
  0x00, 0x00, 0x00, 0x38, 0x00, 0x00, 0x00, 0x00, 0x41, 0x00, 0x00, 0x00,
  0x00, 0x38, 0x00, 0x00, 0xcb, 0x00, 0x57, 0x00, 0x00, 0x00, 0x00, 0x77,
  0x00, 0x00, 0x00, 0x00, 0x34, 0x00, 0x00, 0x00, 0x3d, 0x66, 0x00, 0xdb,
  0x00, 0x00, 0x00, 0x41, 0x00, 0x00, 0x00, 0x00, 0x57, 0x00, 0xc8, 0x00,
  0x00, 0x00, 0x00, 0x00, 0x00, 0x00, 0x00, 0x00, 0x00, 0x00, 0x00, 0x00,
  0x00, 0x00, 0x00, 0x00, 0xde, 0x00, 0x00, 0x00, 0x00, 0x00, 0xc7, 0xc9,
  0xcd, 0x00, 0x00, 0x00, 0x00, 0x00, 0x00, 0xda, 0x00, 0x00, 0x00, 0x00,
  0x00, 0x00, 0x3e, 0x00, 0x00, 0x3c, 0x00, 0x00, 0x00, 0x00, 0x00, 0x00,
  0x3b, 0x00, 0x00, 0x00, 0x00, 0xd5, 0x00, 0x00, 0x00, 0x00, 0x00, 0x00,
  0x00, 0x00, 0x00, 0x00, 0x00, 0x00, 0x00, 0x00, 0x00, 0x00, 0x38, 0x00,
  0x00, 0xbf, 0x00, 0x9f, 0xc6, 0x00, 0x00, 0x00, 0x00, 0x00, 0x34, 0x00,
  0x00, 0x00, 0x36, 0x00, 0xc6, 0x00, 0x00, 0x00, 0x00, 0x36, 0x00, 0x00,
  0x00, 0xc4, 0x00, 0x00, 0x00, 0x00, 0x00, 0x00, 0x00, 0x37, 0x00, 0xcc,
  0x3b, 0x39, 0x00, 0x00, 0xc8, 0x00, 0x3a, 0xa8, 0x00, 0x00, 0x00, 0x00,
  0x00, 0x00, 0x00, 0x00, 0x1f, 0x00, 0x00, 0xc5, 0x00, 0x00, 0x00, 0x00,
  0x00, 0x00, 0xc4, 0x00, 0x00, 0x47, 0x00, 0x00, 0xcb, 0x00, 0x00, 0xc8,
  0x00, 0x00, 0x34, 0x00, 0x00, 0x00, 0x3e, 0x00, 0x00, 0x91, 0x00, 0x3b,
  0xa3, 0xc7, 0x00, 0x29, 0x00, 0x00, 0x00, 0x00, 0x3a, 0x00, 0x00, 0x00,
  0xc8, 0x40, 0x00, 0x40, 0x3a, 0x00, 0x00, 0x00, 0x00, 0x50, 0xca, 0x00,
  0x00, 0x00, 0xb8, 0x00, 0x00, 0x00, 0x00, 0x00, 0x00, 0x00, 0x00, 0x00,
  0x00, 0x00, 0x00, 0x00, 0x00, 0xc5, 0x00, 0x00, 0x00, 0x00, 0x00, 0x47,
  0x00, 0x00, 0x00, 0x00, 0x00, 0x00, 0x00, 0x00, 0x00, 0x00, 0x00, 0xc9,
  0x00, 0x00, 0x00, 0xc2, 0x53, 0x00, 0x00, 0x00, 0x00, 0x00, 0x00, 0x00,
  0x35, 0x00, 0x00, 0x00, 0x00, 0x00, 0x00, 0x00, 0x00, 0x00, 0x4f, 0x00,
  0x00, 0x00, 0x00, 0x00, 0x00, 0x9e, 0x00, 0x00, 0xcc, 0x00, 0x00, 0x00,
  0x00, 0x00, 0x00, 0x00, 0x00, 0x00, 0x00, 0x00, 0x00, 0x00, 0x00, 0x00,
  0x00, 0x00, 0xc6, 0x49, 0x00, 0x00, 0x00, 0x00, 0x00, 0x00, 0x33, 0xc7,
  0x00, 0xc6, 0x35, 0x00, 0x00, 0x83, 0x00, 0x00, 0x00, 0xc6, 0x00, 0x00,
  0x00, 0x00, 0x00, 0xc8, 0x00, 0x00, 0x00, 0x59, 0x00, 0x00, 0x00, 0x00,
  0x00, 0x00, 0x00, 0x00, 0x00, 0x00, 0x00, 0x73, 0x00, 0x00, 0xaa, 0xca,
  0x00, 0xc6, 0x00, 0x00, 0x00, 0x00, 0x00, 0x35, 0x00, 0x00, 0x00, 0x00,
  0x00, 0x00, 0x00, 0x00, 0x00, 0x00, 0x00, 0x00, 0x00, 0x00, 0x00, 0xc3,
  0x00, 0x00, 0x00, 0x00, 0xc2, 0x00, 0x00, 0x00, 0x00, 0x00, 0x00, 0x00,
  0x00, 0x00, 0x00, 0x00, 0xcc, 0x00, 0x38, 0x00, 0x00, 0x42, 0x00, 0xc1,
  0x00, 0x3e, 0x00, 0x00, 0x00, 0xc7, 0x00, 0x00, 0x34, 0x34, 0x00, 0x00,
  0x00, 0x00, 0x00, 0x00, 0x00, 0x00, 0x00, 0x00, 0x00, 0x00, 0x00, 0x00,
  0x00, 0x00, 0xc2, 0x00, 0x00, 0x00, 0x00, 0x00, 0x00, 0x00, 0x00, 0x00,
  0x00, 0x00, 0x00, 0x00, 0x00, 0x36, 0x00, 0x00, 0x00, 0x00, 0x00, 0x3c,
  0x00, 0x00, 0x00, 0x37, 0x00, 0x00, 0x00, 0x00, 0x00, 0x00, 0x00, 0x38,
  0x00, 0x00, 0x00, 0x00, 0x00, 0x00, 0x00, 0x36, 0x00, 0x00, 0x00, 0x00,
  0x00, 0x00, 0x00, 0x00, 0x00, 0x00, 0x00, 0x00, 0x00, 0x00, 0x00, 0xcb,
  0x00, 0x3e, 0x00, 0x00, 0x00, 0x3d, 0x00, 0x00, 0x3f, 0x00, 0x00, 0x65,
  0x00, 0x00, 0x00, 0x75, 0x00, 0x00, 0xaa, 0x00, 0x00, 0x00, 0x00, 0x37,
  0x00, 0x00, 0x00, 0x00, 0x00, 0x00, 0xc0, 0x00, 0x00, 0x00, 0x00, 0x00,
  0x00, 0x00, 0x00, 0xc7, 0x00, 0x00, 0x00, 0x00, 0x00, 0x00, 0x00, 0xcd,
  0x00, 0x00, 0x55, 0x00, 0x00, 0x00, 0xcb, 0x00, 0xc7, 0x00, 0x00, 0x00,
  0x00, 0x39, 0x36, 0x39, 0x00, 0x00, 0x00, 0x00, 0x3c, 0x00, 0x00, 0x00,
  0x00, 0x00, 0x00, 0x00, 0x00, 0x00, 0x00, 0x00, 0x00, 0x00, 0xb9, 0x00,
  0x00, 0x00, 0x00, 0x00, 0x00, 0x00, 0x00, 0x00, 0x00, 0x00, 0x00, 0x00,
  0x00, 0x00, 0x00, 0x00, 0x00, 0x00, 0x41, 0x00, 0x00, 0x00, 0x00, 0x00,
  0x00, 0x41, 0x00, 0x00, 0x00, 0x00, 0x00, 0x00, 0x00, 0x00, 0x00, 0x5b,
  0x00, 0x00, 0x00, 0x00, 0x00, 0xcd, 0x00, 0x00, 0x00, 0x00, 0x00, 0x3f,
  0x00, 0xc2, 0x00, 0x00, 0x00, 0x00, 0x00, 0xa8, 0x00, 0x00, 0x00, 0x00,
  0x00, 0x00, 0x00, 0x33, 0x44, 0x00, 0x00, 0x00, 0x00, 0x00, 0x00, 0x00,
  0x00, 0x00, 0x00, 0x00, 0x00, 0x3f, 0x00, 0x3c, 0xcc, 0x34, 0xc9, 0x3c,
  0x00, 0x00, 0xca, 0x00, 0x00, 0x00, 0x00, 0x00, 0xcb, 0x00, 0x00, 0x00,
  0x3a, 0x00, 0x00, 0x00, 0xcb, 0x00, 0x00, 0x00, 0x00, 0xcb, 0x00, 0x00,
  0x00, 0x00, 0x00, 0x00, 0x00, 0x00, 0x00, 0xc8, 0x00, 0x00, 0x00, 0x00,
  0x00, 0x00, 0xcd, 0x00, 0xcb, 0x00, 0x00, 0x3d, 0x00, 0x00, 0x00, 0x34,
  0x00, 0x00, 0x00, 0x00, 0x00, 0x00, 0x00, 0x00, 0x00, 0x00, 0x00, 0x00,
  0x38, 0x00, 0x00, 0x00, 0x00, 0x00, 0x00, 0x00, 0x00, 0x00, 0x00, 0x39,
  0x00, 0x00, 0x00, 0x00, 0x00, 0x00, 0x3b, 0x00, 0x00, 0xe5, 0x00, 0x00,
  0x00, 0x00, 0x00, 0x00, 0x00, 0xc6, 0x00, 0x00, 0x00, 0x00, 0x00, 0x00,
  0x00, 0x00, 0x00, 0x00, 0xc5, 0x00, 0xc7, 0x00, 0x00, 0x39, 0x00, 0x00,
  0x61, 0x37, 0x00, 0x00, 0x00, 0x00, 0x00, 0x00, 0x3e, 0x00, 0x00, 0x00,
  0x00, 0x00, 0x00, 0x00, 0x00, 0xc9, 0x00, 0x00, 0x00, 0x00, 0x00, 0x00,
  0x00, 0x00, 0x00, 0x00, 0x00, 0x00, 0x00, 0x00, 0x00, 0x4f, 0x00, 0x00,
  0x3b, 0xb5, 0x39, 0x00, 0x00, 0x00, 0x00, 0x00, 0xba, 0xc3, 0x00, 0x00,
  0x00, 0x00, 0x00, 0xc6, 0x00, 0xb1, 0x00, 0x00, 0x00, 0x00, 0x00, 0x00,
  0x00, 0x00, 0x30, 0x00, 0x00, 0x00, 0x00, 0x00, 0x34, 0x00, 0x00, 0xc9,
  0x00, 0x00, 0x00, 0x3f, 0x00, 0x00, 0xc2, 0x00, 0x00, 0xc3, 0x00, 0x3b,
  0x00, 0x00, 0xc3, 0x00, 0x00, 0x00, 0x00, 0x00, 0x00, 0x00, 0x00, 0x3b,
  0x00, 0x00, 0xc7, 0x00, 0x3a, 0x00, 0x00, 0x00, 0x00, 0x00, 0x00, 0x00,
  0x00, 0xcc, 0x3b, 0x00, 0x00, 0x00, 0x00, 0x00, 0x3a, 0x00, 0x00, 0xc5,
  0x00, 0x00, 0xc5, 0x00, 0x00, 0xc5, 0xcd, 0x00, 0x00, 0x00, 0x00, 0x00,
  0x00, 0x00, 0x00, 0x3e, 0x00, 0x00, 0x34, 0x00, 0x00, 0x00, 0x3b, 0x00,
  0x00, 0x00, 0x00, 0x38, 0x00, 0xc7, 0x00, 0x00, 0x00, 0xc1, 0x00, 0x00,
  0x00, 0x00, 0xb2, 0x00, 0x00, 0x00, 0x00, 0x00, 0x00, 0x00, 0x00, 0x00,
  0x00, 0x00, 0x00, 0xc4, 0x00, 0x00, 0x00, 0x00, 0xc4, 0x36, 0x00, 0x00,
  0x00, 0xb6, 0x00, 0x00, 0x00, 0x00, 0x00, 0x00, 0x00, 0x00, 0x00, 0x00,
  0x00, 0x00, 0x00, 0x35, 0x00, 0x00, 0x00, 0x00, 0x00, 0x00, 0x00, 0x00,
  0x00, 0x00, 0x00, 0x00, 0x00, 0x00, 0x00, 0x00, 0xcd, 0x00, 0x00, 0x3a,
  0x3c, 0x00, 0x00, 0x00, 0x00, 0xca, 0x00, 0x00, 0x00, 0x00, 0x00, 0x00,
  0x00, 0x00, 0xbc, 0x00, 0x00, 0x00, 0xcb, 0x00, 0xc1, 0x00, 0x00, 0x00,
  0x00, 0x00, 0x00, 0x00, 0x00, 0x00, 0x00, 0x00, 0x00, 0x00, 0xc8, 0x00,
  0xcc, 0x00, 0x00, 0xc0, 0xb5, 0xc8, 0x00, 0x00, 0x00, 0x00, 0x34, 0x00,
  0x00, 0x00, 0x00, 0xc6, 0xc3, 0x00, 0x00, 0x00, 0x00, 0x00, 0x3b, 0xc3,
  0x00, 0x00, 0x00, 0x00, 0x00, 0xc5, 0x00, 0xc9, 0xc7, 0x00, 0x00, 0x00,
  0x00, 0x00, 0x00, 0x00, 0x00, 0xcc, 0x00, 0x3d, 0x00, 0x00, 0x00, 0x00,
  0x00, 0x00, 0x00, 0x00, 0x00, 0x00, 0x00, 0x00, 0x00, 0x00, 0x00, 0x38,
  0x00, 0x45, 0x00, 0xc5, 0x00, 0x3b, 0xc7, 0x00, 0x00, 0x00, 0x00, 0x00,
  0x00, 0x33, 0xc3, 0x00, 0x00, 0x00, 0x00, 0xc9, 0x3d, 0x00, 0x00, 0x00,
  0x00, 0x00, 0x00, 0x00, 0x00, 0x00, 0x00, 0x00, 0x00, 0x00, 0x00, 0x00,
  0x00, 0x00, 0x00, 0xc6, 0x40, 0x00, 0x00, 0x4d, 0x00, 0x00, 0x00, 0x00,
  0x00, 0xc9, 0xc2, 0x00, 0x00, 0x00, 0x00, 0xc6, 0x37, 0x00, 0x00, 0x38,
  0x00, 0x00, 0x00, 0x00, 0x00, 0xc3, 0x00, 0x00, 0x00, 0x00, 0x00, 0x37,
  0x00, 0x00, 0x00, 0x00, 0x00, 0x00, 0xca, 0x00, 0x00, 0xed, 0x00, 0x00,
  0xac, 0x00, 0xc7, 0x00, 0x3a, 0x00, 0x00, 0x00, 0x00, 0x36, 0x00, 0x00,
  0x00, 0x00, 0x00, 0x00, 0x00, 0x40, 0x00, 0x39, 0x00, 0x00, 0x00, 0x00,
  0xc2, 0x4a, 0x00, 0xc7, 0x00, 0x00, 0xc7, 0x00, 0x00, 0x00, 0x00, 0x00,
  0x00, 0x00, 0x00, 0xc6, 0x00, 0x00, 0x00, 0x19, 0x00, 0x00, 0x00, 0x00,
  0x00, 0x3b, 0x57, 0x00, 0x00, 0xcd, 0x00, 0x00, 0x00, 0x00, 0xcb, 0x00,
  0x00, 0x00, 0x00, 0x00, 0x2f, 0x3c, 0x00, 0x00, 0x00, 0x00, 0x00, 0x36,
  0x00, 0xcc, 0x00, 0x00, 0x00, 0x00, 0x04, 0x00, 0x00, 0x00, 0x00, 0x00,
  0x00, 0x40, 0xc4, 0x00, 0x00, 0x00, 0x00, 0x00, 0x00, 0x00, 0x00, 0x00,
  0x38, 0x00, 0x00, 0x00, 0x00, 0x00, 0x00, 0x00, 0x00, 0x00, 0x00, 0x00,
  0x00, 0x00, 0x00, 0x00, 0x00, 0x00, 0xbf, 0x00, 0x00, 0x39, 0x00, 0x00,
  0x00, 0x00, 0x00, 0x00, 0x00, 0x00, 0x00, 0x00, 0x00, 0x00, 0x3f, 0x00,
  0xc7, 0x00, 0xb7, 0x00, 0x00, 0x00, 0xc2, 0x00, 0x00, 0x00, 0x7f, 0x00,
  0x00, 0x00, 0x00, 0x00, 0x33, 0x00, 0x00, 0x00, 0x00, 0x00, 0x00, 0x00,
  0x00, 0x00, 0x00, 0x00, 0x00, 0x00, 0x00, 0x00, 0x00, 0x40, 0x00, 0x00,
  0x00, 0x00, 0x00, 0x00, 0x00, 0x00, 0x00, 0x00, 0x00, 0x00, 0x00, 0x00,
  0x00, 0x00, 0x00, 0x00, 0x00, 0x00, 0xcc, 0x00, 0x3b, 0x00, 0x00, 0x36,
  0x00, 0x00, 0x00, 0xc4, 0x00, 0x00, 0x00, 0xcd, 0x00, 0x00, 0x00, 0x00,
  0x00, 0xca, 0x00, 0x00, 0xc9, 0x00, 0x00, 0x00, 0x00, 0x00, 0x00, 0x00,
  0x00, 0x00, 0x00, 0xca, 0xcc, 0x39, 0xc5, 0x00, 0x42, 0x00, 0xcd, 0x00,
  0x39, 0x3d, 0x42, 0xc7, 0x00, 0xd5, 0x00, 0x00, 0x33, 0x00, 0x35, 0x00,
  0x00, 0x00, 0x00, 0x35, 0x00, 0xc5, 0xc3, 0x00, 0x00, 0x00, 0x3a, 0x3d,
  0x00, 0xd4, 0x00, 0x00, 0x00, 0x00, 0x00, 0x45, 0x00, 0x00, 0x00, 0x00,
  0x37, 0x00, 0x00, 0x00, 0x00, 0x00, 0x00, 0x00, 0x00, 0x00, 0x2e, 0x00,
  0x00, 0xc8, 0x39, 0x00, 0x00, 0x00, 0x00, 0x00, 0x00, 0x00, 0xc3, 0x00,
  0x00, 0x00, 0x00, 0x00, 0x00, 0x00, 0x00, 0x00, 0x00, 0x00, 0x00, 0x00,
  0x00, 0x00, 0x00, 0x00, 0x00, 0x00, 0x00, 0x00, 0x00, 0x00, 0x00, 0x00,
  0x3c, 0x00, 0x00, 0x00, 0x00, 0x00, 0x00, 0xcd, 0x00, 0x00, 0x00, 0xaf,
  0x00, 0xc2, 0x00, 0x00, 0x00, 0x00, 0x00, 0x00, 0x00, 0x00, 0x00, 0x00,
  0x00, 0x00, 0x00, 0x00, 0x00, 0x00, 0x00, 0x00, 0x00, 0x00, 0x00, 0x00,
  0x00, 0x00, 0x00, 0x00, 0x00, 0x00, 0x00, 0xc8, 0xc6, 0x00, 0x00, 0x33,
  0x00, 0x00, 0x36, 0x00, 0x00, 0xac, 0x00, 0x00, 0x00, 0x00, 0x00, 0x00,
  0x00, 0x00, 0x00, 0x00, 0x00, 0x00, 0x00, 0x00, 0x00, 0x00, 0x00, 0x00,
  0x00, 0x00, 0x00, 0x00, 0x00, 0x00, 0x00, 0x00, 0x00, 0x00, 0x00, 0xc0,
  0x00, 0x00, 0x00, 0xc9, 0x00, 0x00, 0x00, 0x00, 0xc8, 0x00, 0x00, 0x00,
  0xc5, 0x00, 0x00, 0xc4, 0x00, 0x00, 0x00, 0x00, 0x35, 0x00, 0x00, 0x00,
  0x00, 0x00, 0x00, 0x00, 0x00, 0x00, 0xac, 0x3a, 0x00, 0xc4, 0x00, 0x00,
  0x36, 0x00, 0x00, 0xc7, 0x00, 0x00, 0x00, 0x3f, 0x00, 0xc4, 0xca, 0x00,
  0x00, 0x00, 0x00, 0x00, 0x00, 0x00, 0x00, 0x37, 0x00, 0x00, 0x00, 0x00,
  0x00, 0x00, 0xcd, 0x00, 0x00, 0x00, 0x2f, 0xbe, 0x00, 0x00, 0x00, 0x00,
  0xc6, 0x00, 0x00, 0x00, 0x38, 0x00, 0x00, 0xc8, 0x00, 0x00, 0x00, 0x00,
  0x00, 0x3f, 0xca, 0x00, 0x00, 0x00, 0xc8, 0x00, 0x00, 0xb3, 0x00, 0x00,
  0x00, 0x00, 0x00, 0x6d, 0xcb, 0x00, 0x00, 0x00, 0x00, 0x00, 0x35, 0x00,
  0x00, 0x00, 0xc3, 0x00, 0x00, 0x00, 0x00, 0xca, 0x00, 0xc5, 0x00, 0x00,
  0x00, 0x00, 0x00, 0x00, 0x39, 0x00, 0x00, 0x00, 0x00, 0xc6, 0x00, 0x00,
  0x00, 0x00, 0x00, 0x00, 0x00, 0x00, 0x00, 0x00, 0x00, 0x00, 0x00, 0x00,
  0x00, 0x00, 0x00, 0x00, 0x00, 0x00, 0x00, 0x00, 0x00, 0x00, 0x00, 0x00,
  0x00, 0x00, 0x00, 0x00, 0x00, 0x00, 0x00, 0xc3, 0x00, 0x00, 0x00, 0x00,
  0x00, 0x00, 0x00, 0x00, 0x00, 0x00, 0x00, 0x33, 0x00, 0x00, 0xcb, 0xcd,
  0x00, 0x00, 0x00, 0x00, 0x00, 0xcc, 0xc8, 0x35, 0x00, 0x00, 0x00, 0x00,
  0x00, 0x00, 0x00, 0x00, 0x00, 0x42, 0x00, 0xc9, 0xc8, 0xa8, 0x00, 0x00,
  0x00, 0x00, 0x00, 0x00, 0x00, 0x00, 0x00, 0x00, 0x00, 0x00, 0x33, 0x00,
  0x37, 0x3f, 0x00, 0x00, 0x00, 0x00, 0xa8, 0x00, 0xca, 0xa3, 0x00, 0x00,
  0x00, 0x39, 0x00, 0x00, 0xd8, 0x00, 0x00, 0x00, 0x00, 0x00, 0x00, 0x00,
  0xca, 0x00, 0x36, 0x00, 0x00, 0x00, 0x00, 0x50, 0x00, 0x00, 0x00, 0x00,
  0xa4, 0x67, 0xff, 0xff, 0x4e, 0x68, 0xff, 0xff, 0x04, 0x00, 0x00, 0x00,
  0x00, 0x01, 0x00, 0x00, 0x1b, 0xfe, 0xff, 0xff, 0x2d, 0xfe, 0xff, 0xff,
  0x91, 0xfd, 0xff, 0xff, 0xe7, 0x0b, 0x00, 0x00, 0x52, 0xfe, 0xff, 0xff,
  0x96, 0xfe, 0xff, 0xff, 0x60, 0x0a, 0x00, 0x00, 0xc2, 0xfd, 0xff, 0xff,
  0xe2, 0xfd, 0xff, 0xff, 0xde, 0xfd, 0xff, 0xff, 0x59, 0xec, 0xff, 0xff,
  0x73, 0xfe, 0xff, 0xff, 0x00, 0x00, 0x00, 0x00, 0x34, 0x16, 0x00, 0x00,
  0x94, 0xf7, 0xff, 0xff, 0x3f, 0xf1, 0xff, 0xff, 0x10, 0xfe, 0xff, 0xff,
  0x7c, 0x0a, 0x00, 0x00, 0x1d, 0xf8, 0xff, 0xff, 0x94, 0xfd, 0xff, 0xff,
  0xd3, 0xfd, 0xff, 0xff, 0x00, 0x00, 0x00, 0x00, 0xb1, 0xfd, 0xff, 0xff,
  0xf9, 0xfb, 0xff, 0xff, 0x20, 0x06, 0x00, 0x00, 0x53, 0xfd, 0xff, 0xff,
  0xb6, 0xfe, 0xff, 0xff, 0x69, 0xfd, 0xff, 0xff, 0xe4, 0xfa, 0xff, 0xff,
  0xb5, 0xfe, 0xff, 0xff, 0x1b, 0xfd, 0xff, 0xff, 0x54, 0xfe, 0xff, 0xff,
  0x21, 0xff, 0xff, 0xff, 0x0d, 0xff, 0xff, 0xff, 0x25, 0x15, 0x00, 0x00,
  0x33, 0x0c, 0x00, 0x00, 0x82, 0xfc, 0xff, 0xff, 0xc3, 0x0d, 0x00, 0x00,
  0xd1, 0xfc, 0xff, 0xff, 0x8d, 0x0a, 0x00, 0x00, 0x0f, 0xfd, 0xff, 0xff,
  0x6f, 0xfd, 0xff, 0xff, 0xd2, 0x01, 0x00, 0x00, 0xa6, 0xfe, 0xff, 0xff,
  0x56, 0x06, 0x00, 0x00, 0xbe, 0xfd, 0xff, 0xff, 0x20, 0xfe, 0xff, 0xff,
  0x4e, 0xfa, 0xff, 0xff, 0x78, 0xfe, 0xff, 0xff, 0x24, 0xfe, 0xff, 0xff,
  0x61, 0xfd, 0xff, 0xff, 0xc6, 0xfc, 0xff, 0xff, 0xee, 0xfd, 0xff, 0xff,
  0x1a, 0x00, 0x00, 0x00, 0x0d, 0xfd, 0xff, 0xff, 0x00, 0xfe, 0xff, 0xff,
  0xd1, 0x07, 0x00, 0x00, 0x97, 0xfd, 0xff, 0xff, 0xcf, 0xfd, 0xff, 0xff,
  0x90, 0xf9, 0xff, 0xff, 0x12, 0xfe, 0xff, 0xff, 0xd7, 0xfc, 0xff, 0xff,
  0xf7, 0xf8, 0xff, 0xff, 0xf1, 0xfc, 0xff, 0xff, 0x5a, 0x69, 0xff, 0xff,
  0x04, 0x00, 0x00, 0x00, 0x00, 0x96, 0x00, 0x00, 0x00, 0x00, 0x00, 0x00,
  0x00, 0x00, 0x00, 0x00, 0x1f, 0x00, 0x00, 0x00, 0x00, 0x00, 0x00, 0x00,
  0x00, 0x00, 0x00, 0x00, 0xe0, 0x00, 0xdd, 0x00, 0x00, 0x00, 0x00, 0x00,
  0x00, 0x00, 0x00, 0x00, 0x00, 0x00, 0x00, 0x00, 0x00, 0x00, 0xdf, 0x00,
  0x00, 0x00, 0x00, 0x00, 0x00, 0x00, 0x00, 0x00, 0xdd, 0x1e, 0x00, 0x00,
  0xdd, 0x00, 0x00, 0x1e, 0x00, 0x00, 0xde, 0x00, 0x00, 0x00, 0x00, 0x00,
  0x00, 0x00, 0x00, 0x00, 0x00, 0x00, 0x00, 0x00, 0x00, 0x00, 0x00, 0x00,
  0x00, 0x21, 0x00, 0x00, 0x00, 0x00, 0x00, 0x00, 0x00, 0x00, 0x00, 0x00,
  0x00, 0xdc, 0x00, 0xe2, 0x00, 0x00, 0x00, 0x00, 0x00, 0x00, 0x00, 0x00,
  0x00, 0x00, 0x00, 0xe0, 0x00, 0x1c, 0x00, 0x00, 0x00, 0xde, 0x1c, 0x00,
  0xe3, 0x20, 0x00, 0x00, 0x00, 0xde, 0x00, 0x00, 0x00, 0x00, 0x00, 0x00,
  0x00, 0xe2, 0x00, 0x00, 0x00, 0x1f, 0x00, 0x1b, 0x00, 0x00, 0xdd, 0x00,
  0xe0, 0x00, 0x00, 0x00, 0x00, 0x00, 0x00, 0x00, 0x00, 0x00, 0x00, 0x00,
  0x00, 0x00, 0x00, 0x00, 0x1c, 0x00, 0x00, 0x00, 0x00, 0x00, 0x00, 0x00,
  0x00, 0xe4, 0x00, 0x00, 0x00, 0x00, 0x00, 0x1e, 0x00, 0x00, 0x00, 0x00,
  0x00, 0x00, 0x00, 0x00, 0x1e, 0x00, 0x00, 0x20, 0x00, 0x00, 0x00, 0x00,
  0xe4, 0x00, 0x00, 0x1e, 0x00, 0x00, 0x00, 0x00, 0x00, 0x00, 0xe0, 0x00,
  0x00, 0x00, 0x00, 0x00, 0x00, 0x00, 0x00, 0x00, 0x00, 0x00, 0x00, 0x00,
  0xe1, 0x00, 0x00, 0x00, 0xdc, 0x00, 0x00, 0x00, 0x00, 0x00, 0x00, 0x00,
  0x00, 0x00, 0xe4, 0x00, 0x00, 0x00, 0x00, 0xe2, 0x00, 0x00, 0x00, 0x00,
  0xdf, 0x00, 0x00, 0x00, 0x00, 0x00, 0x00, 0x00, 0x00, 0x00, 0x00, 0xe3,
  0x00, 0x00, 0x20, 0x00, 0x00, 0x00, 0x00, 0x00, 0x00, 0x00, 0x00, 0x00,
  0x00, 0x00, 0x00, 0x00, 0x00, 0x00, 0x00, 0x00, 0x00, 0x00, 0x00, 0x00,
  0x00, 0x00, 0x00, 0x00, 0x00, 0x00, 0x00, 0x00, 0xe1, 0x00, 0x00, 0x00,
  0x00, 0x00, 0x00, 0x00, 0x00, 0x00, 0x00, 0x1e, 0x00, 0xe0, 0x00, 0x00,
  0x00, 0x00, 0x00, 0xe0, 0x00, 0x00, 0x00, 0x00, 0xdc, 0x00, 0x00, 0x00,
  0x00, 0x00, 0x00, 0x00, 0x1c, 0x00, 0xe2, 0x00, 0x00, 0x00, 0x00, 0x00,
  0x00, 0x1e, 0x00, 0x00, 0x00, 0x00, 0x00, 0x00, 0x00, 0x00, 0x00, 0x00,
  0xde, 0x00, 0x00, 0x00, 0xe0, 0xdd, 0x1d, 0x00, 0x00, 0x00, 0x00, 0x00,
  0x00, 0x00, 0x00, 0x00, 0x00, 0x00, 0x00, 0x00, 0xe3, 0x1d, 0x00, 0x00,
  0x00, 0x00, 0x00, 0x00, 0xe5, 0xe1, 0x00, 0x00, 0x00, 0x00, 0xdf, 0x00,
  0x00, 0x00, 0x00, 0x00, 0x1c, 0x00, 0x00, 0x00, 0x00, 0x00, 0x00, 0x00,
  0x00, 0xdd, 0x00, 0x20, 0x00, 0xdf, 0x00, 0x00, 0x00, 0x00, 0x00, 0x00,
  0x00, 0xe1, 0x00, 0x00, 0x00, 0x00, 0x00, 0x00, 0x00, 0x00, 0x00, 0x00,
  0x00, 0x00, 0x00, 0x00, 0x00, 0x20, 0x00, 0x00, 0x00, 0xe5, 0x00, 0x00,
  0x00, 0x00, 0x00, 0x00, 0x00, 0x00, 0x00, 0x00, 0xe0, 0x00, 0x00, 0x00,
  0x00, 0x1f, 0x00, 0x00, 0x00, 0x00, 0x00, 0x00, 0xe1, 0xe4, 0x00, 0x00,
  0x00, 0xde, 0x00, 0x00, 0x00, 0x00, 0x1d, 0x00, 0xe3, 0xde, 0x00, 0x00,
  0x00, 0xe5, 0x00, 0x00, 0x1c, 0xe4, 0x00, 0x00, 0x1f, 0x00, 0x00, 0x00,
  0x00, 0xdc, 0x00, 0x00, 0x00, 0x00, 0x1f, 0xe0, 0xdd, 0x00, 0x00, 0xde,
  0x00, 0x00, 0x00, 0x00, 0x00, 0x00, 0x00, 0x00, 0x00, 0x00, 0x00, 0x1e,
  0x00, 0xdf, 0x00, 0xe4, 0xdf, 0x00, 0x00, 0x00, 0x00, 0x00, 0xdc, 0x00,
  0x00, 0x1d, 0x00, 0x00, 0xe0, 0x00, 0xdf, 0x00, 0xde, 0x00, 0x00, 0xe3,
  0xe5, 0x00, 0x00, 0x00, 0xe2, 0x1f, 0x00, 0x00, 0xdf, 0x00, 0x00, 0x00,
  0x00, 0xdf, 0x00, 0x00, 0x00, 0x20, 0x00, 0x20, 0x00, 0x00, 0x00, 0x00,
  0x00, 0x00, 0x00, 0x00, 0x00, 0x00, 0x00, 0x00, 0x00, 0x00, 0xde, 0x00,
  0x00, 0x1d, 0x00, 0x00, 0x00, 0x00, 0x00, 0x00, 0x00, 0x00, 0x00, 0x00,
  0x00, 0x00, 0x00, 0x00, 0x1d, 0x00, 0x1e, 0x00, 0xdd, 0x00, 0x00, 0x00,
  0x1f, 0x00, 0x00, 0x00, 0x00, 0x00, 0x00, 0xe4, 0x1c, 0x00, 0x00, 0x00,
  0x00, 0x00, 0x00, 0x00, 0xe4, 0x00, 0xdd, 0x00, 0x00, 0xe4, 0x00, 0x00,
  0x00, 0x00, 0x00, 0x00, 0x00, 0x00, 0x00, 0x00, 0xe1, 0xdd, 0x00, 0x00,
  0x00, 0xde, 0x00, 0x00, 0xe4, 0x00, 0x00, 0x00, 0x00, 0x00, 0x00, 0x00,
  0x00, 0xe1, 0x00, 0x00, 0x00, 0x00, 0x00, 0x00, 0x1c, 0x00, 0x00, 0xe3,
  0x00, 0x1e, 0x00, 0x00, 0x1c, 0x00, 0x00, 0xe0, 0xdc, 0xe2, 0x00, 0x00,
  0x00, 0x00, 0x00, 0x00, 0x00, 0x00, 0x00, 0x1c, 0x00, 0x00, 0x00, 0x00,
  0x00, 0x00, 0x00, 0x00, 0x00, 0x1c, 0x20, 0x00, 0x00, 0x00, 0x00, 0xe0,
  0x00, 0x00, 0xdd, 0x00, 0x00, 0x00, 0x00, 0x00, 0x00, 0xe3, 0x00, 0x00,
  0x00, 0x00, 0x00, 0x00, 0x00, 0x00, 0x00, 0x00, 0x00, 0x00, 0xe0, 0x00,
  0xe0, 0x00, 0x00, 0x00, 0x00, 0x00, 0x1e, 0x00, 0x00, 0x00, 0x00, 0x1c,
  0x00, 0x1d, 0x00, 0x00, 0x00, 0x00, 0x00, 0x1c, 0x00, 0x00, 0x00, 0xe0,
  0xdd, 0x00, 0x00, 0x00, 0x00, 0x00, 0x00, 0x00, 0x00, 0x00, 0x00, 0x00,
  0x00, 0x00, 0x00, 0x00, 0x00, 0x00, 0x00, 0x00, 0x00, 0x1e, 0xdc, 0x00,
  0x00, 0x00, 0x00, 0x00, 0x00, 0x00, 0xdc, 0x00, 0x20, 0x00, 0x00, 0x00,
  0x00, 0x00, 0x00, 0x00, 0x00, 0x1e, 0xe2, 0x00, 0x00, 0x00, 0x00, 0xe1,
  0x00, 0x00, 0x00, 0x00, 0x00, 0xe2, 0x00, 0x00, 0xe2, 0x00, 0x00, 0xdc,
  0xe1, 0xe0, 0x00, 0x00, 0x00, 0x00, 0x00, 0xdd, 0x00, 0x00, 0x1e, 0xe2,
  0x00, 0x00, 0x00, 0x00, 0x00, 0xdc, 0x00, 0x00, 0x00, 0x00, 0x00, 0x00,
  0x1d, 0x00, 0x00, 0x00, 0x00, 0x00, 0x20, 0x00, 0x00, 0x00, 0x1c, 0x00,
  0x00, 0x00, 0x00, 0x00, 0x00, 0x00, 0xe4, 0xe0, 0xe1, 0x00, 0xdd, 0xe4,
  0x00, 0x00, 0x00, 0x00, 0x00, 0x00, 0x00, 0x00, 0x1f, 0x00, 0x00, 0x00,
  0x1c, 0x00, 0x00, 0x00, 0xe2, 0x00, 0x00, 0x00, 0x00, 0x1d, 0x00, 0x00,
  0x00, 0x00, 0x00, 0xdd, 0x00, 0x00, 0x00, 0x00, 0x00, 0x00, 0x00, 0x00,
  0x00, 0x00, 0x00, 0x00, 0x1e, 0x00, 0x00, 0x00, 0x00, 0x00, 0xe1, 0x00,
  0x00, 0x00, 0x00, 0x00, 0x00, 0x00, 0x00, 0x1e, 0x00, 0x20, 0x00, 0x00,
  0x1c, 0xe2, 0x00, 0x00, 0x00, 0x00, 0x00, 0x00, 0xdf, 0x00, 0x00, 0x00,
  0x00, 0x00, 0x00, 0xdf, 0x00, 0x00, 0x1e, 0x00, 0x00, 0xdc, 0x00, 0x1f,
  0x00, 0x00, 0x00, 0x00, 0x00, 0x00, 0x00, 0xe2, 0x00, 0x00, 0xe0, 0x00,
  0x00, 0x00, 0x00, 0x00, 0x00, 0x00, 0xdf, 0xdf, 0x00, 0x00, 0x00, 0x00,
  0x00, 0x00, 0x00, 0x00, 0x1e, 0x00, 0x1b, 0x00, 0x00, 0x00, 0x00, 0xdd,
  0x1c, 0x00, 0x1c, 0x00, 0x00, 0x00, 0x00, 0x00, 0x00, 0x00, 0x00, 0x00,
  0x00, 0x00, 0x00, 0x00, 0xde, 0x00, 0x00, 0x1d, 0xdc, 0x00, 0x00, 0x00,
  0x00, 0x1f, 0x1d, 0x00, 0x00, 0x00, 0xdd, 0x00, 0x00, 0x00, 0x00, 0x00,
  0x00, 0x00, 0x00, 0x00, 0x00, 0x00, 0xe1, 0x00, 0x00, 0x00, 0x00, 0x00,
  0xe2, 0x20, 0x00, 0x00, 0x00, 0x00, 0x00, 0x00, 0x00, 0x00, 0x00, 0x00,
  0x00, 0x00, 0x00, 0x00, 0xe3, 0xe4, 0x00, 0x00, 0xde, 0x00, 0x00, 0x00,
  0xe3, 0x00, 0x00, 0x00, 0x00, 0x00, 0x00, 0x00, 0x00, 0x00, 0x00, 0xdd,
  0xdc, 0x00, 0x00, 0x1d, 0x00, 0x00, 0x00, 0x00, 0x00, 0xdc, 0x00, 0x00,
  0x00, 0xdb, 0x00, 0x00, 0x00, 0xdc, 0x00, 0x00, 0x00, 0x00, 0x00, 0x00,
  0x00, 0x00, 0x00, 0x00, 0x00, 0x00, 0x00, 0x00, 0x00, 0x00, 0x00, 0xdd,
  0x00, 0x00, 0x00, 0x00, 0xdf, 0x00, 0x1d, 0x1e, 0x1c, 0x00, 0x00, 0x00,
  0x1d, 0x00, 0x00, 0x00, 0x1e, 0x00, 0x00, 0x00, 0x00, 0x00, 0x00, 0x00,
  0x1e, 0xde, 0x00, 0x00, 0x00, 0x00, 0x00, 0xe5, 0x00, 0x00, 0xe2, 0x00,
  0x00, 0x00, 0x00, 0x00, 0x00, 0x00, 0x1f, 0x00, 0x00, 0x00, 0x00, 0x00,
  0x00, 0x00, 0x1b, 0xe5, 0x00, 0x00, 0x00, 0x20, 0x21, 0x00, 0x00, 0xe4,
  0x00, 0x00, 0x00, 0x00, 0x00, 0x00, 0x00, 0x00, 0x00, 0x00, 0x00, 0x00,
  0x00, 0x00, 0x00, 0x00, 0x00, 0x00, 0x00, 0x00, 0x00, 0xe3, 0x00, 0x00,
  0x1e, 0x00, 0x00, 0x00, 0x00, 0x00, 0x00, 0x00, 0x00, 0x00, 0xe2, 0xe2,
  0x00, 0x00, 0x00, 0x00, 0x00, 0x00, 0x00, 0x00, 0xe2, 0x00, 0x00, 0x00,
  0x00, 0x00, 0xdd, 0x00, 0x00, 0x20, 0x00, 0x00, 0x00, 0xe5, 0x00, 0x00,
  0x00, 0x00, 0x00, 0xdb, 0x00, 0x00, 0x00, 0x00, 0x00, 0x1e, 0x00, 0x00,
  0x00, 0x00, 0x00, 0x00, 0x00, 0x00, 0x00, 0x00, 0x00, 0x00, 0xe2, 0x00,
  0xdf, 0x00, 0x00, 0x00, 0x00, 0x1d, 0x00, 0x00, 0xe0, 0xe0, 0x00, 0xe4,
  0x00, 0x00, 0x1c, 0x00, 0x00, 0x00, 0x00, 0xe1, 0x00, 0x00, 0x00, 0x1c,
  0x00, 0x00, 0x00, 0x00, 0x00, 0xe0, 0x00, 0x00, 0x00, 0xdf, 0x00, 0x00,
  0x00, 0x1e, 0xde, 0x00, 0xdd, 0xe3, 0xe5, 0x00, 0x00, 0xe4, 0x00, 0x00,
  0x00, 0x00, 0xe0, 0x00, 0x1c, 0x1d, 0x00, 0x00, 0x00, 0x00, 0xe0, 0x00,
  0x00, 0x00, 0x00, 0x00, 0x1e, 0xdf, 0xdf, 0xe1, 0x00, 0xe0, 0x00, 0x00,
  0x00, 0x00, 0x00, 0x00, 0xe2, 0x00, 0x00, 0x00, 0xdb, 0xe3, 0x00, 0x00,
  0x00, 0x00, 0x00, 0xdf, 0xdc, 0x00, 0x00, 0x00, 0x00, 0x00, 0x00, 0x00,
  0x00, 0x1e, 0xdd, 0x00, 0x00, 0xde, 0xe5, 0xde, 0x00, 0xe0, 0x00, 0xdf,
  0x00, 0x00, 0x00, 0x00, 0xe3, 0x00, 0x00, 0x00, 0x00, 0x00, 0x00, 0x00,
  0x00, 0x00, 0x00, 0x00, 0x00, 0x00, 0x00, 0xe2, 0x00, 0xe4, 0x00, 0x00,
  0xde, 0x00, 0x00, 0x00, 0xdf, 0x00, 0x00, 0x00, 0x00, 0x00, 0x00, 0x00,
  0x00, 0x00, 0x00, 0xde, 0xe3, 0x00, 0x00, 0x00, 0x00, 0x00, 0x00, 0x00,
  0x00, 0x00, 0x00, 0x1d, 0x00, 0x00, 0x1e, 0x00, 0x00, 0x00, 0x00, 0x00,
  0x00, 0x00, 0xdf, 0x00, 0x00, 0x00, 0xe0, 0x1d, 0x00, 0x00, 0x00, 0x00,
  0x00, 0x1f, 0x1d, 0x00, 0x00, 0x00, 0xe2, 0x1e, 0x00, 0x00, 0x00, 0xdf,
  0x00, 0x00, 0x00, 0x00, 0x00, 0x1c, 0x00, 0x00, 0x00, 0x00, 0xde, 0x00,
  0xdf, 0x20, 0x00, 0x00, 0x00, 0x00, 0x00, 0x00, 0x20, 0x00, 0x00, 0x00,
  0x00, 0xdf, 0x00, 0x00, 0x00, 0x00, 0x00, 0x00, 0xdf, 0x1f, 0x00, 0x00,
  0x00, 0x00, 0x00, 0x00, 0x00, 0x00, 0x00, 0x00, 0x00, 0x00, 0x00, 0x00,
  0x00, 0x00, 0xe2, 0x00, 0x00, 0x00, 0x00, 0x00, 0x00, 0x00, 0x00, 0x00,
  0x00, 0x00, 0x00, 0x00, 0x00, 0x1f, 0x00, 0xe3, 0x00, 0xdc, 0x00, 0x00,
  0x00, 0x00, 0x00, 0x1c, 0x1d, 0x00, 0x00, 0x00, 0x00, 0x00, 0xe1, 0xdb,
  0x00, 0x00, 0x00, 0x00, 0x00, 0x00, 0x00, 0x1e, 0x00, 0x00, 0x00, 0xe5,
  0x1f, 0x00, 0x00, 0x00, 0x00, 0x00, 0x00, 0x00, 0x00, 0x00, 0x00, 0x00,
  0x00, 0x00, 0x00, 0x00, 0x00, 0x00, 0x00, 0x00, 0x00, 0x00, 0x00, 0x00,
  0x00, 0x00, 0x1e, 0xdc, 0x00, 0x00, 0x00, 0x00, 0x00, 0x00, 0x00, 0x00,
  0xe1, 0x00, 0x1e, 0x00, 0xe0, 0x00, 0x00, 0x00, 0x00, 0x00, 0x00, 0xde,
  0x00, 0x00, 0x00, 0x00, 0x00, 0x00, 0x00, 0x00, 0x00, 0xe1, 0x00, 0x00,
  0x00, 0xe4, 0x00, 0x1c, 0x00, 0x00, 0xe2, 0x00, 0x00, 0x00, 0x00, 0x00,
  0x00, 0x00, 0x00, 0xe5, 0x00, 0x00, 0x1e, 0x00, 0x00, 0x1d, 0x00, 0x00,
  0xdd, 0x00, 0x00, 0x00, 0x00, 0x20, 0x00, 0x00, 0x00, 0x00, 0x00, 0x00,
  0x1c, 0x00, 0x00, 0x00, 0x00, 0x00, 0x00, 0x00, 0x00, 0x00, 0x00, 0x00,
  0x00, 0x00, 0x00, 0x00, 0x00, 0x00, 0x00, 0x00, 0x00, 0x00, 0x00, 0x1d,
  0x00, 0x00, 0x00, 0x00, 0x00, 0x00, 0x00, 0x00, 0x00, 0xe0, 0x00, 0x00,
  0x00, 0x00, 0x00, 0x00, 0x00, 0x00, 0x00, 0xdd, 0x00, 0x00, 0x00, 0x00,
  0x00, 0x00, 0x00, 0xde, 0x00, 0x00, 0x00, 0xdd, 0xe3, 0x1c, 0x00, 0x1e,
  0xdd, 0x00, 0x00, 0x00, 0x00, 0x00, 0x00, 0x00, 0x00, 0x00, 0x00, 0x00,
  0xdd, 0x00, 0x00, 0x00, 0x00, 0x00, 0x1e, 0x00, 0x00, 0x00, 0x00, 0x00,
  0x00, 0x1d, 0x00, 0xe3, 0xe0, 0x00, 0x00, 0x00, 0xe3, 0x00, 0x00, 0x00,
  0x00, 0x00, 0x00, 0x00, 0x00, 0x1d, 0x00, 0x00, 0xe1, 0x00, 0xdd, 0x00,
  0xe4, 0x1c, 0x00, 0x00, 0x00, 0x00, 0xe4, 0x00, 0x00, 0x00, 0x00, 0x00,
  0x00, 0x1f, 0xe0, 0x20, 0x00, 0x00, 0x00, 0x00, 0x1e, 0x00, 0x00, 0x00,
  0x00, 0x00, 0x00, 0xe2, 0xe0, 0xe0, 0x00, 0x00, 0xe3, 0x00, 0xde, 0x00,
  0x00, 0x00, 0x00, 0x00, 0x00, 0x00, 0xdd, 0x1f, 0x00, 0xe4, 0x00, 0x00,
  0x00, 0xdd, 0x00, 0x00, 0x00, 0x00, 0xe2, 0x00, 0x00, 0x00, 0x00, 0xe5,
  0x00, 0x00, 0x00, 0x00, 0x00, 0xe2, 0x00, 0x00, 0x20, 0x00, 0xe0, 0x00,
  0x00, 0x00, 0xe3, 0x00, 0x1e, 0x00, 0x00, 0x00, 0x00, 0x00, 0x00, 0x00,
  0x00, 0x00, 0x1d, 0x00, 0x00, 0x00, 0x00, 0xdc, 0x00, 0x00, 0x00, 0xe3,
  0x00, 0x00, 0x00, 0x00, 0xe1, 0xe4, 0x00, 0x00, 0x00, 0x00, 0x00, 0x00,
  0x00, 0x00, 0x00, 0x00, 0x00, 0x00, 0x00, 0x00, 0x00, 0x00, 0x00, 0x00,
  0x5b, 0xe2, 0x00, 0x00, 0x00, 0x00, 0x00, 0xe0, 0x00, 0x00, 0x00, 0x00,
  0x00, 0x00, 0x00, 0x00, 0x00, 0x00, 0x48, 0x00, 0x00, 0x00, 0x00, 0x00,
  0x00, 0x2e, 0x00, 0x00, 0x00, 0x00, 0x47, 0x00, 0x00, 0x00, 0x00, 0x00,
  0x00, 0x00, 0x00, 0x00, 0x00, 0x00, 0x4c, 0x00, 0x00, 0x00, 0x00, 0x00,
  0x4d, 0x00, 0x00, 0x00, 0x00, 0x00, 0x00, 0x00, 0x00, 0x00, 0x00, 0x00,
  0x58, 0x00, 0x00, 0x00, 0x00, 0x00, 0x53, 0x00, 0x00, 0x00, 0x00, 0x00,
  0x00, 0x00, 0x00, 0x39, 0xe0, 0x00, 0x00, 0x00, 0x00, 0x00, 0x00, 0x00,
  0x00, 0x00, 0x00, 0x38, 0x00, 0x48, 0x00, 0x00, 0x00, 0x00, 0x00, 0x00,
  0x00, 0x00, 0x00, 0x00, 0x00, 0x00, 0x00, 0x00, 0x00, 0x00, 0x00, 0x00,
  0x00, 0x00, 0x00, 0x00, 0x00, 0x48, 0x00, 0x00, 0x00, 0x00, 0x00, 0x00,
  0x00, 0x00, 0x00, 0x00, 0x00, 0x3b, 0x00, 0xd5, 0x00, 0x00, 0x00, 0x00,
  0x00, 0x00, 0x00, 0x00, 0x00, 0x41, 0x00, 0x00, 0x00, 0x00, 0x00, 0x00,
  0x55, 0x00, 0x00, 0x00, 0x00, 0x00, 0x00, 0x00, 0x00, 0x00, 0x00, 0x00,
  0x4e, 0x00, 0x00, 0x00, 0x00, 0x00, 0x00, 0xd7, 0x00, 0x00, 0x32, 0x00,
  0x00, 0xd8, 0x00, 0x00, 0x33, 0x00, 0x5c, 0x00, 0x00, 0x00, 0x00, 0x00,
  0x47, 0x00, 0x00, 0x00, 0x00, 0x00, 0x00, 0xc6, 0x00, 0x00, 0x00, 0x00,
  0x00, 0xca, 0x00, 0x00, 0x22, 0xfa, 0x59, 0xbb, 0x00, 0x00, 0x26, 0xef,
  0x5e, 0xc3, 0x00, 0x00, 0x2e, 0x00, 0x46, 0x00, 0x00, 0x00, 0x33, 0x00,
  0x42, 0xbc, 0x00, 0x00, 0x28, 0x00, 0x64, 0xce, 0x00, 0x00, 0x00, 0x00,
  0x4f, 0xc3, 0x00, 0x00, 0x00, 0x00, 0x4e, 0x00, 0x00, 0x00, 0x00, 0x00,
  0x00, 0xed, 0x00, 0x00, 0x00, 0x00, 0x57, 0xe7, 0x00, 0x00, 0x00, 0x00,
  0x5a, 0xd0, 0x00, 0x00, 0x00, 0x00, 0x00, 0xd7, 0x00, 0x00, 0x00, 0x00,
  0x4d, 0xec, 0x00, 0x00, 0x00, 0x00, 0x00, 0x00, 0x00, 0x00, 0x00, 0x00,
  0x48, 0x00, 0x00, 0x00, 0x00, 0x00, 0x48, 0x00, 0x00, 0x00, 0x00, 0x00,
  0x00, 0x00, 0x00, 0x00, 0x00, 0x00, 0x3a, 0xea, 0x00, 0x00, 0xef, 0x00,
  0x33, 0x00, 0x00, 0x00, 0x00, 0x00, 0x00, 0xf9, 0x00, 0x00, 0xdc, 0x00,
  0x00, 0x00, 0x00, 0x00, 0xe1, 0x00, 0x00, 0x00, 0x00, 0x00, 0x00, 0x00,
  0x00, 0x00, 0x00, 0x00, 0x00, 0x00, 0x00, 0x00, 0x00, 0x00, 0x00, 0x00,
  0x00, 0x00, 0x00, 0x00, 0x00, 0x00, 0x00, 0x00, 0x00, 0x00, 0x00, 0x00,
  0x00, 0x00, 0x00, 0x00, 0x00, 0x00, 0x00, 0x00, 0x00, 0x00, 0x00, 0x00,
  0x00, 0x00, 0x00, 0x00, 0x00, 0x00, 0x00, 0x00, 0x00, 0x00, 0x00, 0x00,
  0x2f, 0x00, 0x00, 0x00, 0x00, 0x00, 0x00, 0x00, 0x00, 0x00, 0x00, 0xe6,
  0x00, 0x00, 0x00, 0x00, 0x00, 0x00, 0x00, 0x00, 0x00, 0x00, 0x00, 0xe9,
  0x00, 0x00, 0x00, 0x00, 0x00, 0x00, 0x00, 0x00, 0x00, 0x00, 0x00, 0x00,
  0x00, 0x00, 0x00, 0x00, 0x00, 0x00, 0x26, 0x00, 0x00, 0x00, 0x00, 0x00,
  0x00, 0xf8, 0x00, 0x00, 0x00, 0x00, 0x00, 0x00, 0x00, 0x00, 0x00, 0x00,
  0x2c, 0x00, 0x00, 0x00, 0x00, 0x00, 0x30, 0x00, 0x00, 0x00, 0x00, 0x00,
  0x33, 0x00, 0x00, 0x00, 0x00, 0xe1, 0x30, 0x00, 0x00, 0x00, 0x00, 0x00,
  0x00, 0xef, 0x00, 0x00, 0x00, 0x00, 0x00, 0x00, 0x00, 0x00, 0x00, 0x00,
  0x00, 0xe0, 0x00, 0x00, 0x00, 0x00, 0x00, 0x00, 0x00, 0x00, 0x00, 0xe8,
  0x00, 0xdf, 0x00, 0x00, 0x00, 0x00, 0x00, 0xdc, 0x00, 0x00, 0x00, 0x00,
  0x35, 0xe2, 0x00, 0x00, 0x00, 0x00, 0x00, 0x00, 0x00, 0x00, 0x00, 0x00,
  0x42, 0x00, 0x00, 0x00, 0x00, 0x00, 0x00, 0x00, 0x00, 0x00, 0x00, 0x00,
  0x42, 0x00, 0x00, 0x00, 0x00, 0x00, 0x00, 0x00, 0x00, 0x00, 0x00, 0x00,
  0x00, 0xcf, 0x00, 0x00, 0x00, 0xe4, 0x00, 0xd0, 0x00, 0x00, 0x00, 0x00,
  0x00, 0xda, 0x00, 0x00, 0x00, 0x00, 0x00, 0xc6, 0x00, 0x00, 0x00, 0x00,
  0x4e, 0xb2, 0x00, 0x00, 0x00, 0x00, 0x45, 0xba, 0x00, 0x00, 0x00, 0x00,
  0x00, 0xba, 0x00, 0x00, 0x00, 0x00, 0x5a, 0xd1, 0x00, 0x00, 0x00, 0xdc,
  0x5b, 0xc1, 0x00, 0x00, 0x00, 0x00, 0x00, 0xbf, 0x00, 0x00, 0x00, 0x00,
  0x00, 0x00, 0x00, 0x00, 0x00, 0xdc, 0x1e, 0x00, 0xde, 0x00, 0x00, 0xe2,
  0x1f, 0x00, 0x1d, 0xdf, 0x00, 0x00, 0x1d, 0x00, 0xde, 0x00, 0x00, 0xe2,
  0x00, 0x00, 0x1e, 0x00, 0x00, 0xe0, 0x00, 0x00, 0x00, 0x00, 0x00, 0x00,
  0x00, 0xe3, 0x1c, 0x00, 0x00, 0x00, 0x00, 0x00, 0xdc, 0x00, 0xde, 0x00,
  0x00, 0x00, 0x00, 0x00, 0x1c, 0x00, 0xe1, 0x20, 0x00, 0x00, 0xe3, 0x00,
  0x00, 0x00, 0xe0, 0x00, 0x00, 0x00, 0x00, 0x00, 0x00, 0x00, 0x00, 0x00,
  0x1d, 0x1d, 0x00, 0x00, 0x00, 0x00, 0x00, 0xde, 0x00, 0x00, 0x00, 0x00,
  0x00, 0x1e, 0x00, 0x00, 0x00, 0x00, 0x00, 0x00, 0x00, 0x00, 0x20, 0x00,
  0x00, 0x00, 0x00, 0xe4, 0x00, 0x00, 0x00, 0x00, 0x20, 0x00, 0x00, 0x00,
  0xdd, 0x00, 0x00, 0x00, 0x20, 0x00, 0x21, 0xdf, 0x00, 0xdf, 0xe2, 0x00,
  0x1d, 0x00, 0x00, 0x00, 0x00, 0x00, 0xe1, 0x00, 0x00, 0x00, 0x00, 0x00,
  0x00, 0x00, 0xe3, 0x00, 0x00, 0x00, 0x00, 0x00, 0x00, 0x00, 0x00, 0x00,
  0x00, 0xe1, 0x00, 0x00, 0x00, 0x00, 0x00, 0x00, 0x00, 0x00, 0x00, 0x00,
  0x00, 0x00, 0x00, 0x00, 0x00, 0x00, 0xe4, 0x00, 0x00, 0x00, 0x00, 0x00,
  0x00, 0x00, 0x00, 0x00, 0x1e, 0xdf, 0x00, 0x00, 0x00, 0x00, 0x1d, 0x00,
  0x00, 0xe4, 0xdf, 0xe2, 0x00, 0x00, 0x00, 0x00, 0x00, 0x00, 0x00, 0x00,
  0xe3, 0x00, 0x00, 0x00, 0x00, 0x20, 0x00, 0x1f, 0x00, 0x00, 0x00, 0x00,
  0x00, 0xe5, 0x00, 0xe1, 0x00, 0x00, 0x00, 0xe5, 0x00, 0x00, 0xe5, 0xdc,
  0xde, 0x00, 0x00, 0x00, 0xe2, 0x00, 0x00, 0x00, 0x00, 0x00, 0x00, 0x00,
  0x00, 0x00, 0x00, 0xe4, 0x00, 0x00, 0x00, 0x00, 0x1c, 0x00, 0x00, 0x00,
  0x00, 0x00, 0xe0, 0x00, 0x00, 0x00, 0x00, 0x20, 0xe3, 0x00, 0x00, 0xde,
  0xe1, 0x00, 0x00, 0x00, 0xe3, 0x00, 0x00, 0x00, 0x00, 0x00, 0x00, 0x1d,
  0xe2, 0x00, 0x00, 0x00, 0x00, 0x00, 0x00, 0x00, 0x00, 0x00, 0x00, 0x00,
  0x00, 0x1e, 0x00, 0x00, 0x00, 0x00, 0x00, 0x00, 0x00, 0xe2, 0x00, 0x00,
  0x1c, 0xde, 0x00, 0x00, 0xe3, 0xe4, 0x00, 0x00, 0x00, 0x00, 0x1f, 0x00,
  0x00, 0x00, 0x00, 0x00, 0x00, 0xe3, 0x1f, 0x00, 0x00, 0xe4, 0x00, 0x00,
  0x00, 0x00, 0x00, 0x00, 0x00, 0xdf, 0x00, 0xde, 0x00, 0x00, 0x00, 0x00,
  0x1d, 0x00, 0xe3, 0x22, 0x00, 0x00, 0x00, 0x00, 0x00, 0x00, 0x1f, 0x00,
  0x00, 0xde, 0xdc, 0x00, 0xe2, 0x00, 0x1e, 0x20, 0x00, 0x00, 0x00, 0xdd,
  0x00, 0x1c, 0xdd, 0x1e, 0x00, 0x21, 0x00, 0x00, 0x00, 0x00, 0x00, 0x00,
  0x00, 0x00, 0x00, 0x00, 0x00, 0x00, 0x21, 0xe4, 0x00, 0x00, 0x00, 0x00,
  0x00, 0x00, 0x00, 0x1c, 0x00, 0x00, 0x00, 0x00, 0x00, 0x00, 0x00, 0x00,
  0xe1, 0x00, 0x1b, 0x00, 0xde, 0x20, 0x00, 0x00, 0x00, 0xe1, 0x00, 0x00,
  0x00, 0x00, 0x00, 0x00, 0x00, 0x00, 0x00, 0x00, 0x00, 0x00, 0x00, 0x00,
  0x00, 0x00, 0x00, 0x00, 0x00, 0x1d, 0x00, 0x00, 0x00, 0x00, 0x00, 0x00,
  0x00, 0x00, 0x00, 0x00, 0xde, 0x00, 0x00, 0x00, 0x00, 0x00, 0x00, 0x00,
  0x00, 0x00, 0x00, 0x1d, 0x00, 0x00, 0x00, 0x21, 0x00, 0xe3, 0x00, 0x00,
  0x00, 0x00, 0x00, 0x00, 0x00, 0x00, 0x00, 0x00, 0xe0, 0x00, 0x00, 0x00,
  0x00, 0xe0, 0x00, 0x00, 0xe4, 0x00, 0x00, 0xe4, 0x00, 0x20, 0x00, 0x00,
  0xde, 0x00, 0xe3, 0x00, 0x00, 0x00, 0x00, 0x00, 0x00, 0x00, 0x00, 0x00,
  0x00, 0x00, 0x00, 0x1e, 0x00, 0x00, 0x00, 0x00, 0x1f, 0x00, 0x00, 0x20,
  0xe4, 0x00, 0x00, 0x00, 0x00, 0x00, 0x00, 0x00, 0x00, 0x00, 0x00, 0x00,
  0x00, 0x00, 0x00, 0x00, 0x00, 0x00, 0xdf, 0x00, 0x00, 0xe1, 0xdd, 0x00,
  0x00, 0x00, 0x00, 0x00, 0x00, 0x00, 0x00, 0x00, 0x00, 0x00, 0x00, 0x00,
  0xe2, 0x00, 0x00, 0x00, 0x00, 0x00, 0xe2, 0x00, 0x00, 0x00, 0x1f, 0x00,
  0x00, 0x00, 0x00, 0x00, 0x1f, 0xde, 0x00, 0xe1, 0x00, 0x00, 0x00, 0x00,
  0xde, 0x00, 0x00, 0x00, 0xe1, 0x00, 0x00, 0x00, 0x00, 0xe4, 0x00, 0x00,
  0x1d, 0x00, 0x00, 0x00, 0x00, 0x00, 0x00, 0x00, 0xe1, 0x00, 0x00, 0x00,
  0x00, 0x00, 0x00, 0x00, 0x20, 0x00, 0x00, 0xe1, 0xe0, 0xde, 0x00, 0x00,
  0x00, 0x00, 0x00, 0x00, 0xdc, 0x00, 0x00, 0x00, 0x00, 0x00, 0x00, 0xe0,
  0x00, 0x00, 0xdf, 0x00, 0xe3, 0x00, 0x00, 0xdf, 0x00, 0xe4, 0xde, 0x00,
  0xe1, 0x00, 0x00, 0x00, 0x00, 0x00, 0x00, 0x00, 0x00, 0x00, 0x1e, 0x00,
  0x00, 0x00, 0x00, 0x00, 0x00, 0xe3, 0xe2, 0x00, 0x1e, 0x00, 0x00, 0x1d,
  0x00, 0x00, 0x00, 0x00, 0x00, 0x00, 0x00, 0x1f, 0x00, 0x22, 0x00, 0x1d,
  0x00, 0x00, 0x1c, 0x00, 0x00, 0x00, 0x00, 0x00, 0x00, 0x00, 0x20, 0x00,
  0x1d, 0x00, 0xdf, 0x00, 0xe3, 0x00, 0x00, 0x00, 0x00, 0x00, 0x00, 0xe3,
  0x00, 0x00, 0x00, 0x1f, 0x00, 0x00, 0x00, 0x00, 0x00, 0x00, 0xe4, 0x00,
  0xe1, 0x00, 0x00, 0x00, 0x00, 0xe1, 0xe0, 0x00, 0xe2, 0x00, 0x00, 0x00,
  0x00, 0xe0, 0x00, 0x00, 0x1f, 0x00, 0x00, 0xe3, 0x00, 0x00, 0x00, 0x1d,
  0x00, 0x00, 0xdd, 0x1e, 0x00, 0x1e, 0x00, 0x00, 0x00, 0x00, 0x00, 0x00,
  0x00, 0x00, 0x00, 0x00, 0x00, 0x00, 0x00, 0x00, 0x00, 0x00, 0xe0, 0x00,
  0x00, 0x00, 0x00, 0x00, 0x00, 0x00, 0xe3, 0x00, 0x00, 0x00, 0x00, 0x00,
  0x00, 0x00, 0x1b, 0x00, 0x1c, 0x00, 0x00, 0x00, 0x00, 0x00, 0x00, 0x00,
  0x00, 0x00, 0x00, 0x00, 0x00, 0x1c, 0x00, 0x00, 0x00, 0x00, 0x00, 0x00,
  0x00, 0x1e, 0xe2, 0x00, 0x00, 0x00, 0x00, 0x00, 0x00, 0x00, 0x00, 0x1e,
  0x00, 0x00, 0x00, 0x00, 0x00, 0x1f, 0x00, 0xe0, 0x00, 0x00, 0x00, 0x00,
  0x00, 0x00, 0x00, 0x00, 0x00, 0x00, 0x00, 0x00, 0x00, 0x00, 0x1c, 0xdf,
  0x00, 0x1e, 0xe1, 0x00, 0x00, 0x00, 0x00, 0x00, 0x1c, 0x00, 0x00, 0x00,
  0xe1, 0x00, 0xe2, 0x00, 0x00, 0x00, 0x00, 0x00, 0x00, 0x00, 0xdd, 0x00,
  0x00, 0x00, 0x00, 0x00, 0xe0, 0x00, 0x00, 0x00, 0x00, 0xe0, 0x00, 0x00,
  0x00, 0x00, 0x00, 0x00, 0x00, 0x00, 0x00, 0x00, 0x00, 0x00, 0x00, 0x00,
  0x00, 0x00, 0x00, 0xe5, 0xdf, 0x00, 0x00, 0xdd, 0x00, 0x00, 0x00, 0x00,
  0x1f, 0x00, 0x00, 0x00, 0x00, 0x00, 0x00, 0x00, 0x00, 0x00, 0x00, 0x1b,
  0x00, 0x00, 0x00, 0x00, 0x00, 0x00, 0x00, 0x00, 0x00, 0x00, 0x00, 0x00,
  0x00, 0x00, 0x00, 0x00, 0x00, 0x00, 0x00, 0x00, 0x00, 0x00, 0x00, 0x00,
  0xe1, 0x00, 0x00, 0x00, 0x00, 0x00, 0x00, 0x00, 0x00, 0x1d, 0x00, 0xe4,
  0x00, 0xe0, 0x00, 0x00, 0x00, 0x00, 0x21, 0xe5, 0x00, 0x00, 0xe2, 0x00,
  0x00, 0x00, 0x00, 0xe3, 0x00, 0x00, 0x20, 0x00, 0xe1, 0x1e, 0x00, 0x00,
  0x00, 0x00, 0x1c, 0x00, 0x00, 0x00, 0x1f, 0x00, 0x00, 0x00, 0xe5, 0x00,
  0x00, 0x00, 0x00, 0x00, 0x00, 0x00, 0x00, 0x00, 0x00, 0x00, 0x00, 0x00,
  0x00, 0xe5, 0x00, 0x00, 0xe3, 0x00, 0xe3, 0x00, 0x00, 0x00, 0x00, 0x00,
  0x00, 0x00, 0x00, 0x00, 0x00, 0x00, 0x00, 0x1e, 0x00, 0x21, 0x00, 0xe2,
  0x00, 0xe1, 0x00, 0x00, 0x00, 0xde, 0x00, 0x00, 0xdc, 0x00, 0x00, 0x20,
  0x00, 0x1f, 0x00, 0x00, 0x00, 0x00, 0x00, 0x00, 0x00, 0x00, 0x20, 0x00,
  0x00, 0x00, 0x00, 0x00, 0x00, 0x00, 0x00, 0x00, 0x00, 0x00, 0x00, 0x00,
  0x00, 0xe1, 0x00, 0x00, 0xe2, 0x00, 0x00, 0x00, 0x00, 0x20, 0xe4, 0x00,
  0x00, 0xe0, 0x00, 0x00, 0x00, 0xe4, 0x00, 0x00, 0x00, 0x00, 0x00, 0x1c,
  0x00, 0x00, 0x00, 0xe2, 0x00, 0xdd, 0x00, 0x00, 0x00, 0xe2, 0x00, 0x00,
  0x00, 0x00, 0x00, 0x00, 0xe3, 0x00, 0x00, 0x00, 0x00, 0x00, 0x00, 0x00,
  0x20, 0x00, 0x00, 0x00, 0x00, 0x00, 0x00, 0x00, 0x00, 0x00, 0x00, 0x00,
  0x00, 0x00, 0x21, 0x00, 0x00, 0x00, 0x00, 0x00, 0x1f, 0x1c, 0x00, 0x00,
  0x00, 0x00, 0x00, 0x00, 0x00, 0x00, 0x00, 0x00, 0x00, 0x00, 0x00, 0x00,
  0xe1, 0x00, 0xdf, 0x00, 0x00, 0x00, 0x00, 0x00, 0x00, 0x00, 0x00, 0x00,
  0x00, 0x00, 0x00, 0x00, 0x00, 0x00, 0x00, 0xe5, 0x00, 0x1f, 0x00, 0x00,
  0x00, 0x00, 0xdd, 0x00, 0x00, 0x00, 0x00, 0x00, 0x00, 0x00, 0x00, 0x00,
  0x00, 0x00, 0x00, 0x00, 0x00, 0x00, 0x00, 0x21, 0xe2, 0x00, 0xde, 0x00,
  0xde, 0xe4, 0x1c, 0x00, 0x1d, 0x00, 0x00, 0x00, 0x00, 0xdf, 0x00, 0x00,
  0x00, 0x00, 0x00, 0x00, 0x00, 0x00, 0x00, 0x00, 0x00, 0x00, 0x00, 0x00,
  0xdf, 0x00, 0x00, 0x00, 0x00, 0x00, 0x00, 0x00, 0x00, 0x00, 0x00, 0x00,
  0x1c, 0x00, 0xe3, 0x00, 0x00, 0x00, 0x00, 0x00, 0x00, 0x00, 0x00, 0x00,
  0x00, 0x00, 0x00, 0x00, 0x00, 0x00, 0xd1, 0x00, 0x00, 0x00, 0x00, 0x00,
  0x00, 0x00, 0x00, 0x00, 0x00, 0xba, 0x00, 0x0c, 0x00, 0x00, 0x00, 0x00,
  0x00, 0x00, 0x00, 0x00, 0x00, 0xc3, 0x00, 0x00, 0x00, 0x00, 0x00, 0xbb,
  0x00, 0x00, 0x00, 0x00, 0x00, 0x00, 0x00, 0x07, 0x00, 0x00, 0x00, 0x00,
  0x00, 0x0c, 0x00, 0x00, 0x00, 0x00, 0x00, 0x00, 0x00, 0x00, 0x00, 0x00,
  0x00, 0x00, 0x00, 0x00, 0xea, 0x00, 0x00, 0x00, 0x00, 0x00, 0x00, 0x00,
  0x00, 0x00, 0x00, 0x00, 0x00, 0xb5, 0x00, 0x00, 0x00, 0x00, 0x00, 0xbf,
  0x00, 0x00, 0x00, 0x00, 0x00, 0xca, 0x00, 0x00, 0x00, 0x00, 0x00, 0xc8,
  0x00, 0x00, 0x00, 0x00, 0x00, 0x00, 0x00, 0x00, 0x00, 0x00, 0x00, 0x00,
  0x00, 0x00, 0x00, 0x00, 0x00, 0xc8, 0x0f, 0x00, 0x00, 0x00, 0x00, 0x00,
  0x00, 0x00, 0x00, 0x00, 0x00, 0x00, 0x00, 0x00, 0x00, 0x2b, 0x00, 0xc5,
  0x00, 0x00, 0x00, 0x31, 0x00, 0x00, 0x00, 0x00, 0x00, 0x00, 0x00, 0x00,
  0x00, 0x00, 0x00, 0x00, 0x00, 0x00, 0x00, 0x00, 0x00, 0x00, 0x00, 0x00,
  0x00, 0x00, 0x00, 0x00, 0x00, 0xd0, 0x00, 0x07, 0x00, 0x00, 0x00, 0x00,
  0x00, 0x00, 0x00, 0x00, 0x00, 0x00, 0x00, 0x00, 0x00, 0x00, 0x00, 0x00,
  0x00, 0xf9, 0x00, 0x00, 0xd3, 0x00, 0x00, 0x00, 0x00, 0x00, 0x00, 0x00,
  0x00, 0x00, 0x00, 0x00, 0x00, 0x00, 0x00, 0x00, 0x00, 0x00, 0x00, 0x00,
  0x00, 0x00, 0x00, 0x00, 0x00, 0x00, 0x00, 0x00, 0x00, 0x00, 0x00, 0x00,
  0x00, 0x00, 0x00, 0x27, 0x00, 0x00, 0x00, 0xfb, 0x00, 0x00, 0xcf, 0x00,
  0x00, 0x00, 0x00, 0x00, 0xcd, 0x00, 0x00, 0x00, 0x00, 0x00, 0xd0, 0x00,
  0x00, 0x00, 0x00, 0x00, 0x00, 0x00, 0x00, 0xee, 0x00, 0x00, 0x00, 0x00,
  0xe3, 0xe5, 0x00, 0x00, 0x00, 0xd4, 0x00, 0xf4, 0x00, 0x00, 0x00, 0x00,
  0x00, 0xf3, 0x00, 0x00, 0x00, 0x00, 0x2a, 0x00, 0x00, 0x00, 0xcf, 0x00,
  0x00, 0x00, 0x00, 0x00, 0xcb, 0x00, 0x00, 0x00, 0x00, 0x00, 0xc7, 0x00,
  0x2d, 0x00, 0x00, 0x00, 0xbe, 0x00, 0x00, 0x00, 0x00, 0x00, 0xcc, 0x00,
  0x31, 0x00, 0x00, 0x00, 0x00, 0x00, 0x00, 0x34, 0x00, 0x00, 0x00, 0x00,
  0x00, 0x00, 0x00, 0xfa, 0x00, 0x00, 0x00, 0x00, 0x00, 0xfb, 0x00, 0x00,
  0x3d, 0x00, 0x00, 0x00, 0x00, 0x00, 0x34, 0x00, 0x00, 0x00, 0x00, 0x00,
  0x00, 0x00, 0x00, 0x00, 0xc4, 0xdf, 0x36, 0x00, 0x00, 0x43, 0xcf, 0x00,
  0x00, 0x00, 0x2e, 0x47, 0xca, 0x00, 0x00, 0x00, 0x00, 0x38, 0x00, 0x21,
  0x00, 0x00, 0x00, 0x00, 0x00, 0x00, 0x00, 0x00, 0x00, 0x00, 0x00, 0x00,
  0x00, 0x00, 0x00, 0x00, 0x00, 0x00, 0x00, 0x00, 0x00, 0x00, 0x00, 0x00,
  0x00, 0x00, 0x00, 0x00, 0x00, 0x00, 0x00, 0x00, 0x00, 0x00, 0xbd, 0x00,
  0x00, 0x00, 0x00, 0x00, 0xae, 0x00, 0x00, 0x00, 0x2b, 0x00, 0xc5, 0x1d,
  0x00, 0x12, 0x00, 0x00, 0x00, 0x00, 0x0a, 0x00, 0x00, 0x00, 0x00, 0x00,
  0x00, 0x00, 0x00, 0x00, 0x00, 0x00, 0x00, 0x00, 0x00, 0x00, 0x00, 0x00,
  0x00, 0x1e, 0x00, 0x00, 0x00, 0x00, 0x00, 0x00, 0x00, 0x00, 0x00, 0x00,
  0x00, 0x00, 0x00, 0x00, 0xca, 0x2f, 0x00, 0x1a, 0x00, 0x00, 0x00, 0x31,
  0x00, 0x00, 0x00, 0x00, 0x00, 0x00, 0x00, 0x00, 0x00, 0x00, 0x00, 0x00,
  0x00, 0x00, 0x00, 0x00, 0x00, 0x00, 0x44, 0x00, 0x00, 0x00, 0x03, 0x00,
  0x00, 0x00, 0x00, 0x00, 0x00, 0x00, 0x47, 0x00, 0x00, 0x00, 0x00, 0x00,
  0x00, 0x00, 0x00, 0x00, 0x00, 0x00, 0x3f, 0x00, 0x00, 0x00, 0x00, 0x00,
  0x00, 0x00, 0x00, 0x00, 0x00, 0x00, 0x00, 0x00, 0x00, 0x00, 0x00, 0x22,
  0x41, 0x00, 0x00, 0x00, 0x00, 0x00, 0x33, 0x00, 0x00, 0x00, 0x00, 0x00,
  0x00, 0x00, 0x00, 0x00, 0x00, 0x27, 0x41, 0x00, 0x00, 0x00, 0x00, 0x00,
  0x00, 0x00, 0x00, 0x00, 0x00, 0x28, 0x37, 0x04, 0x00, 0x00, 0x00, 0x00,
  0x40, 0x00, 0x00, 0x00, 0x00, 0x00, 0x2e, 0x00, 0x00, 0x33, 0xd4, 0x29,
  0x3c, 0x00, 0x00, 0x2e, 0xd3, 0x00, 0x37, 0x00, 0x00, 0x2d, 0x00, 0x2a,
  0x37, 0x41, 0x00, 0x29, 0x00, 0x00, 0x00, 0x00, 0x00, 0x00, 0x00, 0x00,
  0x00, 0x04, 0x00, 0x00, 0x00, 0x00, 0x00, 0x00, 0x00, 0x00, 0x00, 0xe4,
  0x00, 0x00, 0x00, 0x00, 0x00, 0x00, 0x1d, 0x00, 0xe1, 0x00, 0x00, 0x00,
  0x00, 0x00, 0x00, 0x1c, 0xe3, 0x00, 0x00, 0x00, 0x00, 0x00, 0x00, 0x00,
  0xdb, 0x00, 0x00, 0x00, 0x00, 0x00, 0x00, 0x00, 0x00, 0xdd, 0x00, 0x00,
  0x00, 0x00, 0x1b, 0x00, 0x00, 0xdc, 0x00, 0x00, 0x00, 0x00, 0x00, 0x00,
  0x00, 0xe2, 0x00, 0x00, 0x1e, 0x00, 0x00, 0x20, 0x00, 0x00, 0x00, 0x00,
  0xe0, 0x00, 0x00, 0x00, 0x00, 0x00, 0x00, 0x00, 0x00, 0x00, 0xe1, 0x00,
  0x1f, 0x00, 0x00, 0x00, 0x00, 0x00, 0x00, 0x00, 0x00, 0x00, 0x1b, 0x00,
  0x1c, 0x00, 0x00, 0x00, 0x00, 0x00, 0x00, 0xe1, 0xe3, 0x00, 0x00, 0xe3,
  0x00, 0x00, 0x00, 0x1c, 0x00, 0x00, 0x00, 0x1f, 0x00, 0xe2, 0x00, 0x00,
  0x00, 0x00, 0x00, 0xdc, 0x00, 0x00, 0x1f, 0x00, 0x00, 0x1e, 0x00, 0x00,
  0xe2, 0x00, 0x00, 0x00, 0x00, 0x00, 0x00, 0x00, 0x00, 0x00, 0x00, 0xde,
  0x00, 0x00, 0x00, 0xdf, 0x00, 0x00, 0x00, 0x00, 0xe5, 0x00, 0xe4, 0xe2,
  0xe3, 0x00, 0x00, 0x00, 0x00, 0x1f, 0x00, 0x00, 0x1f, 0x00, 0x00, 0x00,
  0x00, 0x00, 0x00, 0x00, 0x00, 0xdc, 0x00, 0x00, 0x00, 0x00, 0x00, 0x00,
  0x00, 0x00, 0x00, 0x00, 0x00, 0xe2, 0xe3, 0x00, 0x00, 0x00, 0x00, 0xe2,
  0x00, 0x00, 0x00, 0x00, 0x00, 0x1d, 0x00, 0x00, 0x00, 0xde, 0x00, 0x00,
  0x00, 0x20, 0x00, 0x00, 0x00, 0x00, 0x00, 0x00, 0x00, 0x00, 0xe5, 0x00,
  0x00, 0x00, 0x00, 0x1f, 0x00, 0x00, 0x00, 0x00, 0x00, 0x00, 0x00, 0x00,
  0xde, 0xdf, 0x00, 0x00, 0xe0, 0x00, 0x00, 0x00, 0x00, 0x00, 0x00, 0x00,
  0x00, 0x00, 0x00, 0x00, 0x00, 0x20, 0x00, 0x20, 0x00, 0x1d, 0x20, 0x00,
  0x00, 0xe1, 0x1e, 0x00, 0x00, 0xe1, 0x1e, 0x00, 0x20, 0x1c, 0x00, 0x00,
  0x00, 0x00, 0x00, 0x00, 0x00, 0xdd, 0xde, 0x00, 0x00, 0x00, 0x00, 0x00,
  0x00, 0x00, 0x00, 0x00, 0x00, 0xe0, 0x00, 0x00, 0x00, 0x00, 0x00, 0x1c,
  0xdf, 0x00, 0x00, 0x00, 0x1d, 0x00, 0x00, 0x00, 0x1d, 0x00, 0x00, 0x00,
  0xdc, 0x00, 0x00, 0x00, 0x00, 0x00, 0x00, 0x00, 0x00, 0x00, 0xdf, 0xdc,
  0x00, 0x00, 0x00, 0x00, 0x00, 0x00, 0x00, 0x00, 0x00, 0x00, 0x00, 0xdd,
  0xdd, 0x00, 0x00, 0x00, 0x1e, 0x00, 0x00, 0x00, 0x00, 0x00, 0x00, 0x00,
  0x00, 0x00, 0x00, 0x00, 0x00, 0x00, 0x00, 0x00, 0x00, 0x00, 0x00, 0x00,
  0x00, 0xdb, 0x00, 0x00, 0x00, 0x00, 0x00, 0x00, 0x00, 0xdd, 0xe2, 0x00,
  0x00, 0x00, 0x00, 0x00, 0x00, 0x00, 0x00, 0x00, 0x00, 0x1d, 0x00, 0x00,
  0x00, 0x1e, 0x00, 0xe4, 0x00, 0x00, 0xe3, 0x00, 0x1f, 0xe4, 0x00, 0x00,
  0x00, 0x00, 0x00, 0x00, 0x00, 0x00, 0x00, 0xe1, 0x00, 0x00, 0xe3, 0x00,
  0x00, 0x00, 0x00, 0x1d, 0x00, 0x00, 0x00, 0x00, 0x00, 0x00, 0x00, 0x1f,
  0x00, 0x1f, 0x1e, 0x00, 0x00, 0x00, 0x00, 0x20, 0x00, 0xdc, 0x00, 0x00,
  0xe2, 0x00, 0x00, 0x00, 0x00, 0x00, 0x00, 0x00, 0x00, 0x00, 0x00, 0x00,
  0x00, 0x00, 0x00, 0x1e, 0x00, 0x00, 0x00, 0x00, 0xdf, 0x00, 0x00, 0x1e,
  0xe1, 0x00, 0x00, 0x00, 0xe2, 0x20, 0xe4, 0xe1, 0x00, 0x00, 0x00, 0x00,
  0x00, 0x00, 0x00, 0x00, 0x00, 0x00, 0xdf, 0x00, 0x00, 0x00, 0x00, 0x00,
  0x00, 0x1d, 0x1d, 0x00, 0x1c, 0x00, 0x00, 0xe0, 0x00, 0x00, 0x00, 0x00,
  0x00, 0x00, 0xe1, 0x00, 0x00, 0xe3, 0x00, 0x00, 0x00, 0x00, 0xdc, 0x00,
  0x00, 0x00, 0x1e, 0xdf, 0x00, 0x00, 0x00, 0xdd, 0x00, 0x00, 0xe2, 0x00,
  0x00, 0x00, 0x00, 0x00, 0x00, 0x00, 0x00, 0x00, 0x00, 0x00, 0xde, 0x00,
  0x00, 0x1f, 0x00, 0x00, 0xdf, 0x00, 0x00, 0x00, 0x00, 0x00, 0x00, 0x1f,
  0x00, 0xdf, 0xe0, 0x00, 0x00, 0x00, 0x00, 0xe2, 0x00, 0x00, 0x00, 0x00,
  0x00, 0x00, 0xe0, 0x00, 0x00, 0x00, 0xe1, 0x00, 0x00, 0x00, 0xdf, 0x00,
  0x00, 0x00, 0x00, 0x00, 0x00, 0x00, 0x00, 0x00, 0x00, 0x00, 0x00, 0x00,
  0x00, 0x00, 0x00, 0x00, 0x00, 0x00, 0x00, 0xe2, 0x00, 0x00, 0x00, 0x00,
  0x00, 0x00, 0xdc, 0x00, 0x00, 0x00, 0x00, 0x00, 0x00, 0x00, 0x00, 0x00,
  0x00, 0x00, 0x00, 0xdc, 0x00, 0x1c, 0x00, 0x00, 0x00, 0x00, 0xe4, 0x00,
  0x00, 0x00, 0x00, 0x00, 0x00, 0x00, 0x00, 0x00, 0x00, 0x00, 0x00, 0x00,
  0xde, 0x00, 0x00, 0x00, 0xdc, 0x00, 0x00, 0x00, 0xdf, 0x00, 0x00, 0x1f,
  0x00, 0x00, 0x00, 0x00, 0x00, 0x00, 0x00, 0xe0, 0xe2, 0x00, 0x00, 0x00,
  0x00, 0x00, 0x00, 0x00, 0x00, 0x00, 0x00, 0x00, 0x00, 0x00, 0xe1, 0x00,
  0x00, 0x00, 0xe3, 0x00, 0x00, 0x1b, 0x00, 0x00, 0x00, 0x1d, 0x00, 0x00,
  0x00, 0xdd, 0x00, 0x00, 0x00, 0x00, 0x00, 0x00, 0x00, 0x1d, 0x1f, 0x00,
  0x00, 0x00, 0x00, 0x00, 0x00, 0x00, 0x00, 0x00, 0xe3, 0x00, 0x00, 0x1d,
  0x00, 0x00, 0x00, 0x00, 0x00, 0x00, 0xe1, 0x00, 0x00, 0xe4, 0x00, 0x00,
  0x00, 0xe4, 0x00, 0x00, 0xdd, 0x00, 0x00, 0x00, 0x00, 0xdc, 0x00, 0x00,
  0x00, 0x00, 0x00, 0x00, 0x00, 0x00, 0xe1, 0xdd, 0x00, 0xdd, 0x00, 0x00,
  0x00, 0xe3, 0x00, 0x00, 0x1d, 0x00, 0x00, 0x00, 0x00, 0x00, 0x00, 0x00,
  0x00, 0x00, 0x00, 0x00, 0xdf, 0xdf, 0x00, 0x00, 0xe0, 0xdd, 0x1d, 0x00,
  0x00, 0x00, 0x00, 0xe0, 0x00, 0x00, 0x00, 0xdf, 0x00, 0x00, 0x00, 0xde,
  0x00, 0x00, 0x00, 0x20, 0x00, 0x00, 0x00, 0x00, 0x00, 0x00, 0x00, 0x00,
  0xe2, 0x00, 0x00, 0x00, 0x00, 0x00, 0x00, 0x1c, 0x00, 0x00, 0x00, 0xe0,
  0x00, 0x00, 0x00, 0x00, 0x00, 0xde, 0x00, 0x00, 0x00, 0x00, 0xdc, 0x00,
  0x00, 0x00, 0x00, 0x00, 0x00, 0x00, 0x00, 0x1e, 0x00, 0x00, 0x00, 0x00,
  0xde, 0x00, 0x00, 0x1b, 0x00, 0x00, 0x00, 0x00, 0x00, 0x00, 0xdd, 0x00,
  0x00, 0x00, 0x00, 0x00, 0xdd, 0x00, 0xde, 0x00, 0x00, 0x00, 0xde, 0x00,
  0x00, 0x1f, 0x00, 0x00, 0x00, 0x1c, 0x00, 0xe1, 0x00, 0x00, 0x00, 0x00,
  0x00, 0x00, 0x00, 0x00, 0xe3, 0x00, 0x1c, 0x00, 0x00, 0x00, 0x00, 0x00,
  0x00, 0xde, 0x00, 0x00, 0x00, 0x00, 0x00, 0x00, 0x00, 0x00, 0x00, 0xde,
  0x20, 0xdf, 0x00, 0x00, 0x00, 0xe2, 0x00, 0x00, 0x00, 0x00, 0x00, 0x00,
  0xdc, 0x00, 0x00, 0x00, 0x00, 0x00, 0x00, 0x00, 0xdf, 0xe1, 0x00, 0x00,
  0x00, 0x00, 0x00, 0x00, 0xe1, 0x00, 0x00, 0x00, 0x00, 0xe3, 0xe3, 0x00,
  0xe4, 0x00, 0x00, 0x00, 0x00, 0x1d, 0x00, 0x00, 0x00, 0x00, 0x1c, 0x00,
  0xe3, 0x00, 0x00, 0x00, 0x00, 0x00, 0x00, 0x20, 0x00, 0x00, 0x00, 0xe4,
  0x00, 0x00, 0x00, 0x00, 0x00, 0x1c, 0xdf, 0x00, 0x00, 0x00, 0xe4, 0x00,
  0x1d, 0x00, 0x00, 0x00, 0x00, 0xe4, 0x1c, 0x00, 0x00, 0x00, 0x00, 0x00,
  0x00, 0x00, 0x00, 0x00, 0x00, 0x00, 0x00, 0x00, 0x00, 0x00, 0x00, 0x00,
  0x00, 0x00, 0x00, 0x00, 0xde, 0x00, 0x00, 0x1d, 0x00, 0x00, 0x00, 0x00,
  0x00, 0x00, 0x00, 0x00, 0x00, 0x00, 0x00, 0x00, 0x00, 0x00, 0x1c, 0x00,
  0x00, 0x00, 0x00, 0x00, 0x00, 0x00, 0xe4, 0x00, 0x00, 0x00, 0xe2, 0x00,
  0x00, 0x00, 0x00, 0x00, 0x00, 0x00, 0x00, 0x00, 0x00, 0xe1, 0x00, 0xe4,
  0x00, 0x1f, 0x00, 0x00, 0x00, 0x00, 0x00, 0xe5, 0x1d, 0x00, 0xdd, 0x00,
  0x00, 0x00, 0xde, 0x00, 0x00, 0x00, 0x00, 0xe3, 0x00, 0x00, 0x00, 0x00,
  0x1e, 0x00, 0x00, 0x00, 0x00, 0x00, 0x00, 0xe0, 0x00, 0x00, 0x1e, 0x00,
  0x00, 0x20, 0x00, 0x00, 0x00, 0x00, 0x1c, 0x00, 0xe5, 0x00, 0x00, 0x00,
  0x00, 0x00, 0x00, 0x00, 0x00, 0x1e, 0x00, 0x00, 0xe0, 0x00, 0x00, 0xe1,
  0x00, 0x00, 0xdc, 0x00, 0x00, 0x00, 0x00, 0xdf, 0xe0, 0xe4, 0x00, 0x00,
  0x00, 0x00, 0x00, 0x00, 0x00, 0x00, 0x00, 0x00, 0x00, 0x1e, 0x00, 0x00,
  0x00, 0x00, 0x00, 0x00, 0x00, 0x00, 0x1e, 0x1d, 0x00, 0x00, 0xe3, 0x00,
  0xdd, 0x00, 0x00, 0xdd, 0x00, 0x00, 0x00, 0x00, 0x1e, 0x00, 0x00, 0x00,
  0x00, 0x00, 0x00, 0x00, 0x00, 0x1e, 0x00, 0x00, 0x1e, 0x00, 0x00, 0x00,
  0x00, 0x00, 0x00, 0x00, 0x00, 0x00, 0x00, 0x1c, 0x00, 0x00, 0x1b, 0xe3,
  0x00, 0x00, 0x00, 0xe4, 0x00, 0x1c, 0x00, 0x00, 0x00, 0x00, 0x00, 0xe0,
  0x00, 0x00, 0x00, 0x00, 0x00, 0x00, 0x00, 0xdc, 0x00, 0x00, 0x00, 0x00,
  0x00, 0x00, 0x00, 0xde, 0x00, 0x00, 0x00, 0x00, 0x00, 0x00, 0x00, 0xdc,
  0x00, 0x00, 0xe1, 0x00, 0x00, 0xe0, 0x00, 0x00, 0x00, 0x00, 0x00, 0xde,
  0x00, 0x00, 0x1c, 0x00, 0x00, 0x1d, 0xe1, 0x00, 0x00, 0x00, 0x00, 0xdf,
  0x00, 0x00, 0x00, 0x00, 0x00, 0x00, 0x00, 0x00, 0x00, 0xe5, 0x00, 0x00,
  0x00, 0x00, 0x00, 0x1e, 0x20, 0x00, 0x00, 0x00, 0x00, 0x00, 0x00, 0x00,
  0x00, 0x00, 0x00, 0x00, 0x00, 0xdd, 0x00, 0x00, 0x00, 0x00, 0x00, 0x00,
  0xdc, 0x00, 0x00, 0x1f, 0x00, 0x1c, 0xdd, 0xdb, 0x00, 0x00, 0x00, 0xdd,
  0x00, 0xdf, 0x00, 0x00, 0xdf, 0xe1, 0x00, 0x00, 0x00, 0x00, 0x00, 0x00,
  0x00, 0x00, 0x00, 0x00, 0x00, 0x00, 0x00, 0xdd, 0x00, 0x00, 0x00, 0x00,
  0x00, 0x00, 0x00, 0x00, 0x00, 0x00, 0x00, 0xde, 0x00, 0x00, 0x00, 0x00,
  0x1f, 0x00, 0x00, 0x00, 0x00, 0x00, 0xe4, 0x00, 0x00, 0x00, 0x00, 0x00,
  0x00, 0xe2, 0xe0, 0x00, 0x1d, 0x00, 0x00, 0xdf, 0xdf, 0x00, 0x00, 0x00,
  0x00, 0x00, 0x20, 0x00, 0x00, 0x00, 0x00, 0xe3, 0x00, 0x00, 0x00, 0x00,
  0x00, 0xe3, 0x00, 0xe4, 0x00, 0x00, 0x00, 0x00, 0x00, 0x00, 0x00, 0x00,
  0x00, 0x00, 0x00, 0x00, 0x1f, 0x00, 0x00, 0x00, 0x00, 0x00, 0x00, 0x00,
  0x00, 0x00, 0x00, 0x00, 0x00, 0x20, 0x00, 0xe1, 0x00, 0x00, 0xe1, 0x00,
  0x00, 0xdd, 0x1f, 0x00, 0x00, 0x00, 0xe1, 0x00, 0xe1, 0x00, 0x00, 0xe4,
  0x00, 0x00, 0xe2, 0x00, 0x00, 0x00, 0xde, 0x00, 0x00, 0x00, 0x00, 0x00,
  0x00, 0x00, 0x00, 0x1f, 0x00, 0x00, 0x00, 0x00, 0x00, 0x00, 0x1b, 0x1c,
  0x00, 0xe2, 0x00, 0x00, 0x00, 0x00, 0x00, 0x00, 0x00, 0x00, 0x00, 0x1d,
  0x00, 0x00, 0xe3, 0x00, 0x00, 0xdc, 0x00, 0x00, 0x00, 0x00, 0xe4, 0x00,
  0x1f, 0x00, 0x00, 0x00, 0x00, 0x00, 0x00, 0x00, 0x00, 0x00, 0x00, 0x00,
  0x00, 0x00, 0x00, 0x00, 0x00, 0x00, 0x00, 0x00, 0x00, 0x00, 0x00, 0x1d,
  0x00, 0x00, 0x1f, 0xe2, 0xde, 0x00, 0x00, 0x00, 0x00, 0x00, 0x00, 0x00,
  0x00, 0x00, 0xe1, 0x00, 0xe4, 0x00, 0x00, 0x00, 0x00, 0x00, 0x00, 0x1e,
  0x00, 0x00, 0x00, 0x00, 0x00, 0x1d, 0x00, 0x00, 0x00, 0x00, 0x00, 0xe2,
  0x00, 0x1d, 0x00, 0x00, 0xe4, 0x00, 0x00, 0x00, 0x00, 0x00, 0x00, 0xe0,
  0x00, 0x00, 0x00, 0x00, 0x00, 0x00, 0x00, 0xe2, 0x00, 0x00, 0x00, 0x1f,
  0x00, 0x00, 0x00, 0xdc, 0x00, 0x00, 0x00, 0x00, 0x00, 0x00, 0x00, 0x00,
  0x00, 0x1e, 0x00, 0x00, 0x00, 0x00, 0x00, 0x00, 0xde, 0x1f, 0x00, 0x00,
  0x00, 0x00, 0x00, 0x00, 0x00, 0x00, 0xe1, 0x1e, 0x00, 0x00, 0x00, 0x00,
  0x00, 0x00, 0x00, 0x00, 0xe0, 0x00, 0x00, 0x00, 0x00, 0x00, 0x00, 0x00,
  0x00, 0x00, 0x00, 0x00, 0xe3, 0x1b, 0x00, 0x00, 0x00, 0xe3, 0x1c, 0xe4,
  0x1b, 0x00, 0x00, 0xdc, 0x00, 0xe3, 0x00, 0x00, 0x00, 0x00, 0x00, 0xdc,
  0x00, 0x20, 0x00, 0x00, 0x00, 0x00, 0xe2, 0x00, 0x00, 0x00, 0x00, 0x00,
  0x00, 0x00, 0x00, 0xe0, 0x00, 0x00, 0x00, 0x00, 0x00, 0x00, 0xe4, 0xe2,
  0x00, 0x00, 0x00, 0xe1, 0x20, 0x1d, 0x1c, 0x00, 0x00, 0x00, 0x00, 0x00,
  0x20, 0x00, 0x00, 0x00, 0xdc, 0x00, 0x1f, 0x00, 0x00, 0x00, 0x00, 0x00,
  0x00, 0x00, 0x00, 0xe1, 0xde, 0x00, 0x00, 0x00, 0x00, 0x00, 0x00, 0x00,
  0x00, 0x00, 0x00, 0x00, 0x00, 0x00, 0x00, 0x00, 0x00, 0xdc, 0x00, 0x00,
  0x00, 0x00, 0x00, 0xe4, 0x20, 0x00, 0x00, 0xe4, 0x00, 0x00, 0xdc, 0x00,
  0x1c, 0x00, 0xe5, 0x00, 0x00, 0x00, 0x00, 0x00, 0x00, 0x1e, 0x00, 0x00,
  0x00, 0x00, 0x00, 0x00, 0xdd, 0xde, 0x00, 0xdd, 0x00, 0xe3, 0x00, 0xdc,
  0x00, 0x00, 0x00, 0x00, 0x00, 0x1d, 0x00, 0x00, 0x00, 0x00, 0xe3, 0x00,
  0x00, 0x00, 0x00, 0xe3, 0x20, 0x00, 0x00, 0x00, 0xde, 0x00, 0x00, 0x00,
  0x00, 0x00, 0x1b, 0x00, 0x00, 0x00, 0x00, 0x00, 0x00, 0x00, 0x00, 0x1e,
  0x00, 0x00, 0xe3, 0x00, 0x00, 0x00, 0x00, 0x00, 0x00, 0x00, 0x00, 0x00,
  0x00, 0xdc, 0x00, 0xdf, 0x00, 0xdc, 0x00, 0x00, 0x00, 0x00, 0x00, 0x00,
  0x00, 0x00, 0x00, 0x00, 0x00, 0x00, 0xdc, 0x20, 0x00, 0x00, 0xde, 0x00,
  0xde, 0x00, 0x00, 0x00, 0x00, 0x00, 0x00, 0x00, 0x00, 0x00, 0x00, 0x00,
  0x00, 0x00, 0x00, 0x00, 0x00, 0x00, 0x00, 0x00, 0x00, 0x00, 0xdc, 0x00,
  0x00, 0x00, 0xde, 0x00, 0x00, 0xe2, 0x00, 0x00, 0xe0, 0xe2, 0x00, 0x00,
  0x00, 0xdd, 0x00, 0x00, 0x00, 0x00, 0x00, 0x00, 0x00, 0x1c, 0x00, 0x00,
  0x20, 0x00, 0x00, 0x00, 0x00, 0x00, 0xe2, 0xdd, 0x00, 0x29, 0x00, 0x00,
  0x2d, 0x00, 0x00, 0x00, 0x00, 0x00, 0x2c, 0x00, 0x00, 0x00, 0x00, 0xd1,
  0x00, 0x00, 0x00, 0x00, 0x00, 0xd4, 0x00, 0x00, 0x00, 0x00, 0x00, 0x00,
  0x00, 0x00, 0x00, 0x00, 0x00, 0x00, 0x00, 0xe3, 0x00, 0x00, 0x00, 0x00,
  0x00, 0x00, 0x00, 0x00, 0x00, 0xea, 0x2e, 0xd5, 0x00, 0x00, 0x00, 0x00,
  0x2f, 0xde, 0x00, 0x00, 0x00, 0x00, 0x00, 0xd8, 0x00, 0x00, 0x00, 0x00,
  0x00, 0x00, 0x00, 0x00, 0x00, 0xe3, 0x40, 0x00, 0x00, 0x00, 0x00, 0xe7,
  0x00, 0xe3, 0x00, 0x00, 0x00, 0xde, 0x00, 0x00, 0x00, 0x00, 0x00, 0x00,
  0x00, 0x00, 0x00, 0x00, 0x00, 0x00, 0x00, 0x00, 0x00, 0x00, 0xd1, 0xea,
  0x00, 0x00, 0x00, 0x00, 0x00, 0x00, 0x00, 0x00, 0x00, 0x00, 0x00, 0xe4,
  0x3f, 0xd4, 0x00, 0x00, 0x00, 0x00, 0x4b, 0x00, 0x00, 0x00, 0x00, 0xe4,
  0x38, 0x00, 0x00, 0x00, 0x00, 0x00, 0x47, 0x00, 0x00, 0x00, 0x00, 0x00,
  0x00, 0xca, 0x00, 0x00, 0xd6, 0x00, 0x3e, 0x00, 0x00, 0x33, 0xcd, 0x00,
  0x00, 0x00, 0x00, 0x00, 0xd2, 0xd6, 0x3a, 0x00, 0x00, 0x00, 0x00, 0x00,
  0x00, 0x00, 0x00, 0x00, 0x00, 0xe6, 0x00, 0x00, 0x00, 0x00, 0x00, 0xd1,
  0x00, 0x00, 0x00, 0xe9, 0x00, 0x00, 0x3d, 0x00, 0x00, 0xed, 0x00, 0xe4,
  0x3b, 0x00, 0x00, 0xeb, 0x00, 0x00, 0x00, 0x00, 0x00, 0x00, 0x00, 0xe5,
  0x00, 0x00, 0x00, 0x00, 0x00, 0xde, 0x3f, 0x0a, 0x00, 0x00, 0x00, 0x00,
  0x00, 0x07, 0x00, 0x38, 0x00, 0x00, 0x31, 0x00, 0x00, 0x39, 0x00, 0x00,
  0x00, 0x00, 0x00, 0x2c, 0xc0, 0x00, 0x00, 0x16, 0x00, 0x00, 0x00, 0x00,
  0x39, 0x00, 0x00, 0x00, 0x00, 0x00, 0x00, 0x00, 0x00, 0xe5, 0x00, 0x00,
  0x00, 0x00, 0x00, 0xd3, 0x00, 0xd6, 0x32, 0x00, 0x00, 0x00, 0x00, 0x00,
  0x00, 0x00, 0x00, 0x00, 0x00, 0x00, 0x00, 0x00, 0x00, 0x00, 0xca, 0x00,
  0x00, 0x00, 0x00, 0x00, 0xbc, 0x00, 0x00, 0x00, 0x00, 0x00, 0x00, 0x00,
  0x31, 0x00, 0x00, 0x00, 0x00, 0x00, 0x00, 0x00, 0x00, 0x11, 0x00, 0x00,
  0x00, 0x00, 0x00, 0x16, 0x00, 0x00, 0x34, 0x00, 0x00, 0x00, 0x00, 0xd9,
  0x00, 0x00, 0x00, 0x00, 0x00, 0xd8, 0x00, 0x00, 0x00, 0x00, 0x00, 0x00,
  0x00, 0x00, 0x00, 0x00, 0x00, 0x00, 0x00, 0xf8, 0x00, 0x00, 0x00, 0x00,
  0x00, 0x00, 0x00, 0x00, 0x00, 0x1a, 0x00, 0x00, 0x00, 0x00, 0x00, 0xd9,
  0x33, 0x00, 0x00, 0x00, 0x00, 0x00, 0x00, 0x00, 0x00, 0x00, 0x00, 0x00,
  0x2a, 0x00, 0x00, 0x00, 0x00, 0x00, 0x30, 0x00, 0x00, 0x00, 0x00, 0x00,
  0x00, 0x00, 0x00, 0x00, 0x00, 0xdd, 0x00, 0x00, 0x00, 0x00, 0x00, 0x00,
  0x28, 0x00, 0x00, 0x00, 0x00, 0x00, 0x00, 0x00, 0x00, 0x00, 0x00, 0x00,
  0x25, 0x00, 0x00, 0x00, 0x00, 0xe0, 0x24, 0x00, 0x00, 0xea, 0x00, 0x00,
  0x00, 0xf0, 0x00, 0xe8, 0x00, 0x00, 0x32, 0x00, 0x00, 0x00, 0x00, 0x00,
  0x1e, 0x00, 0x00, 0x00, 0x00, 0xe2, 0x24, 0x00, 0x00, 0x00, 0x00, 0x00,
  0x00, 0x00, 0x00, 0x30, 0x00, 0x00, 0x2b, 0x00, 0x00, 0x42, 0x00, 0xe0,
  0x00, 0x00, 0x00, 0x2c, 0x00, 0x00, 0x16, 0x00, 0x00, 0x29, 0x00, 0x00,
  0x33, 0x00, 0x00, 0x00, 0x00, 0x00, 0x32, 0x00, 0x00, 0x00, 0x00, 0x00,
  0x00, 0x00, 0x00, 0xe4, 0x00, 0x00, 0x1e, 0x00, 0x00, 0xf0, 0x00, 0x00,
  0x34, 0x00, 0x00, 0x00, 0x00, 0x00, 0x24, 0x00, 0x00, 0x00, 0xd4, 0x00,
  0x00, 0x2c, 0x00, 0x00, 0xd4, 0x00, 0x3c, 0x19, 0x00, 0x00, 0xc4, 0x00,
  0x00, 0x1e, 0x00, 0x24, 0x00, 0x00, 0x00, 0x1b, 0x00, 0x31, 0x00, 0x00,
  0x00, 0x00, 0x00, 0x24, 0x00, 0x00, 0x00, 0x1e, 0x00, 0x00, 0x00, 0x00,
  0x2b, 0x00, 0x00, 0xe9, 0x00, 0x00, 0x2b, 0x00, 0x00, 0x00, 0x00, 0x00,
  0x00, 0x00, 0xd1, 0x00, 0x00, 0x00, 0x00, 0x1f, 0xc9, 0x00, 0x00, 0x15,
  0x00, 0x00, 0xcc, 0x00, 0x00, 0x00, 0x00, 0x00, 0x00, 0x00, 0x00, 0x00,
  0x3a, 0x00, 0x00, 0x00, 0x00, 0x17, 0x3e, 0x30, 0x00, 0x26, 0x00, 0x00,
  0x38, 0x30, 0x00, 0x00, 0x00, 0x00, 0x00, 0x00, 0x00, 0x1d, 0x00, 0x00,
  0x31, 0x00, 0x00, 0x00, 0x00, 0x00, 0x00, 0x00, 0x00, 0x00, 0x00, 0xda,
  0x34, 0x00, 0x00, 0x00, 0x00, 0x00, 0x2e, 0x23, 0x00, 0x00, 0x00, 0x00,
  0x00, 0x00, 0x00, 0xdf, 0x00, 0x00, 0xde, 0x00, 0xe0, 0x00, 0x00, 0x21,
  0x00, 0xdf, 0x00, 0x00, 0xdd, 0x00, 0x00, 0x00, 0x00, 0xe4, 0x00, 0x00,
  0x00, 0x00, 0x00, 0x00, 0x00, 0x00, 0x00, 0x00, 0x00, 0x00, 0x00, 0xde,
  0x00, 0x00, 0x00, 0x00, 0xe3, 0x00, 0x00, 0x00, 0x00, 0x00, 0x00, 0x00,
  0xdf, 0x00, 0x00, 0x00, 0x00, 0x00, 0x00, 0x00, 0x00, 0xe1, 0x00, 0x00,
  0x00, 0x00, 0x00, 0x00, 0xde, 0x00, 0xe1, 0x00, 0xe4, 0x00, 0x1c, 0x00,
  0x00, 0x00, 0x00, 0x00, 0x00, 0x00, 0x20, 0x00, 0x00, 0x00, 0x00, 0x00,
  0xe2, 0x00, 0x00, 0x00, 0x00, 0x00, 0x00, 0x00, 0xe4, 0x00, 0x00, 0x00,
  0x00, 0x00, 0x1c, 0x00, 0x00, 0xde, 0x00, 0x00, 0x00, 0x00, 0x00, 0x00,
  0x00, 0x00, 0x00, 0x00, 0x00, 0x00, 0x00, 0x00, 0x00, 0xde, 0x00, 0x00,
  0x00, 0x20, 0xe2, 0xe0, 0x00, 0xe0, 0x00, 0x00, 0x00, 0x00, 0x00, 0x00,
  0x00, 0x00, 0x00, 0x00, 0x00, 0x00, 0x00, 0xe5, 0x00, 0x00, 0x00, 0x00,
  0x00, 0x00, 0x00, 0x00, 0x00, 0x00, 0x00, 0x00, 0x00, 0x00, 0x00, 0x20,
  0x00, 0x00, 0x00, 0xdf, 0xe1, 0xdc, 0x00, 0x00, 0x00, 0x00, 0x1c, 0x00,
  0x00, 0xe4, 0x00, 0x00, 0x20, 0xde, 0x00, 0x00, 0x00, 0x00, 0x00, 0x00,
  0xde, 0xdd, 0x00, 0x00, 0x00, 0x00, 0x00, 0x00, 0x00, 0x00, 0x00, 0x00,
  0x00, 0x00, 0x00, 0x00, 0x00, 0xe0, 0x00, 0x00, 0x00, 0x00, 0x00, 0x00,
  0x20, 0x00, 0x00, 0xde, 0x00, 0x00, 0x20, 0x00, 0x00, 0x00, 0x00, 0x00,
  0x00, 0x00, 0x00, 0x00, 0x00, 0x00, 0x00, 0x00, 0x00, 0x00, 0xe2, 0x00,
  0x00, 0x00, 0x00, 0x00, 0x00, 0x00, 0xdd, 0x1d, 0x00, 0x1e, 0x00, 0x00,
  0x00, 0x00, 0x00, 0x00, 0x00, 0x1f, 0x00, 0x00, 0x00, 0x00, 0x00, 0x00,
  0x00, 0x00, 0x00, 0x00, 0x1d, 0x00, 0x00, 0xe3, 0xe2, 0x00, 0x00, 0x00,
  0x00, 0x00, 0x00, 0x00, 0x00, 0x00, 0x00, 0x00, 0x00, 0x00, 0x00, 0x1d,
  0x00, 0x00, 0xe0, 0x00, 0x00, 0x00, 0x00, 0x00, 0x00, 0x00, 0x00, 0x00,
  0x00, 0x00, 0xde, 0x00, 0x00, 0x00, 0x1c, 0xe2, 0x00, 0x00, 0x00, 0x00,
  0x00, 0x00, 0x00, 0x00, 0x00, 0x00, 0x00, 0x00, 0x00, 0x00, 0x1d, 0x1c,
  0x00, 0x00, 0x00, 0xe4, 0x00, 0x1c, 0x00, 0x00, 0x00, 0x00, 0x00, 0x00,
  0x00, 0x00, 0x00, 0x21, 0xe3, 0x00, 0x00, 0x00, 0x00, 0x21, 0x00, 0x00,
  0x00, 0x00, 0xdf, 0x00, 0x00, 0x00, 0x00, 0x1d, 0x00, 0x00, 0x00, 0x00,
  0x00, 0x00, 0x20, 0x00, 0x00, 0x00, 0x00, 0x00, 0xe3, 0x00, 0x00, 0x1d,
  0x00, 0x00, 0xe4, 0x00, 0x1e, 0x00, 0x00, 0x00, 0x00, 0x00, 0x00, 0x00,
  0xe4, 0x00, 0x00, 0x00, 0x00, 0x00, 0x00, 0x00, 0xe3, 0x1d, 0x00, 0x00,
  0x00, 0x00, 0x00, 0x00, 0x00, 0x1f, 0x00, 0x00, 0x00, 0x00, 0x00, 0x00,
  0x00, 0x00, 0x00, 0xdf, 0x00, 0x1b, 0x00, 0x00, 0x00, 0xe1, 0x00, 0x00,
  0x00, 0x1e, 0xdf, 0x00, 0x00, 0x00, 0x00, 0x00, 0x1f, 0x00, 0x00, 0xe3,
  0x00, 0xe0, 0xe3, 0x1f, 0xdf, 0x00, 0x00, 0x00, 0x00, 0x00, 0x00, 0xe3,
  0x20, 0x00, 0x00, 0x00, 0x00, 0xde, 0x00, 0x1e, 0xe3, 0x00, 0x00, 0xdd,
  0x00, 0x00, 0xdf, 0x00, 0x00, 0x00, 0x00, 0x00, 0x00, 0x00, 0xe3, 0x00,
  0x00, 0x00, 0x00, 0x00, 0x00, 0x00, 0x00, 0x00, 0x00, 0x00, 0x00, 0x00,
  0x00, 0xe1, 0x00, 0x1b, 0x00, 0x00, 0x00, 0x00, 0x1b, 0x00, 0xde, 0x00,
  0x00, 0x00, 0x00, 0x00, 0x00, 0x00, 0xe3, 0x00, 0x00, 0x00, 0x00, 0x00,
  0x00, 0x00, 0xe4, 0x00, 0x00, 0x00, 0x00, 0xe0, 0x00, 0x00, 0x1d, 0x00,
  0x00, 0x00, 0xdc, 0x1b, 0x00, 0xe0, 0x00, 0x00, 0x00, 0x00, 0x00, 0x00,
  0x00, 0xde, 0x00, 0x00, 0x00, 0x00, 0xe1, 0x00, 0x00, 0x00, 0x00, 0xde,
  0x00, 0x00, 0x00, 0x00, 0x00, 0x00, 0x00, 0xdc, 0x00, 0x00, 0x00, 0x00,
  0x00, 0x00, 0xe2, 0x00, 0xe0, 0xe1, 0x21, 0x00, 0xe1, 0x00, 0x00, 0x00,
  0x00, 0x00, 0x00, 0x00, 0x00, 0xe3, 0x00, 0x00, 0x1d, 0x00, 0x00, 0x00,
  0x00, 0x00, 0x00, 0x00, 0x00, 0x00, 0x1c, 0x00, 0x00, 0x00, 0x00, 0x00,
  0x00, 0x00, 0x00, 0xdd, 0x00, 0x1e, 0xe3, 0x20, 0x00, 0x00, 0x00, 0x00,
  0xe0, 0x00, 0x00, 0x00, 0x00, 0x00, 0x00, 0x00, 0x00, 0x00, 0x00, 0x00,
  0x00, 0x1e, 0x00, 0xe3, 0x00, 0xe2, 0x00, 0x00, 0x00, 0xe4, 0x00, 0x00,
  0x00, 0x00, 0x00, 0x22, 0x00, 0x00, 0x00, 0x00, 0x00, 0x00, 0xe3, 0x00,
  0x00, 0x00, 0x00, 0x00, 0x00, 0x00, 0x00, 0x00, 0x00, 0xdf, 0x00, 0x00,
  0x21, 0x00, 0xe3, 0x1c, 0x00, 0xe0, 0x00, 0x00, 0x00, 0x00, 0x00, 0x00,
  0x00, 0x00, 0x00, 0x00, 0x00, 0x00, 0x00, 0xdf, 0x00, 0x00, 0x00, 0xe1,
  0x00, 0x00, 0x00, 0x00, 0xe0, 0xdf, 0x00, 0x00, 0x00, 0x00, 0x00, 0x21,
  0xde, 0x00, 0x00, 0xe4, 0x00, 0x00, 0x00, 0x00, 0x00, 0x21, 0x00, 0x00,
  0x00, 0xe4, 0x00, 0x00, 0x00, 0xe4, 0x00, 0x1f, 0x00, 0x00, 0x00, 0x1d,
  0x00, 0x00, 0x00, 0x1f, 0x00, 0x00, 0x00, 0x00, 0x1d, 0x00, 0x00, 0x00,
  0x00, 0x00, 0x00, 0x00, 0xe2, 0x00, 0x00, 0x00, 0x00, 0x00, 0x00, 0x1e,
  0x00, 0xe0, 0x00, 0x00, 0x00, 0x00, 0x00, 0x00, 0x1f, 0x00, 0x00, 0x00,
  0x00, 0xe1, 0xdf, 0x00, 0x1f, 0x1b, 0x00, 0x00, 0x00, 0x00, 0x00, 0x21,
  0x00, 0x00, 0xe5, 0xe2, 0x00, 0xdf, 0x00, 0x00, 0x1c, 0x00, 0x00, 0x1b,
  0x00, 0x00, 0x00, 0x00, 0x00, 0x00, 0x00, 0x00, 0x00, 0x00, 0x00, 0x00,
  0x1c, 0x00, 0xe3, 0x00, 0x00, 0xe1, 0x00, 0x00, 0x00, 0xdf, 0x22, 0xdf,
  0xe4, 0x00, 0x21, 0xdf, 0x00, 0x00, 0x00, 0x00, 0x00, 0x1b, 0x00, 0x00,
  0x1c, 0x00, 0x00, 0x00, 0x00, 0x00, 0x00, 0x1b, 0x00, 0xe2, 0x00, 0x00,
  0x00, 0x00, 0x00, 0x22, 0x00, 0x00, 0x00, 0xdf, 0x00, 0x00, 0x00, 0x00,
  0x00, 0x00, 0x00, 0x00, 0x00, 0xe3, 0x00, 0x00, 0xde, 0x00, 0x00, 0x00,
  0xe2, 0x00, 0xde, 0x00, 0x00, 0x00, 0x00, 0x00, 0x1c, 0x00, 0x00, 0xe4,
  0x00, 0x00, 0x00, 0x00, 0x00, 0x00, 0x00, 0x1d, 0x00, 0x00, 0xe0, 0xe2,
  0x00, 0x00, 0x22, 0x00, 0x00, 0x00, 0x00, 0xde, 0x00, 0x1c, 0x00, 0x00,
  0x21, 0x00, 0xe4, 0x00, 0x1f, 0x00, 0x00, 0x1e, 0xe3, 0xde, 0x00, 0x00,
  0xe0, 0x00, 0x00, 0x00, 0x00, 0x00, 0xdf, 0x00, 0x00, 0x00, 0x00, 0x00,
  0x00, 0x00, 0x00, 0x00, 0x00, 0x00, 0x00, 0x00, 0x00, 0xe2, 0x00, 0x00,
  0x00, 0x00, 0x00, 0x00, 0x00, 0x00, 0x00, 0x00, 0x1c, 0x00, 0x00, 0xe3,
  0x00, 0x00, 0x00, 0x00, 0x00, 0x00, 0xe2, 0x00, 0x00, 0x00, 0xe0, 0x20,
  0x00, 0x00, 0x00, 0x00, 0x00, 0x00, 0xe2, 0xde, 0x00, 0x00, 0xe0, 0x00,
  0x00, 0x1e, 0x00, 0x00, 0x00, 0x00, 0x00, 0x00, 0x20, 0x00, 0x00, 0x1b,
  0x00, 0x00, 0x00, 0x00, 0x00, 0x00, 0x00, 0x00, 0x00, 0x00, 0x00, 0x00,
  0xe1, 0x00, 0x00, 0x00, 0x00, 0x00, 0x00, 0x00, 0x00, 0x00, 0x00, 0x00,
  0x00, 0x00, 0x00, 0x00, 0x00, 0xe4, 0x00, 0x00, 0x00, 0x00, 0x00, 0x00,
  0xe2, 0xe0, 0x1d, 0x00, 0x00, 0xe2, 0xe5, 0x00, 0x00, 0x00, 0xe0, 0xe0,
  0x00, 0x00, 0x00, 0x00, 0x00, 0x00, 0x00, 0x00, 0x00, 0x00, 0x00, 0x00,
  0x00, 0x00, 0x00, 0xde, 0x1e, 0xe2, 0x00, 0x00, 0x00, 0x00, 0x1f, 0x00,
  0x1d, 0x00, 0x00, 0x00, 0x00, 0x00, 0x00, 0x00, 0x00, 0x00, 0x00, 0xe3,
  0x00, 0x00, 0x00, 0x00, 0x00, 0x00, 0xe2, 0x21, 0x00, 0x00, 0x00, 0x00,
  0x00, 0x00, 0x00, 0x00, 0x00, 0x00, 0x00, 0x00, 0x00, 0x00, 0x00, 0x00,
  0x21, 0x00, 0x00, 0x00, 0x00, 0x1e, 0x00, 0x1e, 0x00, 0x1f, 0x00, 0x00,
  0x00, 0x00, 0xe1, 0x00, 0x00, 0x00, 0x00, 0x00, 0x00, 0x1f, 0x1c, 0x00,
  0x00, 0x00, 0x1d, 0x00, 0x00, 0x22, 0x00, 0x00, 0x00, 0xdf, 0x00, 0x00,
  0x00, 0x00, 0xe1, 0xdf, 0xdf, 0xe2, 0x00, 0x00, 0x00, 0x00, 0x00, 0x00,
  0x21, 0x00, 0x00, 0x00, 0x00, 0x00, 0xe3, 0x00, 0x00, 0x00, 0x00, 0x00,
  0x00, 0xe3, 0x00, 0x00, 0xe1, 0x1d, 0x00, 0x00, 0x00, 0x00, 0x00, 0x00,
  0x1f, 0x00, 0x00, 0x00, 0x00, 0x00, 0x1f, 0x1d, 0x00, 0x00, 0xe0, 0xe3,
  0x00, 0x00, 0xde, 0x00, 0x00, 0x00, 0x00, 0x00, 0x00, 0xdf, 0x00, 0x00,
  0x00, 0xe0, 0x00, 0x00, 0x00, 0x00, 0x00, 0x00, 0x00, 0x00, 0x00, 0x00,
  0x00, 0x00, 0x00, 0x00, 0x00, 0xe4, 0x20, 0x00, 0x00, 0x00, 0x00, 0x00,
  0x00, 0x00, 0x00, 0xe1, 0x00, 0x00, 0x00, 0x00, 0x00, 0x1b, 0x00, 0x00,
  0x00, 0x00, 0x00, 0x00, 0x00, 0x00, 0xe1, 0x1e, 0x00, 0x00, 0x00, 0xd2,
  0x00, 0x00, 0x00, 0x00, 0x00, 0x00, 0x00, 0x00, 0x00, 0x00, 0x00, 0x00,
  0x29, 0x00, 0x00, 0x00, 0x00, 0x00, 0x00, 0x00, 0x00, 0x00, 0x00, 0x00,
  0x00, 0x00, 0x00, 0xea, 0x00, 0x00, 0x00, 0x31, 0x00, 0x00, 0x00, 0x00,
  0x38, 0x32, 0x00, 0x00, 0x00, 0x00, 0x00, 0x00, 0x46, 0x00, 0x00, 0x00,
  0x00, 0x36, 0x40, 0x00, 0x00, 0x00, 0x25, 0x00, 0x3c, 0x00, 0x00, 0x00,
  0x3c, 0x3c, 0x41, 0x00, 0x00, 0x00, 0x2a, 0x00, 0x00, 0x00, 0x00, 0xc6,
  0x2e, 0x2a, 0x00, 0x00, 0x00, 0x00, 0x00, 0x28, 0x00, 0x00, 0x00, 0x00,
  0x00, 0x00, 0x00, 0x00, 0x00, 0xc7, 0x00, 0x1e, 0x00, 0x00, 0x00, 0x00,
  0x41, 0x00, 0x00, 0x00, 0x00, 0x00, 0x29, 0x00, 0x00, 0x00, 0x00, 0x00,
  0x20, 0x00, 0x00, 0x00, 0x00, 0x00, 0x00, 0x00, 0x36, 0x00, 0x00, 0x00,
  0x2e, 0x00, 0x00, 0x00, 0x00, 0x00, 0x00, 0x00, 0x00, 0x00, 0x00, 0x00,
  0x00, 0x00, 0x00, 0x00, 0x00, 0x00, 0x00, 0x00, 0x00, 0x00, 0x00, 0x00,
  0x00, 0x00, 0x00, 0xe1, 0x00, 0x00, 0x00, 0x1f, 0x00, 0x00, 0x00, 0x00,
  0x00, 0x00, 0x00, 0x00, 0xf1, 0x00, 0x00, 0x00, 0x48, 0x00, 0x00, 0x00,
  0x00, 0x00, 0x45, 0x00, 0x00, 0x00, 0x00, 0x00, 0x00, 0x00, 0x00, 0x00,
  0x00, 0x30, 0x00, 0x00, 0x00, 0x1a, 0x00, 0x00, 0x3f, 0x00, 0x00, 0x00,
  0xe2, 0x00, 0x45, 0x00, 0x00, 0x00, 0x00, 0x00, 0x00, 0x00, 0x00, 0x00,
  0x00, 0x00, 0x00, 0x00, 0x00, 0x00, 0x00, 0x00, 0x38, 0xdb, 0x00, 0x00,
  0x00, 0x00, 0x00, 0x00, 0x00, 0x00, 0x00, 0x00, 0x00, 0x00, 0x00, 0x00,
  0x00, 0x00, 0x3a, 0x00, 0x00, 0xd3, 0x00, 0x00, 0x00, 0x00, 0x00, 0x00,
  0x00, 0x00, 0x00, 0x00, 0x00, 0x00, 0x00, 0x30, 0x00, 0x00, 0x00, 0xd9,
  0x00, 0x28, 0x00, 0x00, 0x00, 0x00, 0x36, 0x3a, 0x00, 0x00, 0x00, 0xd9,
  0x00, 0x00, 0x00, 0x00, 0x00, 0x00, 0x00, 0x30, 0x00, 0x00, 0x00, 0x00,
  0x00, 0x00, 0x45, 0x00, 0x00, 0xd5, 0x00, 0x00, 0x40, 0x00, 0x00, 0x00,
  0x40, 0x00, 0x00, 0x00, 0x00, 0x00, 0x38, 0x00, 0x3b, 0x00, 0x00, 0x00,
  0x3e, 0x00, 0x00, 0x00, 0x00, 0xbc, 0x00, 0x24, 0x3b, 0xe2, 0x00, 0xdb,
  0x37, 0x2a, 0x00, 0x00, 0x00, 0xce, 0x3d, 0x00, 0x00, 0x00, 0x00, 0x00,
  0x00, 0x00, 0x00, 0x00, 0x00, 0x00, 0x36, 0x00, 0x00, 0x00, 0x00, 0xdc,
  0x00, 0x00, 0x00, 0x00, 0x00, 0x00, 0x00, 0x00, 0x00, 0x00, 0x00, 0x00,
  0x00, 0x00, 0x00, 0x00, 0x00, 0xd6, 0x00, 0x00, 0x00, 0xd9, 0x00, 0x00,
  0x00, 0x00, 0x00, 0xd2, 0x00, 0xd4, 0x00, 0x2e, 0x00, 0xd5, 0x00, 0x00,
  0x00, 0x00, 0x00, 0xd1, 0x00, 0x00, 0xf4, 0x2a, 0x00, 0xdf, 0x00, 0x00,
  0xf8, 0x00, 0x3c, 0x00, 0x00, 0x00, 0x00, 0x2a, 0x4d, 0x00, 0x00, 0x00,
  0xfb, 0x3c, 0x42, 0x00, 0x00, 0x00, 0x00, 0x00, 0x3c, 0x00, 0x00, 0xd7,
  0x00, 0x00, 0x00, 0x00, 0x00, 0xd5, 0xe6, 0x36, 0x00, 0x00, 0x00, 0x00,
  0x00, 0x00, 0x00, 0xdf, 0x00, 0x00, 0xfb, 0x30, 0x00, 0xd6, 0x00, 0x00,
  0x00, 0x00, 0x00, 0x00, 0x00, 0xd9, 0xf6, 0x27, 0x00, 0x00, 0x00, 0x00,
  0x00, 0x00, 0x00, 0xdc, 0x00, 0xc8, 0x00, 0x00, 0x00, 0x00, 0x00, 0x00,
  0xf5, 0x36, 0x00, 0x00, 0x00, 0x00, 0xed, 0x00, 0x00, 0x00, 0x00, 0x00,
  0x00, 0x31, 0x3c, 0x00, 0x00, 0x00, 0x00, 0x2b, 0x00, 0x00, 0x00, 0xce,
  0x00, 0x42, 0x00, 0x00, 0x00, 0x00, 0x00, 0x26, 0x00, 0x00, 0x00, 0x00,
  0x00, 0x00, 0x00, 0x00, 0x00, 0x00, 0x00, 0x00, 0x00, 0xf0, 0x00, 0x00,
  0x00, 0x3e, 0x00, 0x00, 0x00, 0x00, 0x00, 0x21, 0x00, 0x00, 0x00, 0xbf,
  0x00, 0x32, 0x00, 0x00, 0x00, 0x00, 0x00, 0x21, 0x00, 0x00, 0x00, 0xd8,
  0x00, 0x3c, 0x00, 0x00, 0x00, 0xd3, 0x00, 0x00, 0x00, 0x00, 0x00, 0xd0,
  0x00, 0x4a, 0x00, 0x00, 0x00, 0xc1, 0x00, 0x00, 0x00, 0x00, 0x00, 0x00,
  0x00, 0x3b, 0x00, 0x00, 0x00, 0xd0, 0x00, 0x20, 0x00, 0x00, 0x00, 0x00,
  0x00, 0x00, 0x00, 0x00, 0x00, 0xda, 0x00, 0x00, 0x00, 0x00, 0x00, 0x00,
  0x00, 0x00, 0x00, 0x00, 0x00, 0xdd, 0xea, 0x2b, 0x00, 0xe4, 0x00, 0x00,
  0xf0, 0x00, 0x00, 0x00, 0x00, 0x00, 0xe9, 0x37, 0x00, 0x00, 0x00, 0x00,
  0x00, 0x00, 0x00, 0x00, 0x00, 0x00, 0x00, 0x00, 0xdb, 0x00, 0x00, 0x00,
  0x00, 0x00, 0x00, 0x00, 0x00, 0x00, 0x00, 0x00, 0x00, 0x00, 0xd9, 0x00,
  0x00, 0x00, 0x00, 0x00, 0x00, 0x00, 0x00, 0x00, 0x00, 0xd8, 0xd5, 0x00,
  0x00, 0x00, 0x00, 0x00, 0x00, 0xdf, 0xd9, 0x00, 0x00, 0x00, 0x00, 0x00,
  0x00, 0x00, 0x00, 0xd8, 0xde, 0x00, 0x00, 0x00, 0x00, 0x00, 0xd8, 0x00,
  0x00, 0x00, 0x00, 0x00, 0x00, 0xdb, 0x00, 0x00, 0xdf, 0x00, 0x00, 0x00,
  0xd8, 0x00, 0xdd, 0x00, 0x00, 0x00, 0x00, 0x00, 0x00, 0x00, 0x00, 0x00,
  0x00, 0x00, 0x00, 0x00, 0x00, 0x00, 0x00, 0x00, 0x00, 0x00, 0xd8, 0x00,
  0x00, 0x00, 0x00, 0x00, 0x1c, 0x00, 0x00, 0x00, 0x00, 0x00, 0xe0, 0x00,
  0x00, 0x00, 0x00, 0x00, 0x00, 0x00, 0x00, 0x00, 0x00, 0xe1, 0x00, 0x00,
  0x00, 0x00, 0x00, 0xda, 0x00, 0x00, 0x00, 0x00, 0x00, 0x00, 0x00, 0x00,
  0x00, 0x00, 0x00, 0x00, 0x00, 0x00, 0x00, 0x00, 0x00, 0x00, 0x00, 0x00,
  0xdd, 0x00, 0x00, 0x00, 0x00, 0x00, 0x00, 0xdb, 0x00, 0x00, 0x00, 0x00,
  0x00, 0x00, 0x00, 0x00, 0x00, 0x00, 0x00, 0x00, 0x00, 0x00, 0x00, 0x00,
  0x00, 0x00, 0x00, 0x00, 0x00, 0x00, 0x00, 0xd8, 0x00, 0x00, 0x00, 0x00,
  0x00, 0x00, 0x00, 0xd8, 0x00, 0x00, 0x00, 0xdd, 0x00, 0x00, 0xde, 0xe0,
  0xd6, 0x00, 0x00, 0x00, 0x00, 0xd7, 0x00, 0x00, 0x00, 0x00, 0x00, 0xdb,
  0x00, 0x00, 0x00, 0x00, 0x00, 0x00, 0x00, 0xdb, 0x00, 0x00, 0x00, 0x00,
  0x00, 0x00, 0x00, 0xda, 0x00, 0x00, 0xda, 0x00, 0x00, 0xd9, 0x00, 0x00,
  0x00, 0x00, 0xdc, 0x00, 0x00, 0x00, 0x00, 0x00, 0x00, 0xdb, 0x00, 0x00,
  0x00, 0xda, 0x00, 0x00, 0x00, 0x00, 0x00, 0x00, 0x00, 0x00, 0x00, 0xde,
  0x00, 0xdd, 0xd8, 0x00, 0x00, 0x00, 0x00, 0xdc, 0x00, 0xdf, 0x00, 0x00,
  0x00, 0xdc, 0x00, 0x00, 0x00, 0x00, 0x00, 0x00, 0x00, 0xd9, 0x00, 0x00,
  0x00, 0x00, 0xdb, 0x00, 0xd7, 0x00, 0x00, 0x00, 0x00, 0x00, 0x00, 0x00,
  0x00, 0x00, 0x00, 0x1c, 0x00, 0x00, 0xde, 0x00, 0x00, 0xda, 0x00, 0x00,
  0x00, 0x00, 0x00, 0x00, 0x00, 0x00, 0x00, 0x00, 0x00, 0x00, 0x00, 0x00,
  0x00, 0x00, 0x00, 0x00, 0x00, 0xdb, 0x00, 0x00, 0x00, 0x00, 0x00, 0x00,
  0x00, 0xd8, 0x00, 0x00, 0xdc, 0x00, 0x00, 0x00, 0x00, 0xdb, 0xd9, 0x00,
  0x00, 0x00, 0xdd, 0x00, 0x00, 0x00, 0x00, 0x00, 0x00, 0x00, 0x00, 0xda,
  0x00, 0x00, 0x00, 0x00, 0x00, 0x00, 0x00, 0x00, 0x00, 0xdc, 0xd9, 0x00,
  0xde, 0x00, 0x00, 0x00, 0x00, 0x00, 0xd6, 0x00, 0x00, 0x00, 0x00, 0x00,
  0xdb, 0x00, 0x00, 0x00, 0x00, 0x00, 0x00, 0x00, 0x00, 0x00, 0x00, 0x00,
  0x00, 0x00, 0xde, 0x00, 0x00, 0x00, 0xdc, 0xdf, 0xd9, 0x00, 0x00, 0x00,
  0x00, 0x00, 0x00, 0x00, 0x00, 0xdf, 0x00, 0x00, 0x00, 0x00, 0x00, 0x00,
  0x00, 0x00, 0x00, 0xde, 0xd9, 0x00, 0x00, 0xd7, 0x00, 0x00, 0x00, 0x00,
  0x00, 0x00, 0x00, 0x00, 0xde, 0x00, 0x00, 0x00, 0x00, 0x00, 0x00, 0x00,
  0x00, 0x00, 0x00, 0x00, 0xde, 0xd9, 0xdc, 0xdc, 0x00, 0x00, 0x00, 0x00,
  0x00, 0x00, 0x00, 0x00, 0xde, 0xda, 0x00, 0x00, 0x00, 0xdd, 0x00, 0x00,
  0x00, 0x00, 0x00, 0x00, 0x00, 0x00, 0x00, 0x00, 0x00, 0x00, 0x00, 0x00,
  0x00, 0x00, 0x00, 0x00, 0x00, 0x00, 0x00, 0x00, 0x00, 0x00, 0x00, 0x00,
  0x00, 0x00, 0x00, 0x00, 0x00, 0x00, 0x00, 0x00, 0x00, 0x00, 0x00, 0x00,
  0x00, 0x00, 0x00, 0xd9, 0xdc, 0x00, 0x00, 0x00, 0x00, 0xd6, 0x00, 0x00,
  0x00, 0x00, 0x00, 0x00, 0x00, 0x00, 0xd6, 0x00, 0x00, 0x00, 0x00, 0x00,
  0x00, 0x00, 0x00, 0x00, 0x00, 0x00, 0x00, 0x00, 0x00, 0xdb, 0x00, 0x00,
  0x00, 0x00, 0xdb, 0xd9, 0xe1, 0x00, 0x00, 0x00, 0x00, 0x00, 0x00, 0x00,
  0x00, 0xd7, 0x00, 0x00, 0x00, 0x00, 0x00, 0x00, 0x00, 0x00, 0x00, 0x00,
  0x00, 0x00, 0x00, 0xe0, 0x00, 0x00, 0x00, 0x00, 0x00, 0x00, 0x00, 0x00,
  0x00, 0x00, 0x00, 0xd9, 0x00, 0x00, 0x00, 0x00, 0x00, 0x00, 0x00, 0x00,
  0x00, 0x00, 0x00, 0xde, 0x00, 0xdd, 0x00, 0xdf, 0x00, 0xdb, 0x00, 0x00,
  0x00, 0x00, 0x00, 0x00, 0x00, 0x00, 0x00, 0x00, 0x00, 0x00, 0x00, 0x39,
  0x00, 0x00, 0x00, 0x00, 0x00, 0x38, 0x00, 0x00, 0x00, 0x00, 0x00, 0x00,
  0x00, 0x00, 0x00, 0x00, 0x00, 0x31, 0x00, 0x00, 0x00, 0x31, 0x00, 0x00,
  0x00, 0xcf, 0x00, 0x00, 0x00, 0x00, 0x48, 0x00, 0x00, 0x00, 0x00, 0x00,
  0x49, 0x00, 0x00, 0xef, 0x00, 0x00, 0x43, 0x00, 0xd7, 0xef, 0x00, 0x00,
  0x00, 0x00, 0x00, 0x00, 0x00, 0x00, 0x00, 0xd5, 0x00, 0x00, 0x00, 0x00,
  0x00, 0x00, 0x00, 0x00, 0x00, 0x00, 0x3d, 0x00, 0x00, 0x00, 0xbd, 0x00,
  0x00, 0x00, 0x00, 0x00, 0xbe, 0x32, 0x40, 0x00, 0x00, 0x00, 0x00, 0x00,
  0x2b, 0x00, 0xd9, 0x00, 0x00, 0x00, 0x46, 0x00, 0x00, 0x00, 0x00, 0x00,
  0x34, 0x00, 0x00, 0x00, 0x00, 0xfa, 0x44, 0x00, 0x00, 0x00, 0x00, 0x35,
  0x39, 0x00, 0x00, 0x00, 0x00, 0x00, 0x26, 0x00, 0x00, 0x00, 0xc1, 0x00,
  0x28, 0x00, 0x00, 0x00, 0xcd, 0x3d, 0x37, 0x00, 0x00, 0x00, 0x00, 0x00,
  0x00, 0x00, 0x00, 0x00, 0x00, 0x00, 0x2f, 0x00, 0x00, 0x00, 0x00, 0x3b,
  0x2a, 0xdd, 0x00, 0x00, 0x00, 0x00, 0x30, 0x00, 0x00, 0x00, 0x00, 0x41,
  0x2b, 0x00, 0x00, 0x00, 0x00, 0x00, 0x00, 0xce, 0x00, 0x35, 0x00, 0x00,
  0x00, 0x00, 0x00, 0x34, 0x00, 0x00, 0x00, 0x00, 0x00, 0x00, 0x00, 0x00,
  0x26, 0x00, 0x00, 0x41, 0x00, 0x00, 0x2b, 0xe1, 0x00, 0x43, 0xc9, 0x00,
  0x00, 0x00, 0x00, 0x2d, 0xce, 0x00, 0x00, 0x00, 0x00, 0x00, 0x00, 0x00,
  0x00, 0xda, 0xd3, 0x00, 0x00, 0x3e, 0x31, 0xd4, 0xd0, 0x00, 0x00, 0x00,
  0x24, 0x00, 0x00, 0xf5, 0x00, 0x00, 0x00, 0x00, 0x00, 0x00, 0x00, 0x00,
  0x2a, 0x00, 0x00, 0x00, 0x00, 0x00, 0x00, 0xdd, 0x00, 0x00, 0xcd, 0x00,
  0x00, 0x19, 0x00, 0x28, 0xcd, 0x00, 0x00, 0x00, 0x00, 0x26, 0x00, 0x00,
  0x2e, 0x00, 0x00, 0x00, 0x00, 0x00, 0x00, 0x00, 0x00, 0x00, 0x00, 0x00,
  0x00, 0x00, 0x00, 0x00, 0x00, 0x00, 0x00, 0xe2, 0x00, 0xd8, 0x00, 0x00,
  0x00, 0x00, 0xd3, 0x00, 0x00, 0x00, 0x00, 0x1e, 0xd9, 0x00, 0x00, 0x00,
  0x00, 0x00, 0x00, 0x00, 0xca, 0x00, 0x37, 0x32, 0x00, 0x00, 0x00, 0x27,
  0x37, 0x00, 0x00, 0x32, 0x00, 0x00, 0x21, 0x00, 0x00, 0x49, 0xd1, 0x00,
  0x00, 0x00, 0x00, 0x39, 0x00, 0x29, 0x00, 0x30, 0x00, 0x00, 0x00, 0x00,
  0x00, 0x3a, 0x00, 0x00, 0x00, 0x00, 0x00, 0x00, 0x00, 0x00, 0x00, 0x00,
  0x00, 0x28, 0x00, 0x00, 0x00, 0x2b, 0x00, 0x2d, 0x00, 0x00, 0xdc, 0x00,
  0x00, 0x00, 0x00, 0x00, 0x00, 0x00, 0x00, 0x31, 0x00, 0x22, 0xdf, 0x00,
  0x00, 0x00, 0x00, 0x23, 0xd8, 0x00, 0x00, 0x24, 0x00, 0x00, 0x00, 0x00,
  0xd8, 0x00, 0x00, 0x00, 0x0d, 0x00, 0x00, 0x00, 0x00, 0x00, 0x00, 0x00,
  0x00, 0x2c, 0xd6, 0x00, 0x00, 0x00, 0x00, 0x00, 0x00, 0xeb, 0x17, 0x00,
  0x00, 0x00, 0xd8, 0x00, 0x00, 0x00, 0x00, 0x00, 0x00, 0x00, 0x00, 0x00,
  0x00, 0x00, 0x00, 0x00, 0x00, 0x29, 0x00, 0x00, 0x00, 0x00, 0x00, 0x00,
  0x00, 0xf2, 0x00, 0x2c, 0x00, 0x00, 0xcb, 0xef, 0x00, 0x00, 0x00, 0x00,
  0x00, 0xf1, 0x00, 0x00, 0x00, 0x00, 0x00, 0x00, 0x00, 0x00, 0x0c, 0x00,
  0x00, 0x00, 0x00, 0x00, 0x0b, 0x00, 0x00, 0x00, 0x00, 0x00, 0x00, 0x00,
  0x00, 0x00, 0x00, 0x00, 0x00, 0x00, 0xd0, 0x00, 0x00, 0x00, 0x00, 0x00,
  0x00, 0x00, 0x00, 0x00, 0x00, 0x00, 0x00, 0xf0, 0x00, 0x00, 0x00, 0x00,
  0x00, 0x00, 0x00, 0x00, 0x00, 0x00, 0x11, 0x00, 0x00, 0x00, 0x11, 0x00,
  0x1b, 0x00, 0x00, 0x00, 0x12, 0x00, 0x00, 0xde, 0x00, 0x00, 0x00, 0x00,
  0x00, 0x00, 0x00, 0xe2, 0x00, 0x00, 0x23, 0x00, 0x00, 0x00, 0x00, 0x00,
  0x00, 0x00, 0xd9, 0x30, 0x00, 0x00, 0x00, 0x00, 0x00, 0x00, 0xba, 0x00,
  0x29, 0x00, 0x00, 0x00, 0xbe, 0x00, 0x00, 0x00, 0x00, 0x00, 0xb6, 0x00,
  0x2c, 0x00, 0x00, 0x00, 0xd5, 0x00, 0x00, 0x29, 0x00, 0x00, 0xc2, 0x00,
  0x00, 0x13, 0x00, 0x00, 0xd8, 0x00, 0x00, 0x29, 0x00, 0x00, 0x00, 0x00,
  0x00, 0x25, 0x00, 0x00, 0x00, 0x00, 0x00, 0x24, 0x00, 0x00, 0xc9, 0x00,
  0x00, 0x00, 0x00, 0x00, 0xcb, 0x00, 0x00, 0x28, 0x00, 0x00, 0xd1, 0xef,
  0x00, 0x07, 0x00, 0x38, 0x00, 0x00, 0x00, 0xfe, 0x1e, 0x00, 0x1e, 0x00,
  0xe3, 0x1e, 0x00, 0x00, 0x00, 0x00, 0x00, 0x00, 0x00, 0x00, 0x00, 0x00,
  0x00, 0x00, 0x00, 0x1e, 0x00, 0x00, 0x00, 0x00, 0x00, 0xdc, 0xe0, 0x00,
  0x00, 0x00, 0xdc, 0x00, 0x00, 0x00, 0x00, 0x00, 0x00, 0x00, 0x00, 0x00,
  0x00, 0x00, 0x00, 0x00, 0x00, 0x00, 0x00, 0x00, 0x1c, 0x00, 0x00, 0x00,
  0x00, 0x00, 0x00, 0x00, 0x1d, 0x00, 0x00, 0x00, 0x00, 0x1d, 0x00, 0x00,
  0x00, 0x00, 0x00, 0xe3, 0x00, 0x00, 0x00, 0x00, 0x00, 0x1f, 0x20, 0x00,
  0x00, 0x00, 0x00, 0x00, 0x00, 0x00, 0x20, 0x00, 0x00, 0x00, 0x00, 0xe3,
  0x00, 0xdc, 0x00, 0x00, 0x00, 0x00, 0x00, 0x00, 0x00, 0x00, 0x00, 0x00,
  0x00, 0x00, 0xe1, 0x00, 0x1f, 0x00, 0x00, 0x00, 0x00, 0xe2, 0x00, 0x00,
  0xdf, 0x00, 0x00, 0x00, 0x00, 0x00, 0xe5, 0x00, 0x00, 0x00, 0x00, 0x00,
  0x00, 0x00, 0x00, 0x00, 0x00, 0x1c, 0x00, 0xdc, 0xe1, 0x00, 0xdc, 0x00,
  0x00, 0x00, 0x00, 0x00, 0x00, 0xde, 0xe1, 0x00, 0x00, 0x1c, 0x00, 0x00,
  0x00, 0x00, 0x00, 0x00, 0x00, 0x00, 0xe4, 0xdf, 0x00, 0x00, 0x00, 0x00,
  0x00, 0x00, 0x00, 0x00, 0x00, 0x00, 0xdd, 0x00, 0x00, 0x00, 0xe3, 0x00,
  0x00, 0xe1, 0x00, 0x00, 0x00, 0x00, 0x00, 0x00, 0x00, 0x20, 0xe0, 0xde,
  0x1f, 0xdf, 0x00, 0xe3, 0xdd, 0x00, 0x00, 0x00, 0x00, 0x00, 0x00, 0x00,
  0xdc, 0x00, 0x00, 0x00, 0x00, 0x00, 0x00, 0x1f, 0x00, 0x00, 0x1d, 0x00,
  0x00, 0x00, 0x00, 0x00, 0xe2, 0x00, 0x00, 0x00, 0x00, 0x00, 0x00, 0x00,
  0x00, 0xe4, 0x00, 0x00, 0x00, 0x00, 0x00, 0x00, 0x00, 0x00, 0x00, 0x00,
  0x00, 0x00, 0x00, 0x00, 0x00, 0x00, 0x00, 0x00, 0x00, 0x00, 0x00, 0x00,
  0xde, 0x00, 0x00, 0x00, 0xdd, 0x00, 0x1e, 0x00, 0x00, 0x1d, 0x00, 0x00,
  0x00, 0x00, 0x00, 0x00, 0x00, 0x00, 0x00, 0x00, 0x00, 0x00, 0x1c, 0x00,
  0x00, 0x00, 0xdc, 0x00, 0x00, 0xde, 0x1d, 0x00, 0x00, 0xdd, 0xdf, 0xe1,
  0x00, 0x00, 0x00, 0x00, 0x00, 0x00, 0x00, 0x00, 0x00, 0x00, 0x00, 0x00,
  0x00, 0x00, 0x1f, 0x00, 0x00, 0x00, 0x00, 0xdc, 0xdc, 0x00, 0x00, 0xe1,
  0x00, 0x00, 0x00, 0x00, 0x00, 0x00, 0x00, 0x1e, 0x00, 0xdd, 0xdc, 0xe1,
  0x00, 0xdc, 0x00, 0xdd, 0x00, 0x00, 0x00, 0x00, 0x00, 0x00, 0x00, 0x00,
  0x00, 0x1d, 0x00, 0x00, 0xdf, 0x00, 0x00, 0x00, 0x00, 0x00, 0x00, 0x00,
  0x00, 0x00, 0x00, 0xdc, 0x00, 0x00, 0x00, 0x00, 0x00, 0x00, 0x1c, 0x00,
  0x00, 0x00, 0xe2, 0x00, 0x00, 0xe4, 0x00, 0x00, 0x00, 0x00, 0xe2, 0x00,
  0x00, 0xe0, 0x00, 0x00, 0x00, 0x00, 0x00, 0x00, 0x00, 0x00, 0x00, 0x00,
  0x00, 0x00, 0x00, 0x1e, 0x00, 0x00, 0x00, 0x00, 0x00, 0x00, 0x20, 0x00,
  0x00, 0x00, 0x00, 0x00, 0x00, 0x00, 0xe0, 0x00, 0x00, 0x00, 0x00, 0xe3,
  0xe3, 0x00, 0xe4, 0x00, 0x00, 0x00, 0x00, 0x00, 0x1c, 0x00, 0x00, 0x1f,
  0x20, 0x00, 0x00, 0x00, 0x00, 0xdf, 0x00, 0xdc, 0x1b, 0x00, 0x00, 0x00,
  0x00, 0x00, 0xdd, 0x00, 0xe3, 0x00, 0x1f, 0xe3, 0x00, 0x00, 0x00, 0x00,
  0x00, 0x00, 0x1e, 0x00, 0x00, 0x00, 0x00, 0x00, 0x1f, 0x00, 0x00, 0xde,
  0x00, 0x00, 0x00, 0x00, 0x00, 0x00, 0x00, 0x00, 0x00, 0x1c, 0x1e, 0xe0,
  0xe1, 0x00, 0x00, 0x00, 0x00, 0x00, 0x00, 0x00, 0x00, 0x00, 0x00, 0x00,
  0x00, 0x00, 0x00, 0x00, 0x00, 0x00, 0x00, 0x00, 0x00, 0x00, 0x00, 0x00,
  0x00, 0x00, 0x00, 0x00, 0x00, 0x00, 0x00, 0x00, 0x00, 0x00, 0xe4, 0x00,
  0xe1, 0xe4, 0x00, 0x00, 0x00, 0x1e, 0x00, 0x00, 0xe0, 0x00, 0x00, 0x00,
  0x00, 0x00, 0xde, 0x00, 0x00, 0x00, 0x00, 0x00, 0x00, 0x00, 0x00, 0x00,
  0x00, 0x00, 0x00, 0x00, 0x00, 0xdd, 0x00, 0x00, 0xde, 0x00, 0x00, 0x00,
  0x00, 0x00, 0x00, 0x00, 0x00, 0x00, 0x1f, 0x00, 0x00, 0x00, 0x00, 0x1e,
  0x00, 0x00, 0x00, 0x00, 0x00, 0xe2, 0xdf, 0x1c, 0x00, 0x00, 0x00, 0x00,
  0xe2, 0x00, 0x00, 0x00, 0xe2, 0x00, 0x1f, 0x00, 0xe2, 0x00, 0x00, 0x00,
  0xe0, 0x00, 0x00, 0x00, 0x00, 0x00, 0x00, 0x00, 0x00, 0x00, 0x00, 0x00,
  0x1e, 0x00, 0x00, 0x00, 0x00, 0x00, 0x00, 0x00, 0x00, 0x00, 0xde, 0x00,
  0x00, 0x00, 0x20, 0x00, 0x00, 0x00, 0x00, 0x00, 0x00, 0x00, 0x00, 0x00,
  0x00, 0xe6, 0x00, 0x00, 0x00, 0xc0, 0x00, 0x00, 0x00, 0x00, 0x00, 0xad,
  0x00, 0x00, 0x1d, 0x00, 0x00, 0x00, 0x00, 0x00, 0x1e, 0x00, 0x00, 0x00,
  0x00, 0x00, 0x1a, 0x00, 0x00, 0x00, 0x00, 0x00, 0x1b, 0x22, 0x00, 0x00,
  0x00, 0x00, 0x00, 0x2d, 0x00, 0x00, 0x00, 0x00, 0x00, 0x2a, 0x00, 0xbf,
  0x00, 0xe4, 0x00, 0x00, 0x00, 0x00, 0xd8, 0x00, 0x00, 0x00, 0x00, 0x00,
  0xd2, 0xda, 0x00, 0x00, 0x00, 0x00, 0x00, 0x00, 0x00, 0x00, 0x00, 0x00,
  0x00, 0x00, 0x00, 0x00, 0x00, 0x00, 0x00, 0x00, 0x00, 0x00, 0x00, 0x0d,
  0x00, 0xe5, 0x00, 0x00, 0x00, 0x00, 0xc1, 0x00, 0x00, 0x00, 0x00, 0xc9,
  0x00, 0xf7, 0x00, 0x00, 0x00, 0x00, 0x00, 0xf6, 0x00, 0x00, 0x00, 0x00,
  0xbd, 0xe8, 0x00, 0x00, 0x00, 0x00, 0x00, 0xf9, 0x00, 0x00, 0x31, 0x00,
  0x02, 0x00, 0x00, 0x00, 0x00, 0xc7, 0x00, 0xe7, 0x1d, 0x00, 0x3a, 0xc4,
  0x00, 0x00, 0x00, 0x00, 0x00, 0x00, 0x0b, 0x00, 0x00, 0x35, 0x00, 0x00,
  0x00, 0xef, 0x00, 0x44, 0x2c, 0x00, 0x00, 0xef, 0x00, 0x55, 0x36, 0x00,
  0x0a, 0x00, 0x00, 0x43, 0x3e, 0xd8, 0x00, 0xdd, 0x00, 0x00, 0x44, 0xcd,
  0x00, 0xd3, 0x00, 0x00, 0x39, 0x00, 0x19, 0x00, 0x00, 0x00, 0x00, 0x00,
  0x00, 0xdb, 0x00, 0x00, 0x00, 0x00, 0x00, 0xbf, 0x00, 0x00, 0x36, 0xd0,
  0x00, 0xea, 0x00, 0x00, 0x00, 0xd4, 0x00, 0xd5, 0x00, 0x00, 0x00, 0x00,
  0x00, 0xce, 0x00, 0x00, 0x00, 0x00, 0x00, 0x00, 0x00, 0x2c, 0xf8, 0xd4,
  0x00, 0x00, 0x00, 0x2f, 0xf9, 0x00, 0x00, 0x00, 0x00, 0x00, 0xeb, 0x00,
  0x00, 0x00, 0x00, 0x00, 0x00, 0x00, 0x00, 0x00, 0x00, 0x00, 0x00, 0x00,
  0x00, 0x00, 0x00, 0x00, 0x00, 0x00, 0xe4, 0x00, 0x00, 0x25, 0x00, 0x00,
  0x00, 0x00, 0x00, 0x00, 0xef, 0x00, 0x00, 0x00, 0x00, 0x00, 0xeb, 0xd4,
  0xdd, 0x24, 0x00, 0x00, 0x00, 0xd6, 0x00, 0x00, 0x00, 0x29, 0x00, 0x00,
  0x00, 0x00, 0x00, 0x2a, 0x00, 0x00, 0x00, 0x00, 0x00, 0x00, 0x00, 0x00,
  0x00, 0x00, 0x00, 0x00, 0x00, 0x00, 0x00, 0x00, 0x00, 0x00, 0x00, 0x00,
  0x00, 0x00, 0x00, 0x00, 0x00, 0x00, 0xdd, 0x00, 0x00, 0x00, 0x00, 0x00,
  0x00, 0x00, 0x00, 0x00, 0x00, 0xdc, 0x00, 0x22, 0x00, 0x00, 0x00, 0x00,
  0xd3, 0x00, 0x00, 0x00, 0x29, 0x00, 0xe0, 0x00, 0x00, 0x00, 0x27, 0x00,
  0x00, 0x00, 0x00, 0x00, 0x00, 0x00, 0x00, 0x00, 0x00, 0x00, 0x2a, 0x00,
  0x00, 0x00, 0x00, 0x00, 0x2f, 0x00, 0x00, 0x00, 0x00, 0x25, 0x2f, 0xd2,
  0x00, 0x00, 0x00, 0x2d, 0x34, 0x00, 0x28, 0x00, 0x00, 0x2f, 0x37, 0x00,
  0x00, 0x00, 0x00, 0x36, 0x42, 0xd4, 0x22, 0x00, 0x00, 0x2c, 0x46, 0x00,
  0x00, 0x00, 0x00, 0x1f, 0x3f, 0x00, 0x28, 0x00, 0x00, 0x00, 0x45, 0xce,
  0x21, 0x00, 0x00, 0x00, 0x44, 0x00, 0x00, 0x00, 0x00, 0x00, 0x3d, 0x00,
  0x00, 0xd1, 0x00, 0x00, 0x34, 0x00, 0x00, 0xd0, 0x00, 0xee, 0x00, 0x00,
  0x00, 0x00, 0x00, 0x00, 0x00, 0x00, 0x00, 0x00, 0x00, 0x00, 0x00, 0x00,
  0x00, 0x00, 0x00, 0x00, 0x00, 0x00, 0x00, 0x00, 0x25, 0x00, 0x00, 0x00,
  0x00, 0x00, 0x00, 0x00, 0x00, 0x00, 0x00, 0x00, 0x00, 0x00, 0x00, 0x00,
  0xe3, 0x00, 0x00, 0x00, 0x00, 0x00, 0x00, 0x00, 0x00, 0x00, 0x00, 0x00,
  0x00, 0x00, 0x00, 0x1f, 0x00, 0x00, 0x00, 0x00, 0x00, 0x00, 0x00, 0x00,
  0x00, 0x00, 0x00, 0x00, 0x00, 0x00, 0x00, 0xe7, 0x00, 0x00, 0x00, 0x00,
  0xd3, 0x26, 0x00, 0x00, 0x00, 0x00, 0x00, 0x00, 0x00, 0x32, 0x00, 0x21,
  0x00, 0x00, 0x00, 0x2e, 0x00, 0x00, 0x00, 0x00, 0x00, 0x24, 0x00, 0x00,
  0x00, 0xf0, 0x00, 0x00, 0x00, 0x00, 0x00, 0x00, 0x00, 0x00, 0x00, 0x00,
  0x00, 0x00, 0x00, 0x00, 0x00, 0x00, 0x00, 0x00, 0x00, 0x00, 0x35, 0x00,
  0x00, 0x00, 0x00, 0x00, 0x00, 0x00, 0xd8, 0x00, 0x00, 0xea, 0x00, 0x00,
  0x00, 0x00, 0x00, 0x00, 0x00, 0x00, 0x00, 0x00, 0x00, 0x00, 0x00, 0x00,
  0x00, 0x00, 0x00, 0x00, 0x00, 0x00, 0x00, 0x00, 0x00, 0x28, 0x00, 0x00,
  0x00, 0x00, 0x00, 0x00, 0x2f, 0x00, 0x34, 0x00, 0x00, 0x2d, 0x2f, 0x00,
  0x00, 0x00, 0x00, 0x00, 0x34, 0x00, 0x00, 0x00, 0x00, 0x00, 0x00, 0x00,
  0x00, 0x00, 0x00, 0x00, 0x00, 0x00, 0x00, 0x00, 0x00, 0xd8, 0x00, 0x00,
  0x00, 0x00, 0x00, 0xcc, 0x00, 0x00, 0x00, 0x00, 0x00, 0xd3, 0x00, 0x00,
  0x00, 0x00, 0x00, 0x00, 0x00, 0x00, 0x16, 0x00, 0x00, 0x00, 0x00, 0x00,
  0x00, 0xd8, 0x00, 0x00, 0x00, 0xfc, 0xd4, 0x00, 0x00, 0x00, 0x00, 0x00,
  0x00, 0x00, 0x00, 0x00, 0x00, 0x00, 0x00, 0x00, 0x00, 0x00, 0x00, 0x3f,
  0x00, 0x00, 0x00, 0x00, 0x00, 0x00, 0x00, 0x00, 0x00, 0x00, 0x00, 0x00,
  0x00, 0xe0, 0x00, 0x00, 0x00, 0x35, 0x00, 0xde, 0x00, 0x00, 0x00, 0x00,
  0x00, 0x00, 0x00, 0x00, 0x00, 0x00, 0x00, 0xda, 0x00, 0x00, 0x00, 0x35,
  0x00, 0x00, 0x00, 0x00, 0x00, 0x00, 0x00, 0xe0, 0x00, 0x00, 0x00, 0x32,
  0x00, 0x00, 0x00, 0xd8, 0xdd, 0x00, 0xd2, 0x00, 0x00, 0x00, 0x00, 0x2f,
  0x00, 0x21, 0x00, 0x00, 0xde, 0x00, 0x00, 0x28, 0x00, 0x00, 0x00, 0x00,
  0x00, 0x00, 0x00, 0x00, 0xdc, 0x00, 0x00, 0x00, 0x00, 0x00, 0x00, 0x00,
  0xde, 0x00, 0x00, 0x00, 0xda, 0x00, 0xd8, 0x00, 0x00, 0x00, 0x00, 0x00,
  0x00, 0x00, 0x00, 0xcf, 0x00, 0x00, 0xd6, 0x1d, 0x00, 0xc6, 0x00, 0x37,
  0x00, 0x19, 0x00, 0xd2, 0x00, 0x00, 0x00, 0x00, 0x00, 0x00, 0x00, 0x00,
  0x00, 0x00, 0x00, 0x00, 0x00, 0x33, 0xdd, 0x00, 0x00, 0x00, 0x00, 0x00,
  0x00, 0x00, 0x00, 0x00, 0x00, 0x00, 0x00, 0x00, 0x00, 0x00, 0x00, 0x39,
  0x00, 0x00, 0x00, 0x19, 0x00, 0x3e, 0x00, 0x00, 0x00, 0x00, 0x00, 0x00,
  0x00, 0x00, 0x00, 0x00, 0x14, 0x3b, 0x00, 0xde, 0x00, 0x00, 0x00, 0x00,
  0x00, 0x00, 0x00, 0x00, 0x00, 0x46, 0x00, 0x00, 0x00, 0x00, 0x00, 0x00,
  0x00, 0x00, 0x00, 0x00, 0x00, 0x00, 0x00, 0x00, 0x00, 0x00, 0x00, 0x00,
  0x00, 0x00, 0x00, 0x00, 0x00, 0x00, 0x00, 0x00, 0x00, 0x00, 0x00, 0x00,
  0xd9, 0x00, 0x00, 0x00, 0x1c, 0x00, 0x00, 0x00, 0x00, 0x00, 0x1a, 0x00,
  0x00, 0x00, 0x00, 0x00, 0x22, 0x00, 0x00, 0x00, 0x00, 0x00, 0x18, 0x00,
  0x00, 0x00, 0x00, 0x00, 0x00, 0x3b, 0x00, 0x00, 0x00, 0x00, 0x00, 0x00,
  0x00, 0xdd, 0x00, 0x00, 0x00, 0x00, 0x00, 0x00, 0x00, 0xd8, 0x00, 0x3b,
  0xd6, 0x00, 0x00, 0xdf, 0x00, 0x3f, 0xce, 0x00, 0x00, 0xc5, 0x00, 0x00,
  0x00, 0x00, 0x00, 0xc6, 0x00, 0x30, 0x00, 0x00, 0x00, 0xd6, 0x00, 0x00,
  0x00, 0x00, 0x00, 0x00, 0x00, 0x00, 0x00, 0x00, 0x00, 0x00, 0x00, 0x00,
  0x00, 0x00, 0x00, 0x00, 0x00, 0x30, 0x00, 0x00, 0x00, 0x00, 0x00, 0x00,
  0x00, 0x00, 0x00, 0x00, 0x00, 0x00, 0x00, 0x00, 0x00, 0x00, 0x00, 0x00,
  0x00, 0x00, 0x00, 0x00, 0x00, 0x00, 0x00, 0x18, 0x00, 0xe5, 0x20, 0x00,
  0x00, 0x00, 0xe0, 0xdc, 0x00, 0x00, 0x00, 0x00, 0xe2, 0x00, 0x00, 0x00,
  0x00, 0x00, 0x00, 0xd8, 0x00, 0x00, 0x00, 0x00, 0x00, 0x00, 0x00, 0x00,
  0x00, 0x00, 0x00, 0x00, 0x00, 0x00, 0x00, 0x00, 0x00, 0x00, 0x00, 0x00,
  0x00, 0x00, 0x00, 0x00, 0x00, 0x00, 0x00, 0x00, 0x00, 0x00, 0x1d, 0x35,
  0x00, 0x29, 0x00, 0xcb, 0x00, 0x33, 0x00, 0x2a, 0x00, 0xd7, 0x00, 0x00,
  0x00, 0x22, 0x00, 0x00, 0x00, 0x00, 0xcb, 0x00, 0x00, 0x00, 0x00, 0x00,
  0xce, 0x1e, 0x00, 0x00, 0xd6, 0x35, 0xc6, 0x30, 0x00, 0xe6, 0x00, 0x00,
  0x00, 0x4c, 0x00, 0x00, 0x00, 0x00, 0xcd, 0x44, 0x00, 0xe4, 0x00, 0x00,
  0xd5, 0x31, 0x00, 0xe0, 0x00, 0x00, 0x00, 0x36, 0x00, 0xe5, 0x00, 0x00,
  0x00, 0x22, 0x00, 0x00, 0x1c, 0x00, 0x00, 0x2d, 0x00, 0x00, 0x00, 0x00,
  0x00, 0x45, 0x00, 0x00, 0x00, 0x2f, 0xd2, 0x37, 0x00, 0x00, 0x00, 0x00,
  0x00, 0x00, 0x00, 0x00, 0x00, 0x38, 0xd3, 0x00, 0x00, 0x00, 0x1c, 0x00,
  0x00, 0x00, 0x00, 0x00, 0x00, 0x00, 0xd0, 0x3a, 0x00, 0x00, 0x1e, 0x39,
  0x00, 0x00, 0x00, 0x00, 0x00, 0x2d, 0x00, 0x00, 0x00, 0xdc, 0x22, 0x00,
  0x00, 0x00, 0x00, 0xdf, 0x00, 0x40, 0x00, 0x00, 0x00, 0x00, 0x00, 0x38,
  0x00, 0x00, 0x00, 0x00, 0x00, 0x00, 0x00, 0x00, 0x00, 0x00, 0x00, 0x00,
  0x00, 0x00, 0x00, 0x00, 0x00, 0x00, 0x00, 0x00, 0x00, 0x00, 0x00, 0x00,
  0x00, 0x00, 0x00, 0x00, 0x00, 0x00, 0x00, 0x00, 0x00, 0x00, 0x00, 0x00,
  0x00, 0x00, 0x1c, 0xe4, 0x00, 0x00, 0x00, 0x00, 0x00, 0x00, 0xe2, 0xde,
  0x00, 0x00, 0x00, 0x00, 0x00, 0x00, 0x00, 0x00, 0x00, 0xdd, 0x00, 0x00,
  0x00, 0x1e, 0x20, 0x00, 0x00, 0x1f, 0xe2, 0x00, 0x00, 0xdd, 0x00, 0x1f,
  0x00, 0x00, 0x00, 0x00, 0x00, 0x00, 0x00, 0xdc, 0x00, 0x00, 0x00, 0x00,
  0x00, 0x1f, 0x00, 0x00, 0x00, 0x00, 0x20, 0x00, 0x00, 0x1d, 0x00, 0x00,
  0x00, 0x1c, 0x00, 0x00, 0xe1, 0x00, 0x00, 0x00, 0x00, 0x00, 0x00, 0x1d,
  0x00, 0x1d, 0x00, 0x1c, 0x00, 0x1e, 0x00, 0x00, 0x00, 0x00, 0xdc, 0x00,
  0xe2, 0xdd, 0xe4, 0x1c, 0x00, 0x00, 0x00, 0xdd, 0x00, 0xe0, 0x00, 0xdd,
  0x00, 0xdc, 0x00, 0x00, 0x00, 0x1e, 0x1f, 0x00, 0x00, 0xe3, 0x00, 0x00,
  0x00, 0x00, 0xde, 0x00, 0x00, 0x00, 0x00, 0x00, 0x00, 0x00, 0x00, 0x00,
  0x00, 0x1b, 0x00, 0x00, 0x00, 0x1c, 0x00, 0x1e, 0x00, 0x00, 0x00, 0x00,
  0x00, 0x00, 0x00, 0x00, 0x00, 0x00, 0x00, 0x00, 0x00, 0xe3, 0xe0, 0x00,
  0x00, 0x00, 0x00, 0x00, 0x00, 0x00, 0x00, 0x00, 0x00, 0x00, 0xe3, 0x00,
  0x00, 0x00, 0x00, 0x00, 0x00, 0x00, 0x00, 0x00, 0xdd, 0x00, 0x00, 0x00,
  0x00, 0x00, 0x00, 0x00, 0xdc, 0xe3, 0x00, 0x00, 0x00, 0x00, 0x00, 0x00,
  0xe1, 0x00, 0xdd, 0x00, 0x00, 0x00, 0x00, 0xdc, 0x1d, 0x1d, 0x00, 0xdc,
  0x00, 0x00, 0x00, 0x00, 0x00, 0x00, 0x00, 0x00, 0x00, 0x00, 0x20, 0x00,
  0x00, 0x00, 0x00, 0x00, 0x00, 0x00, 0x00, 0x00, 0x00, 0x00, 0x00, 0x00,
  0x1c, 0x1d, 0x00, 0x00, 0x00, 0x00, 0x00, 0x00, 0x00, 0xe3, 0xe1, 0x00,
  0x00, 0x00, 0x00, 0x00, 0x00, 0x00, 0xdb, 0x1c, 0x00, 0x00, 0x00, 0x00,
  0x00, 0x00, 0x00, 0x00, 0x00, 0xe3, 0x00, 0x00, 0x00, 0xdf, 0x00, 0x00,
  0x00, 0xe2, 0x1c, 0x1f, 0x00, 0x00, 0x1b, 0x00, 0x00, 0x00, 0x00, 0x00,
  0x00, 0x00, 0x00, 0x1d, 0x00, 0x00, 0x00, 0x00, 0x00, 0xe0, 0x00, 0x00,
  0x00, 0xe2, 0xe1, 0x00, 0x00, 0x00, 0x00, 0x00, 0x00, 0x00, 0x00, 0x00,
  0x00, 0x00, 0x00, 0xe2, 0x00, 0x00, 0x00, 0x00, 0x00, 0x1c, 0x00, 0x00,
  0x00, 0xe5, 0x00, 0xe4, 0x00, 0x00, 0x00, 0x00, 0x00, 0x00, 0x00, 0x00,
  0x00, 0x00, 0x00, 0x00, 0x00, 0x1e, 0x00, 0x1c, 0x00, 0x00, 0x1c, 0xe0,
  0x00, 0x00, 0x00, 0x00, 0x00, 0x00, 0x00, 0x00, 0x00, 0x00, 0xdd, 0x00,
  0x00, 0xdc, 0xe0, 0x00, 0x00, 0xdb, 0x00, 0x00, 0x1c, 0x00, 0x00, 0x1f,
  0x00, 0x00, 0x00, 0x00, 0x00, 0x00, 0x00, 0x00, 0x00, 0xde, 0x00, 0x00,
  0x00, 0x1c, 0x00, 0x1d, 0x00, 0x20, 0xe1, 0x00, 0x00, 0x00, 0x00, 0x00,
  0x00, 0xdf, 0xe0, 0x00, 0x00, 0xe3, 0x00, 0x00, 0x00, 0xe1, 0x00, 0xe0,
  0x00, 0x00, 0x00, 0x00, 0x00, 0x00, 0x00, 0x00, 0x00, 0x00, 0x00, 0x00,
  0x00, 0x00, 0xe3, 0x00, 0xe3, 0x00, 0x1c, 0x00, 0x00, 0x00, 0x1d, 0x00,
  0x00, 0xe3, 0x00, 0x00, 0xe4, 0x00, 0x00, 0xde, 0xe0, 0x00, 0x00, 0x00,
  0x00, 0x00, 0x00, 0x00, 0x1d, 0x1e, 0x00, 0x00, 0x00, 0x00, 0x00, 0x00,
  0x00, 0x00, 0x1d, 0x00, 0x00, 0x00, 0x00, 0x00, 0x00, 0x00, 0x00, 0x00,
  0x00, 0x00, 0x00, 0x00, 0xe3, 0xdc, 0x00, 0xe2, 0x00, 0x00, 0x00, 0x00,
  0xdc, 0x20, 0x00, 0x00, 0x00, 0x00, 0x00, 0x1f, 0x00, 0x00, 0x00, 0x1d,
  0x00, 0x00, 0x00, 0x00, 0x00, 0x00, 0x00, 0x00, 0x00, 0x00, 0x00, 0xdd,
  0x00, 0x00, 0x00, 0x1d, 0xe2, 0x00, 0x00, 0x00, 0x00, 0x1f, 0x00, 0x00,
  0xe1, 0x00, 0x00, 0x00, 0x00, 0xdd, 0xdf, 0x00, 0xe0, 0x00, 0x00, 0x00,
  0x00, 0x1f, 0xde, 0xe0, 0x00, 0x00, 0xe0, 0x00, 0x00, 0x00, 0xe4, 0x00,
  0x00, 0x00, 0x00, 0x00, 0x00, 0x00, 0x00, 0x00, 0x00, 0x00, 0x00, 0x1c,
  0x00, 0x00, 0xdf, 0x00, 0x00, 0xe4, 0x00, 0x00, 0x00, 0x00, 0x00, 0x00,
  0xdd, 0x00, 0x00, 0x00, 0xe4, 0x00, 0x00, 0x00, 0x00, 0xe4, 0x00, 0xe3,
  0x00, 0x00, 0x1f, 0x00, 0x00, 0x00, 0xe3, 0x00, 0x00, 0x1f, 0x00, 0x00,
  0x20, 0x00, 0x00, 0x00, 0x00, 0x00, 0x00, 0x00, 0x00, 0x00, 0x00, 0x00,
  0x00, 0x00, 0x00, 0x00, 0x00, 0x1d, 0x00, 0xdf, 0x00, 0x00, 0x00, 0x1d,
  0x00, 0x00, 0xdd, 0x00, 0x00, 0x00, 0xdc, 0x00, 0x00, 0x00, 0x00, 0x00,
  0x00, 0x00, 0x00, 0x00, 0x00, 0x20, 0xe3, 0x00, 0x00, 0x00, 0x00, 0x00,
  0xdd, 0x00, 0x00, 0x00, 0x00, 0x00, 0xe1, 0x00, 0x00, 0x00, 0x00, 0x00,
  0x00, 0x00, 0xdd, 0x00, 0xdf, 0x00, 0x00, 0x00, 0x00, 0x00, 0x00, 0x00,
  0x1c, 0xdf, 0x00, 0xe0, 0x00, 0x00, 0x00, 0x00, 0x00, 0x00, 0x00, 0x00,
  0x00, 0x20, 0xdc, 0x00, 0xde, 0x00, 0x1f, 0xdd, 0x00, 0x00, 0x00, 0x1d,
  0x00, 0x00, 0x00, 0x00, 0x00, 0x00, 0x00, 0xe2, 0x00, 0xe2, 0xe1, 0x00,
  0x00, 0x00, 0x20, 0x00, 0x00, 0x00, 0x00, 0x00, 0x00, 0x00, 0x00, 0x00,
  0x00, 0x00, 0x00, 0x00, 0x00, 0x00, 0x00, 0x00, 0x00, 0x00, 0x00, 0x00,
  0x00, 0x00, 0x00, 0xe2, 0x00, 0x1e, 0x00, 0x00, 0x00, 0x00, 0x00, 0x00,
  0x00, 0x00, 0x1e, 0x00, 0xdc, 0x1d, 0x00, 0x1e, 0x00, 0x1d, 0x00, 0x00,
  0x00, 0x00, 0x1b, 0x00, 0x00, 0xe3, 0x00, 0x00, 0x00, 0x00, 0x00, 0xdf,
  0x00, 0x00, 0x00, 0xdd, 0x00, 0x00, 0x00, 0x00, 0x00, 0xe3, 0x00, 0x00,
  0x00, 0x00, 0x00, 0x00, 0x00, 0x00, 0xdc, 0x00, 0x00, 0x00, 0x00, 0x00,
  0x00, 0x00, 0xe1, 0xe1, 0x00, 0x00, 0x00, 0x00, 0x00, 0x1c, 0x00, 0xe3,
  0x00, 0x00, 0x00, 0x00, 0x00, 0x00, 0xdd, 0xe2, 0x00, 0x00, 0x00, 0x00,
  0x00, 0xe4, 0xdb, 0x00, 0x00, 0x00, 0x00, 0xe0, 0x00, 0x00, 0x00, 0x00,
  0x00, 0x00, 0x00, 0x00, 0x00, 0x00, 0x00, 0x00, 0x1f, 0x00, 0x00, 0x00,
  0x00, 0x00, 0x00, 0x00, 0x1c, 0x00, 0x00, 0x00, 0xdd, 0x00, 0x00, 0x00,
  0x00, 0x00, 0x00, 0x00, 0x00, 0x00, 0x00, 0x1d, 0x00, 0x00, 0x00, 0xe4,
  0x00, 0x00, 0xe1, 0x00, 0x00, 0x00, 0x00, 0x00, 0x00, 0xdf, 0x00, 0xde,
  0x00, 0xe0, 0x1d, 0x00, 0x00, 0x00, 0x00, 0xde, 0x00, 0x00, 0x1c, 0x00,
  0xe0, 0x00, 0x1f, 0x00, 0x00, 0x00, 0x00, 0x00, 0x00, 0x00, 0x00, 0x00,
  0x00, 0x00, 0x00, 0x00, 0x00, 0x00, 0x00, 0xe2, 0x00, 0x00, 0x00, 0x00,
  0x00, 0x00, 0x00, 0x00, 0x00, 0x00, 0xe2, 0x00, 0x00, 0xe1, 0x00, 0x00,
  0x00, 0x1f, 0x00, 0x00, 0x00, 0x00, 0x00, 0x00, 0x00, 0x00, 0x00, 0x00,
  0x00, 0x00, 0xe0, 0xe0, 0x00, 0x00, 0x00, 0x00, 0x1d, 0xe0, 0xde, 0x00,
  0x00, 0x00, 0x00, 0x00, 0x00, 0x00, 0x00, 0x00, 0x00, 0xe1, 0x20, 0x00,
  0x00, 0x00, 0x1c, 0x00, 0x00, 0x00, 0xe3, 0x00, 0x00, 0x00, 0x00, 0x00,
  0xe3, 0x00, 0x00, 0x00, 0xe2, 0x00, 0x00, 0x00, 0xdc, 0x00, 0x00, 0x00,
  0x1f, 0x00, 0x00, 0x1f, 0xde, 0x00, 0x00, 0x00, 0x00, 0x00, 0x00, 0x00,
  0x00, 0x00, 0x00, 0x00, 0x00, 0x00, 0x00, 0x00, 0x00, 0x00, 0x1c, 0x00,
  0x00, 0x00, 0x00, 0x00, 0xdc, 0x1c, 0x1e, 0x00, 0x00, 0x1c, 0x00, 0x00,
  0x00, 0xdd, 0x1b, 0x00, 0x00, 0x00, 0x00, 0x00, 0x00, 0x00, 0x00, 0x00,
  0x00, 0x1c, 0xe5, 0x00, 0xe4, 0x1d, 0x00, 0x00, 0x00, 0x1e, 0x00, 0x00,
  0x00, 0xde, 0x00, 0x00, 0x00, 0x00, 0x00, 0x00, 0x00, 0x00, 0x00, 0x00,
  0x1c, 0xdd, 0xde, 0x00, 0x00, 0x00, 0x00, 0xe1, 0x00, 0x00, 0x00, 0x00,
  0x00, 0x1c, 0x00, 0x00, 0xe4, 0x00, 0x00, 0x00, 0x00, 0x00, 0x00, 0xdc,
  0x1e, 0x00, 0x00, 0x1c, 0x00, 0x00, 0x00, 0x00, 0x00, 0x00, 0x00, 0x00,
  0xdf, 0x00, 0x00, 0x00, 0x00, 0x00, 0x00, 0x00, 0x00, 0x00, 0xe3, 0x00,
  0x20, 0x00, 0xde, 0x00, 0xdd, 0x00, 0x00, 0x00, 0x00, 0x00, 0xdf, 0x00,
  0x00, 0x00, 0x00, 0x1d, 0x00, 0x00, 0xe0, 0x00, 0x00, 0x00, 0x00, 0x00,
  0xe2, 0x00, 0x00, 0x00, 0x00, 0xdd, 0x00, 0x00, 0x00, 0x00, 0x00, 0x00,
  0x00, 0xe3, 0x00, 0xdf, 0x1e, 0x00, 0x00, 0x00, 0x00, 0xdf, 0x00, 0x00,
  0x00, 0x00, 0x20, 0x00, 0x00, 0x00, 0x00, 0x00, 0x00, 0xe1, 0x20, 0x1f,
  0xe1, 0x00, 0x00, 0x00, 0x00, 0x00, 0xde, 0x00, 0x00, 0x00, 0xdd, 0x00,
  0xdc, 0x00, 0x00, 0x00, 0x1d, 0x00, 0x00, 0x00, 0xde, 0x1d, 0x00, 0x00,
  0x00, 0x00, 0x00, 0x00, 0x00, 0x00, 0x00, 0x00, 0x00, 0x00, 0x00, 0xde,
  0x00, 0x00, 0x00, 0x00, 0x00, 0x00, 0xe1, 0x00, 0x00, 0x00, 0x00, 0x00,
  0x00, 0xe2, 0xde, 0x00, 0x00, 0x00, 0x00, 0x00, 0x00, 0x00, 0x00, 0x00,
  0x00, 0x00, 0x00, 0x00, 0x00, 0x00, 0x1f, 0x00, 0x00, 0x00, 0x00, 0x00,
  0x00, 0xdf, 0x1e, 0x00, 0x00, 0x20, 0x00, 0x00, 0xe3, 0x00, 0x1e, 0x00,
  0x00, 0x00, 0x20, 0x00, 0x20, 0xe0, 0x00, 0x00, 0x20, 0x00, 0xe2, 0xe4,
  0x00, 0x00, 0x00, 0x00, 0x00, 0xe1, 0x00, 0x00, 0x00, 0x00, 0x00, 0x00,
  0xe4, 0x00, 0x00, 0x00, 0x00, 0x00, 0x00, 0x00, 0x00, 0x00, 0x00, 0x00,
  0x00, 0x00, 0x00, 0x00, 0xdf, 0x00, 0xe3, 0x22, 0x00, 0xe4, 0x00, 0x00,
  0x00, 0xe3, 0x00, 0xe4, 0x00, 0x00, 0xe0, 0x1e, 0xdf, 0x00, 0x00, 0x00,
  0x00, 0x00, 0x00, 0xde, 0x00, 0x00, 0x21, 0x00, 0x00, 0x00, 0x00, 0x00,
  0x00, 0x00, 0x00, 0x00, 0xe4, 0x00, 0x00, 0xe0, 0x00, 0x00, 0x00, 0x00,
  0x22, 0x00, 0x00, 0x00, 0x1c, 0x00, 0x00, 0x1f, 0x00, 0xde, 0xe3, 0x00,
  0x00, 0x00, 0x00, 0x00, 0x00, 0x00, 0x00, 0x00, 0x00, 0xde, 0x00, 0x1f,
  0x00, 0x00, 0x00, 0x00, 0xe0, 0x00, 0x00, 0x00, 0x00, 0x00, 0x00, 0x00,
  0x00, 0x00, 0x00, 0x00, 0x00, 0x00, 0x00, 0x00, 0x00, 0x00, 0x00, 0x00,
  0x00, 0x1b, 0x00, 0x00, 0x00, 0x00, 0x00, 0x00, 0x00, 0x00, 0x00, 0x00,
  0x00, 0x00, 0x00, 0xe2, 0x00, 0x00, 0x00, 0x00, 0x1d, 0x22, 0x00, 0x1c,
  0x00, 0x20, 0x1d, 0x00, 0x22, 0x00, 0x00, 0x00, 0x00, 0x00, 0x00, 0x00,
  0x00, 0x00, 0x00, 0x00, 0x00, 0x00, 0x00, 0xe5, 0x00, 0x00, 0x1e, 0x00,
  0x00, 0xe0, 0x00, 0x00, 0x00, 0x00, 0x1d, 0x00, 0xe0, 0x00, 0x00, 0x00,
  0x00, 0xe4, 0xe0, 0xe3, 0x00, 0x00, 0x00, 0x1f, 0x00, 0x00, 0x00, 0x1d,
  0x00, 0x00, 0x00, 0x00, 0x1d, 0x00, 0x20, 0x00, 0x00, 0x00, 0x00, 0x1c,
  0x1d, 0x00, 0x00, 0x00, 0x00, 0x00, 0x00, 0x00, 0x00, 0x00, 0x00, 0x00,
  0xe5, 0x00, 0x00, 0x22, 0x00, 0x00, 0xdf, 0x00, 0xde, 0x00, 0x00, 0x00,
  0x00, 0x00, 0x00, 0x00, 0x00, 0x00, 0x00, 0xdf, 0x00, 0x00, 0x00, 0x00,
  0x00, 0x00, 0x00, 0x00, 0x00, 0x00, 0x00, 0x00, 0x00, 0x00, 0x00, 0x00,
  0x00, 0x00, 0x1b, 0x00, 0x00, 0xdf, 0x00, 0xe4, 0xdf, 0x1c, 0x00, 0x00,
  0x1e, 0x00, 0x00, 0x00, 0x00, 0x00, 0x00, 0x00, 0x00, 0x00, 0x00, 0x00,
  0x00, 0x00, 0x00, 0x00, 0x00, 0x00, 0x00, 0x00, 0x00, 0x00, 0x00, 0xe1,
  0x00, 0x00, 0x00, 0x00, 0x00, 0x00, 0x00, 0xe3, 0x21, 0x00, 0x00, 0x00,
  0x00, 0x00, 0xe3, 0x00, 0x21, 0x00, 0x00, 0x00, 0x00, 0x00, 0x00, 0x00,
  0x00, 0x1e, 0x00, 0xdf, 0x00, 0x00, 0x00, 0xdf, 0x00, 0x00, 0x00, 0x00,
  0x00, 0x00, 0x00, 0x00, 0x00, 0xe3, 0x00, 0x00, 0x00, 0x00, 0x20, 0xe0,
  0x00, 0x00, 0x00, 0x00, 0x00, 0xe5, 0x00, 0x00, 0x00, 0x00, 0x00, 0xe1,
  0x00, 0xe2, 0x00, 0x00, 0x1e, 0x00, 0x00, 0xe1, 0x00, 0x22, 0x00, 0x00,
  0x00, 0x00, 0x00, 0x00, 0x00, 0xe5, 0x1c, 0x00, 0xe4, 0x00, 0xdf, 0x00,
  0x00, 0x1c, 0x00, 0x22, 0x00, 0x00, 0x00, 0x00, 0xe1, 0x00, 0x00, 0x00,
  0x00, 0xe3, 0x00, 0x00, 0x00, 0x1c, 0x22, 0x00, 0x00, 0x1e, 0xdf, 0x00,
  0x00, 0x00, 0x20, 0xe1, 0x00, 0x00, 0x00, 0x22, 0x00, 0x00, 0xe1, 0x00,
  0x00, 0x00, 0x00, 0x00, 0x00, 0xe0, 0x00, 0x00, 0x00, 0x00, 0x00, 0x00,
  0x00, 0x1b, 0x00, 0x00, 0x00, 0x1b, 0x00, 0x00, 0x00, 0x00, 0x00, 0x00,
  0x00, 0x00, 0x00, 0x00, 0x00, 0x22, 0x00, 0x00, 0x1f, 0x00, 0x00, 0x00,
  0x00, 0x1d, 0x00, 0x00, 0x00, 0x1e, 0x00, 0x00, 0x00, 0x00, 0x00, 0xe1,
  0x00, 0xe1, 0x00, 0x00, 0x00, 0x00, 0x00, 0x00, 0xe4, 0x00, 0xde, 0x00,
  0x00, 0xdf, 0xe1, 0x00, 0x00, 0x21, 0x00, 0x00, 0x00, 0x00, 0x00, 0x1c,
  0x00, 0x00, 0xe3, 0x22, 0x00, 0x00, 0x00, 0x00, 0xe2, 0x00, 0x00, 0x00,
  0x00, 0xe4, 0xde, 0xe0, 0x00, 0xdf, 0x00, 0x1b, 0x00, 0x00, 0x00, 0x00,
  0x00, 0x00, 0x00, 0x00, 0x00, 0x00, 0x00, 0x00, 0xde, 0x00, 0x00, 0x00,
  0xdf, 0x00, 0x00, 0xe3, 0x00, 0x00, 0x00, 0xe4, 0x1e, 0x00, 0x00, 0x00,
  0x00, 0x00, 0x00, 0x00, 0x00, 0x00, 0xe4, 0x00, 0x00, 0xe1, 0x00, 0x00,
  0xe1, 0xe1, 0x00, 0x00, 0x00, 0x00, 0xe4, 0x00, 0x00, 0x00, 0xe2, 0x00,
  0x00, 0x00, 0x00, 0x00, 0x00, 0x00, 0x00, 0xde, 0xde, 0x00, 0x00, 0xdf,
  0x00, 0x00, 0x00, 0x00, 0x22, 0x1c, 0x21, 0x00, 0x00, 0x00, 0x00, 0x1f,
  0x00, 0x00, 0x00, 0x20, 0xdc, 0x00, 0x00, 0x00, 0x00, 0xe2, 0x00, 0x00,
  0x00, 0x00, 0x00, 0xdf, 0x00, 0x00, 0x00, 0x00, 0x00, 0x00, 0x1f, 0x00,
  0x00, 0x20, 0x00, 0x00, 0x00, 0x00, 0x1f, 0x00, 0x00, 0xdd, 0x00, 0x00,
  0x00, 0x00, 0x00, 0x00, 0x00, 0x00, 0x00, 0x00, 0x00, 0x00, 0x00, 0x1e,
  0xe3, 0x00, 0x00, 0x00, 0x00, 0x1d, 0xe4, 0x00, 0x00, 0x00, 0x00, 0x00,
  0x00, 0xe4, 0x00, 0x00, 0xdf, 0x00, 0x00, 0xde, 0xde, 0x00, 0x00, 0x00,
  0x00, 0x00, 0x00, 0x00, 0x00, 0x20, 0x00, 0x00, 0x1e, 0x00, 0xdc, 0x00,
  0x00, 0x00, 0x00, 0x00, 0xe0, 0x00, 0x00, 0x00, 0x00, 0x00, 0x00, 0x00,
  0xe2, 0x00, 0x00, 0x00, 0x00, 0x00, 0x00, 0x00, 0x00, 0x1c, 0x00, 0x00,
  0x00, 0x00, 0x1f, 0x00, 0x00, 0xdf, 0x00, 0x00, 0x00, 0x00, 0x00, 0x00,
  0x00, 0xdc, 0x00, 0x00, 0x00, 0x00, 0x00, 0x1d, 0x1e, 0xe1, 0x00, 0x00,
  0x00, 0x00, 0xe4, 0xe2, 0x00, 0x00, 0x00, 0x00, 0xe4, 0x00, 0x00, 0x00,
  0x00, 0x00, 0x00, 0x00, 0x00, 0x00, 0x00, 0x00, 0x00, 0x00, 0xe4, 0x00,
  0x00, 0x00, 0xe0, 0x00, 0xe0, 0x00, 0x00, 0x00, 0xe1, 0x00, 0x00, 0x00,
  0x00, 0x00, 0x00, 0xe2, 0x00, 0x00, 0x00, 0x1e, 0x00, 0x00, 0x00, 0xdc,
  0x00, 0x00, 0xe4, 0x00, 0x00, 0x00, 0x00, 0xe4, 0x00, 0x00, 0x00, 0x00,
  0x00, 0x00, 0x20, 0x00, 0x00, 0x00, 0x00, 0x00, 0xe5, 0x00, 0x00, 0x00,
  0x1d, 0x00, 0x00, 0x00, 0x00, 0x00, 0x00, 0x00, 0x00, 0x00, 0x1e, 0x1f,
  0x00, 0x00, 0x1f, 0x1d, 0x00, 0x00, 0x00, 0x00, 0x00, 0x00, 0x00, 0x00,
  0x00, 0x00, 0x00, 0x00, 0xde, 0xde, 0x20, 0x00, 0xe2, 0xdd, 0xdd, 0x00,
  0x00, 0x00, 0x00, 0x00, 0x00, 0x00, 0x00, 0x00, 0x00, 0x00, 0x00, 0x00,
  0xdb, 0x1b, 0x00, 0xe1, 0xe4, 0x00, 0x00, 0x1e, 0x00, 0x00, 0x00, 0x00,
  0xe4, 0xe5, 0x00, 0x00, 0x00, 0x00, 0x00, 0x00, 0xe2, 0x00, 0x00, 0x00,
  0x00, 0x00, 0x00, 0x00, 0x00, 0x00, 0x00, 0x00, 0x00, 0x00, 0xdd, 0x00,
  0x00, 0x00, 0x1e, 0xe3, 0x00, 0xe3, 0x20, 0x00, 0x00, 0x00, 0x00, 0x00,
  0xe5, 0x00, 0x00, 0x00, 0x00, 0x00, 0x00, 0x1c, 0x00, 0x00, 0x00, 0x00,
  0x00, 0x00, 0x00, 0x00, 0xdc, 0x1d, 0x00, 0x00, 0x00, 0x00, 0x00, 0x00,
  0xdd, 0x00, 0x00, 0x00, 0x00, 0x00, 0xe3, 0x00, 0x00, 0x00, 0x00, 0x00,
  0x00, 0x00, 0x00, 0x00, 0x00, 0x00, 0x00, 0x00, 0x00, 0x00, 0xe4, 0x00,
  0x00, 0xe0, 0x00, 0x00, 0x00, 0x00, 0x00, 0x00, 0x00, 0x00, 0x00, 0x00,
  0x00, 0x00, 0x00, 0xe2, 0x00, 0xe4, 0x00, 0x00, 0xdf, 0xdf, 0x00, 0x00,
  0xe4, 0x00, 0x00, 0x00, 0x00, 0x00, 0x00, 0xe1, 0x00, 0x00, 0xdc, 0xdc,
  0x00, 0x00, 0x00, 0x00, 0xe3, 0x00, 0x00, 0x00, 0x00, 0x00, 0x00, 0xe3,
  0x00, 0x00, 0x00, 0xe0, 0xdc, 0x00, 0x00, 0x00, 0x00, 0x00, 0x00, 0x00,
  0x00, 0x00, 0x1d, 0x00, 0x00, 0x00, 0x00, 0x00, 0x1d, 0x00, 0x00, 0x00,
  0x20, 0x00, 0x00, 0x00, 0x1e, 0x00, 0x1c, 0x00, 0x00, 0x00, 0xe1, 0x00,
  0x00, 0x1f, 0x00, 0x1e, 0x00, 0x00, 0x00, 0xdd, 0xdd, 0xdc, 0x00, 0x00,
  0x00, 0x00, 0x00, 0x00, 0x00, 0x00, 0x00, 0x00, 0x00, 0x00, 0x00, 0x00,
  0x00, 0xe0, 0x00, 0xdc, 0xe2, 0xe2, 0x00, 0x00, 0x00, 0x00, 0x00, 0xdc,
  0x00, 0x00, 0x00, 0x1d, 0x00, 0x00, 0x00, 0x00, 0xe5, 0x00, 0x1c, 0x00,
  0x00, 0x00, 0x00, 0x00, 0x00, 0xdc, 0x00, 0x00, 0x00, 0x00, 0x00, 0x00,
  0xe0, 0x00, 0x00, 0x00, 0x00, 0xe3, 0x00, 0x00, 0x00, 0x00, 0x00, 0x1f,
  0x00, 0x00, 0x00, 0xe1, 0x00, 0x1d, 0x1d, 0x00, 0x00, 0x00, 0x00, 0x00,
  0x00, 0x00, 0x00, 0xdd, 0x00, 0x00, 0x1f, 0x00, 0x00, 0x00, 0xe3, 0x00,
  0x00, 0x00, 0x00, 0x1e, 0x00, 0x00, 0x20, 0x00, 0x00, 0xde, 0xdc, 0x00,
  0x00, 0x00, 0x00, 0x00, 0x00, 0x00, 0x00, 0x00, 0x00, 0x00, 0x00, 0x1f,
  0x00, 0x00, 0x00, 0x00, 0xe2, 0x00, 0x00, 0x00, 0x00, 0x1d, 0x00, 0x00,
  0xdc, 0x00, 0x00, 0x00, 0x00, 0x00, 0x00, 0x1c, 0x00, 0x1f, 0x00, 0x00,
  0x00, 0x1c, 0x00, 0x00, 0x00, 0x00, 0x00, 0x00, 0x1f, 0x00, 0x00, 0x00,
  0x00, 0x1e, 0x00, 0xdd, 0x00, 0x00, 0x00, 0x00, 0x00, 0x00, 0x00, 0x00,
  0x00, 0x00, 0x00, 0x00, 0x00, 0x00, 0x00, 0x00, 0x00, 0x00, 0x00, 0x00,
  0x00, 0x00, 0x00, 0x00, 0x00, 0xda, 0x00, 0x00, 0xde, 0x00, 0x00, 0x00,
  0x00, 0x00, 0x00, 0x00, 0x00, 0x00, 0x00, 0x00, 0x00, 0x00, 0xe3, 0x00,
  0x00, 0xdc, 0x00, 0x1d, 0x00, 0x00, 0xd9, 0x00, 0xde, 0x1e, 0x00, 0x00,
  0x00, 0x00, 0x00, 0x00, 0x00, 0x00, 0xe4, 0x00, 0x00, 0x00, 0x00, 0x00,
  0x00, 0xdc, 0xdd, 0x00, 0x00, 0x00, 0x00, 0x00, 0x00, 0x00, 0x00, 0x00,
  0xe2, 0x00, 0x00, 0x00, 0x00, 0x00, 0x00, 0x00, 0x00, 0x00, 0x00, 0x00,
  0x00, 0xe3, 0x00, 0x00, 0x00, 0xe4, 0x00, 0x00, 0x00, 0x00, 0x00, 0x00,
  0x00, 0x00, 0x1c, 0x00, 0x00, 0x00, 0xda, 0x00, 0x00, 0x00, 0x00, 0x00,
  0xe5, 0x00, 0x00, 0xdd, 0x00, 0x1c, 0x00, 0x00, 0x00, 0x00, 0x00, 0x00,
  0x00, 0x00, 0x00, 0x00, 0x00, 0x00, 0xdb, 0x00, 0x00, 0x00, 0x00, 0xe2,
  0x00, 0x00, 0x00, 0xdf, 0x00, 0x00, 0x1c, 0x1e, 0x00, 0xe1, 0x00, 0x00,
  0xdc, 0x00, 0x00, 0xde, 0x00, 0x00, 0x00, 0x00, 0x00, 0x00, 0x00, 0x00,
  0x00, 0x00, 0x00, 0x00, 0xdc, 0x00, 0x1e, 0x00, 0x00, 0xde, 0x00, 0x00,
  0x00, 0x00, 0x00, 0x00, 0x00, 0x00, 0x00, 0x00, 0xdb, 0x00, 0xe0, 0x00,
  0x00, 0x00, 0x00, 0x00, 0x00, 0xdc, 0x00, 0x00, 0x00, 0x00, 0x00, 0x00,
  0x00, 0x00, 0x00, 0x00, 0x00, 0x00, 0x00, 0x00, 0x00, 0x00, 0xe1, 0x00,
  0xdd, 0x00, 0x00, 0x00, 0x00, 0x00, 0x00, 0x00, 0x00, 0x1c, 0x00, 0x00,
  0x00, 0x00, 0xe2, 0x00, 0x00, 0xdc, 0x00, 0x00, 0x00, 0xdd, 0x00, 0x00,
  0x00, 0x00, 0x00, 0x1d, 0x00, 0x00, 0x00, 0x00, 0x00, 0x00, 0x00, 0x00,
  0x00, 0x00, 0x00, 0xdf, 0x00, 0x00, 0x00, 0x00, 0x00, 0xde, 0x00, 0x00,
  0x00, 0x00, 0x00, 0x00, 0x00, 0x00, 0x00, 0x1c, 0xe3, 0x00, 0x00, 0x00,
  0x00, 0x00, 0x00, 0x00, 0xe1, 0xdd, 0xe3, 0x00, 0x00, 0xe1, 0x00, 0x00,
  0x00, 0x00, 0x00, 0x00, 0x00, 0x00, 0x00, 0x00, 0x00, 0x00, 0x00, 0x00,
  0x00, 0x00, 0x00, 0x00, 0x00, 0x00, 0x00, 0x00, 0x00, 0xd9, 0x00, 0xe3,
  0x00, 0x00, 0x00, 0xe4, 0x00, 0x00, 0x00, 0xe3, 0x00, 0xe2, 0x1e, 0x00,
  0x00, 0x00, 0x00, 0x00, 0x00, 0x00, 0x00, 0x00, 0x00, 0x1b, 0x00, 0x00,
  0x00, 0x00, 0x00, 0x1c, 0x00, 0x00, 0x00, 0x00, 0x00, 0x00, 0x1c, 0x00,
  0x00, 0x00, 0x00, 0x00, 0x00, 0x00, 0x00, 0x00, 0x00, 0xe4, 0x00, 0x00,
  0x00, 0x00, 0x00, 0x00, 0x00, 0x00, 0x00, 0x00, 0x00, 0x00, 0xdc, 0x00,
  0x00, 0x00, 0x00, 0x00, 0x00, 0xdb, 0x00, 0x00, 0xde, 0x00, 0x00, 0x00,
  0x00, 0x00, 0x00, 0x00, 0xde, 0x00, 0x00, 0x1e, 0x00, 0xe2, 0x00, 0x00,
  0x00, 0x1d, 0x00, 0xde, 0x00, 0x00, 0x00, 0x00, 0x00, 0x00, 0x00, 0x1c,
  0x00, 0x00, 0x00, 0xe2, 0xdf, 0x00, 0x00, 0x1e, 0x00, 0x00, 0xe3, 0x00,
  0x00, 0x00, 0x00, 0xd8, 0x00, 0x00, 0x00, 0xdf, 0xe0, 0x00, 0x00, 0x00,
  0x00, 0x00, 0xdf, 0x00, 0x00, 0x00, 0x00, 0x00, 0xe3, 0x00, 0x00, 0x00,
  0x1c, 0x00, 0xdf, 0x00, 0x00, 0x00, 0x00, 0x00, 0x00, 0xde, 0x00, 0x00,
  0x00, 0x00, 0x00, 0xe2, 0x00, 0x00, 0x00, 0x00, 0x00, 0x00, 0x00, 0x00,
  0x00, 0x00, 0xe0, 0x00, 0x00, 0x00, 0x00, 0x00, 0x00, 0x00, 0xdd, 0x00,
  0x00, 0x00, 0x00, 0x00, 0xe2, 0x00, 0xd9, 0x00, 0x00, 0x00, 0x00, 0x00,
  0x00, 0x00, 0xe3, 0x00, 0x00, 0x00, 0x00, 0x00, 0x00, 0x00, 0xe2, 0x00,
  0x00, 0xe3, 0x00, 0x1e, 0x00, 0x00, 0x00, 0x00, 0x00, 0x00, 0x00, 0x00,
  0x00, 0x00, 0x00, 0x00, 0x00, 0xe4, 0x00, 0x00, 0x00, 0x00, 0x00, 0x00,
  0x1d, 0x00, 0x00, 0x00, 0x00, 0x00, 0x00, 0x00, 0x00, 0x00, 0x00, 0xdc,
  0x00, 0x00, 0x00, 0x00, 0x00, 0x00, 0x00, 0x00, 0x00, 0xe3, 0x00, 0x00,
  0x00, 0x00, 0x00, 0x00, 0xe1, 0xd9, 0x00, 0x00, 0x00, 0x00, 0x00, 0x00,
  0x00, 0x00, 0x00, 0x00, 0x00, 0x00, 0x00, 0x00, 0x00, 0x00, 0x00, 0x00,
  0x00, 0x00, 0x00, 0x00, 0x00, 0x00, 0x00, 0x00, 0x00, 0x1c, 0x00, 0x00,
  0xdb, 0xe1, 0x00, 0x00, 0x00, 0xdc, 0x00, 0x00, 0x00, 0x00, 0x00, 0x00,
  0x00, 0x00, 0x1b, 0x00, 0x00, 0x00, 0x00, 0x00, 0x00, 0x00, 0x00, 0x00,
  0x00, 0x00, 0x00, 0x00, 0x00, 0x00, 0x00, 0xe9, 0x00, 0x00, 0x00, 0x00,
  0x00, 0x00, 0x00, 0x00, 0x3c, 0x00, 0x00, 0x00, 0x00, 0x3e, 0x44, 0x00,
  0x00, 0x00, 0x00, 0x3e, 0x00, 0x00, 0x00, 0x00, 0x00, 0x34, 0x00, 0x00,
  0x00, 0x00, 0x00, 0x00, 0x00, 0x00, 0x00, 0x00, 0x00, 0x00, 0x00, 0x00,
  0x00, 0x00, 0x00, 0x00, 0x00, 0x00, 0x00, 0x00, 0x00, 0x00, 0x00, 0xce,
  0x00, 0x00, 0x00, 0x00, 0x33, 0xd8, 0xd0, 0x00, 0x00, 0x00, 0x27, 0x00,
  0x00, 0x00, 0x00, 0x00, 0x2e, 0x00, 0x00, 0x00, 0x00, 0x48, 0x2d, 0x00,
  0x00, 0x00, 0x00, 0x58, 0x00, 0x00, 0x00, 0x00, 0x00, 0x41, 0x2c, 0x00,
  0x00, 0x00, 0x00, 0x43, 0x00, 0x00, 0x00, 0x00, 0x00, 0x00, 0x00, 0x00,
  0x00, 0x00, 0x00, 0x00, 0x00, 0xd8, 0x00, 0x00, 0x00, 0x00, 0x00, 0x00,
  0x00, 0x00, 0x00, 0x00, 0x00, 0x00, 0x00, 0x00, 0x00, 0x00, 0x00, 0x00,
  0x00, 0x00, 0x00, 0x00, 0x00, 0xd9, 0x00, 0x00, 0x00, 0x00, 0x00, 0x00,
  0x00, 0x00, 0x00, 0x00, 0x00, 0x00, 0xcc, 0x00, 0x00, 0x00, 0x00, 0x00,
  0xcc, 0x00, 0x00, 0x00, 0x00, 0x00, 0x00, 0x32, 0x00, 0x40, 0x00, 0x00,
  0x00, 0x00, 0x00, 0x38, 0x00, 0x00, 0xc9, 0x34, 0x00, 0x00, 0x00, 0x00,
  0x00, 0x00, 0x00, 0x00, 0x00, 0x00, 0x00, 0x00, 0x00, 0x00, 0x00, 0x00,
  0xd0, 0x00, 0x00, 0x35, 0x00, 0x00, 0x00, 0x00, 0x00, 0x34, 0x00, 0xe1,
  0x00, 0x00, 0x00, 0x3b, 0x00, 0x00, 0x00, 0x00, 0x00, 0x00, 0x00, 0x00,
  0x00, 0x00, 0x00, 0x00, 0x00, 0x00, 0xda, 0x00, 0x00, 0x00, 0x4d, 0x00,
  0x00, 0xea, 0xe0, 0x00, 0x4c, 0x00, 0x00, 0x00, 0x00, 0x00, 0x2e, 0x00,
  0x00, 0x00, 0x00, 0x00, 0x2d, 0x00, 0xdd, 0x00, 0x00, 0x4e, 0x00, 0xdf,
  0xd8, 0x00, 0x00, 0x45, 0x00, 0xdd, 0xdc, 0x00, 0x00, 0x48, 0x00, 0x00,
  0x00, 0x00, 0x00, 0x00, 0x00, 0x00, 0x00, 0x00, 0x00, 0x00, 0x27, 0x00,
  0x00, 0x00, 0x00, 0xf7, 0x42, 0xdb, 0x00, 0x00, 0x00, 0xf3, 0x47, 0x00,
  0x00, 0x00, 0x00, 0x00, 0x3b, 0x00, 0x00, 0x00, 0x00, 0x00, 0x00, 0x00,
  0x00, 0x31, 0x00, 0x00, 0x00, 0x00, 0x00, 0x00, 0x00, 0x58, 0x00, 0x00,
  0x00, 0x00, 0x00, 0x6a, 0x00, 0x00, 0x00, 0x00, 0x00, 0x60, 0x00, 0xd9,
  0x00, 0x00, 0x00, 0x59, 0x32, 0x00, 0x00, 0x00, 0xe1, 0x00, 0x2f, 0x00,
  0x00, 0x00, 0x00, 0x00, 0x00, 0x00, 0x1e, 0x00, 0x00, 0x00, 0x00, 0x27,
  0x00, 0x00, 0xde, 0x00, 0x00, 0x00, 0x00, 0x00, 0x00, 0x00, 0x00, 0x00,
  0x00, 0x00, 0x00, 0x00, 0xf2, 0x00, 0x00, 0x00, 0x00, 0x00, 0xee, 0x00,
  0x00, 0x00, 0x00, 0x00, 0x00, 0x00, 0xdd, 0x00, 0x00, 0x00, 0x00, 0x00,
  0x00, 0x28, 0x00, 0x00, 0x00, 0x00, 0x00, 0x00, 0x00, 0x00, 0x00, 0x00,
  0x00, 0x2a, 0x00, 0x00, 0x00, 0x00, 0x00, 0x00, 0x00, 0x3d, 0x00, 0x00,
  0x00, 0x00, 0x00, 0x44, 0x00, 0x00, 0x00, 0x00, 0x00, 0x49, 0x00, 0x27,
  0x00, 0x00, 0x00, 0x63, 0x00, 0x00, 0xe2, 0x00, 0x00, 0x00, 0x00, 0x00,
  0x00, 0x00, 0x00, 0x00, 0x00, 0x00, 0xe4, 0x00, 0x00, 0x00, 0x00, 0x00,
  0x00, 0x00, 0x00, 0x00, 0x42, 0x29, 0x00, 0x00, 0x00, 0x00, 0x2f, 0x00,
  0x00, 0x00, 0x00, 0x00, 0x00, 0x00, 0x00, 0x00, 0x00, 0x00, 0x00, 0x27,
  0x00, 0x00, 0x00, 0x37, 0x00, 0x00, 0x00, 0x00, 0x00, 0x39, 0x00, 0x00,
  0x00, 0x00, 0x00, 0x3e, 0x00, 0x00, 0x00, 0x00, 0x00, 0x27, 0x25, 0x00,
  0x20, 0x00, 0x00, 0x00, 0x3f, 0x00, 0x00, 0x00, 0x00, 0x00, 0x33, 0x00,
  0x00, 0x00, 0x00, 0x00, 0x2c, 0xea, 0x00, 0x00, 0x00, 0x00, 0x00, 0x29,
  0x00, 0x00, 0x00, 0x00, 0x00, 0x00, 0x30, 0x00, 0x00, 0x00, 0x00, 0x00,
  0x00, 0x00, 0x00, 0x48, 0x00, 0x00, 0x37, 0x00, 0x00, 0x4f, 0x00, 0x00,
  0x00, 0x00, 0x00, 0x4a, 0x00, 0x00, 0x32, 0xf9, 0x00, 0x00, 0x00, 0x2e,
  0x2b, 0x00, 0x00, 0x3f, 0x00, 0x30, 0x24, 0x00, 0x00, 0x00, 0x00, 0x36,
  0x00, 0x00, 0x00, 0x3c, 0x00, 0x2c, 0x00, 0x00, 0x00, 0x00, 0x00, 0x39,
  0x00, 0x00, 0x00, 0x00, 0x00, 0x00, 0xdc, 0x00, 0x00, 0x00, 0x00, 0x00,
  0x00, 0x00, 0x00, 0x00, 0x00, 0x00, 0x00, 0x00, 0x1c, 0x00, 0x00, 0x00,
  0x00, 0x00, 0x1f, 0x00, 0x00, 0x00, 0x00, 0x00, 0x00, 0x00, 0x00, 0x00,
  0x00, 0x00, 0xe3, 0x00, 0x00, 0xdf, 0x00, 0x00, 0x00, 0x00, 0x00, 0x00,
  0x00, 0x00, 0x00, 0x00, 0x00, 0x00, 0x00, 0x00, 0xe0, 0x00, 0x00, 0x00,
  0x00, 0x00, 0xe4, 0x00, 0x00, 0xe0, 0xdd, 0x00, 0x00, 0x00, 0x00, 0x00,
  0xe1, 0x1c, 0x00, 0x00, 0x00, 0x00, 0x00, 0x00, 0x00, 0xe4, 0x00, 0xe2,
  0x00, 0xe4, 0x00, 0x00, 0x00, 0x00, 0x1e, 0x00, 0xdd, 0xe1, 0x00, 0x00,
  0x00, 0x00, 0x00, 0x00, 0x00, 0x00, 0x00, 0x00, 0x00, 0x00, 0x00, 0xe1,
  0x00, 0x00, 0x00, 0x00, 0xe5, 0x00, 0x00, 0x1f, 0x00, 0x00, 0x00, 0x00,
  0x00, 0x00, 0x00, 0x00, 0x00, 0xe2, 0x00, 0x00, 0x00, 0x00, 0xdd, 0x1c,
  0x00, 0x00, 0x00, 0x00, 0x00, 0xdd, 0x00, 0x00, 0xde, 0x00, 0x00, 0x1b,
  0x00, 0x00, 0xe2, 0x00, 0x00, 0x00, 0x00, 0x00, 0x00, 0x00, 0x00, 0x00,
  0x00, 0xe4, 0x00, 0xe4, 0xdf, 0x00, 0x00, 0x00, 0x00, 0x00, 0x00, 0x00,
  0x00, 0x00, 0x00, 0x00, 0x00, 0x00, 0x00, 0x00, 0x00, 0x00, 0x00, 0xe2,
  0x00, 0x00, 0x00, 0x00, 0xdd, 0x00, 0xdf, 0x1d, 0x00, 0x00, 0x00, 0x1d,
  0x00, 0xdd, 0x00, 0x00, 0x00, 0x00, 0x00, 0x00, 0x00, 0x00, 0x00, 0x00,
  0x00, 0x00, 0x1c, 0x00, 0x00, 0x00, 0x00, 0x1e, 0x00, 0x1c, 0x00, 0x00,
  0xdc, 0x00, 0x00, 0x00, 0x00, 0x00, 0xdd, 0x1d, 0x00, 0x1c, 0x1f, 0x00,
  0xdf, 0x00, 0x00, 0x00, 0x00, 0xdf, 0x1e, 0xe1, 0x00, 0x1d, 0x00, 0x00,
  0x00, 0x00, 0x00, 0xe0, 0x00, 0xdc, 0x00, 0xe4, 0x00, 0x00, 0x00, 0x00,
  0x1f, 0x00, 0x00, 0x00, 0x00, 0x00, 0x20, 0x1f, 0x00, 0x00, 0x1f, 0x00,
  0x00, 0x00, 0x00, 0x00, 0x1f, 0x00, 0xe3, 0x00, 0x00, 0x00, 0x00, 0x00,
  0x1f, 0x00, 0x00, 0x00, 0xde, 0x00, 0x00, 0xdc, 0xe2, 0x00, 0x00, 0x00,
  0x00, 0x00, 0x1e, 0x00, 0xe3, 0x20, 0x00, 0x00, 0xde, 0x00, 0x00, 0x00,
  0x00, 0x00, 0x00, 0x00, 0x1b, 0x00, 0xe2, 0x00, 0x1c, 0x00, 0xe4, 0x00,
  0x00, 0x00, 0xe4, 0x1c, 0x00, 0x00, 0x00, 0x00, 0xe1, 0x00, 0x00, 0x00,
  0x00, 0x00, 0x00, 0x00, 0xe1, 0xdd, 0x1f, 0x00, 0x00, 0x00, 0x00, 0x00,
  0x00, 0x00, 0x00, 0x00, 0xe0, 0x00, 0x00, 0x00, 0x00, 0x1d, 0x00, 0x00,
  0xe3, 0x00, 0x00, 0x00, 0x1c, 0x1f, 0x00, 0xe0, 0x00, 0x00, 0x00, 0x00,
  0x00, 0x00, 0x00, 0x00, 0x00, 0x1e, 0x00, 0x00, 0x00, 0x00, 0x00, 0x00,
  0x00, 0x00, 0x00, 0x00, 0x00, 0xde, 0x00, 0x00, 0x00, 0x00, 0x00, 0x00,
  0x00, 0x00, 0x00, 0x00, 0x00, 0x1d, 0x1d, 0x00, 0x00, 0x00, 0x00, 0x00,
  0x00, 0xdd, 0x00, 0x00, 0x00, 0x00, 0x00, 0x1e, 0x00, 0x00, 0x00, 0x00,
  0x00, 0x1d, 0x00, 0x00, 0x00, 0x00, 0x00, 0x00, 0x00, 0x00, 0x1b, 0xdd,
  0xdd, 0x1c, 0x00, 0x00, 0x00, 0x00, 0x00, 0x00, 0x00, 0x00, 0x00, 0x00,
  0x00, 0xdf, 0x00, 0x00, 0x00, 0x00, 0x00, 0x00, 0x00, 0x00, 0x00, 0x00,
  0x00, 0x00, 0x00, 0x00, 0x00, 0x00, 0x00, 0x20, 0x1c, 0x00, 0xe4, 0xdd,
  0x00, 0x00, 0x00, 0x1e, 0xdb, 0x00, 0x00, 0x00, 0x1d, 0x00, 0x00, 0x00,
  0xe4, 0x1b, 0x00, 0x20, 0x00, 0x00, 0x00, 0x00, 0xdf, 0x00, 0x00, 0x00,
  0xe4, 0x00, 0x00, 0x00, 0x00, 0x1d, 0xe0, 0x00, 0xe2, 0x00, 0x00, 0x00,
  0x00, 0xde, 0x00, 0x00, 0x00, 0x00, 0x00, 0x00, 0x00, 0x00, 0x00, 0x00,
  0x00, 0x00, 0x00, 0x00, 0x00, 0x00, 0x00, 0x00, 0x00, 0x00, 0xe3, 0x00,
  0x00, 0x00, 0x1d, 0x21, 0xde, 0x00, 0x00, 0x00, 0x00, 0x00, 0x00, 0x00,
  0x00, 0x00, 0x00, 0x00, 0x00, 0x00, 0x00, 0x00, 0x00, 0x00, 0x00, 0x00,
  0xe0, 0xdd, 0x00, 0xe4, 0xdd, 0x00, 0x00, 0x00, 0x00, 0x00, 0x1d, 0xdd,
  0x00, 0x00, 0x00, 0x20, 0x00, 0x00, 0x00, 0xdc, 0x00, 0x00, 0xe4, 0x00,
  0x00, 0x00, 0xe3, 0x00, 0x00, 0x00, 0x00, 0x00, 0x00, 0x00, 0x00, 0xdf,
  0x00, 0x1f, 0x00, 0xde, 0xe3, 0xdc, 0x00, 0x00, 0x00, 0x00, 0x00, 0x00,
  0x00, 0x00, 0x00, 0x00, 0xdc, 0x00, 0x00, 0xe4, 0x00, 0x00, 0x00, 0x00,
  0xdf, 0x00, 0x00, 0x00, 0x00, 0x00, 0xe2, 0x00, 0xe4, 0x00, 0x00, 0x20,
  0x00, 0x00, 0xdc, 0xdd, 0x00, 0x00, 0x00, 0x00, 0xdd, 0x00, 0x00, 0x00,
  0x00, 0x00, 0x00, 0x00, 0x00, 0x00, 0xe2, 0x00, 0x00, 0x00, 0xde, 0x00,
  0x00, 0x00, 0x00, 0x00, 0x00, 0x00, 0x00, 0x00, 0x00, 0x00, 0xe0, 0x00,
  0x00, 0x00, 0x00, 0x00, 0x00, 0x1c, 0x00, 0x00, 0xe4, 0x00, 0x00, 0xdf,
  0x00, 0x00, 0x00, 0x00, 0x00, 0x00, 0x00, 0x00, 0x00, 0x00, 0x00, 0x00,
  0x00, 0x00, 0x00, 0x1e, 0x1f, 0x00, 0x00, 0x00, 0x00, 0x00, 0x00, 0x00,
  0x00, 0x00, 0x00, 0x00, 0xdd, 0xdf, 0x00, 0x00, 0x00, 0x00, 0x00, 0x00,
  0x00, 0xdf, 0x00, 0x00, 0x00, 0x00, 0x1e, 0x00, 0x00, 0x00, 0x20, 0x00,
  0xe2, 0x00, 0x00, 0x20, 0x00, 0x00, 0x00, 0x00, 0x00, 0x00, 0x00, 0x00,
  0x00, 0x00, 0x00, 0x00, 0x00, 0x00, 0x00, 0x1f, 0x00, 0x1f, 0x00, 0xde,
  0x00, 0x00, 0x00, 0x00, 0x00, 0x00, 0x00, 0x20, 0x00, 0x00, 0xe3, 0x00,
  0x00, 0x00, 0x00, 0x00, 0x00, 0x00, 0x00, 0x00, 0x00, 0x00, 0x00, 0x21,
  0x00, 0x00, 0x00, 0x00, 0x00, 0x00, 0x00, 0x00, 0x00, 0xe4, 0x1e, 0x00,
  0x00, 0x00, 0xe0, 0x00, 0x00, 0x00, 0x00, 0x00, 0x00, 0x00, 0xe3, 0x00,
  0x00, 0x00, 0x00, 0x00, 0x00, 0x00, 0x20, 0xdd, 0x00, 0x1d, 0x1b, 0x21,
  0x00, 0x00, 0x00, 0x00, 0x00, 0x00, 0x00, 0x00, 0x00, 0x00, 0x00, 0x00,
  0x00, 0x00, 0x00, 0x00, 0x00, 0x21, 0x00, 0x00, 0xe1, 0x00, 0x00, 0x00,
  0x21, 0x00, 0xdd, 0x00, 0x00, 0xdf, 0xe4, 0x00, 0x1e, 0xe2, 0x00, 0x00,
  0xdd, 0x20, 0x00, 0x00, 0x00, 0x00, 0x00, 0xe3, 0xe4, 0x00, 0x00, 0x00,
  0x1b, 0x00, 0x00, 0x00, 0x00, 0xe0, 0x00, 0x00, 0x00, 0x00, 0x00, 0xe4,
  0x20, 0x1d, 0x00, 0x00, 0x00, 0x00, 0x00, 0xe2, 0x00, 0x00, 0x00, 0x00,
  0x1b, 0x00, 0x00, 0x00, 0x00, 0x00, 0x00, 0x00, 0x00, 0x00, 0x00, 0x00,
  0x00, 0xe3, 0x21, 0x00, 0x00, 0x00, 0x00, 0xe1, 0x00, 0x1e, 0x00, 0x00,
  0x00, 0x00, 0x00, 0x00, 0x00, 0x00, 0x00, 0x21, 0x00, 0xe0, 0x00, 0x00,
  0x00, 0x00, 0xdf, 0xe0, 0x00, 0xe4, 0x00, 0x00, 0xe0, 0x00, 0x00, 0x00,
  0x00, 0x00, 0x00, 0x00, 0x00, 0xe4, 0x00, 0x00, 0x1f, 0x00, 0x00, 0x00,
  0xde, 0x00, 0x00, 0x00, 0x00, 0x00, 0xe0, 0xe4, 0x00, 0x00, 0x00, 0x00,
  0x1d, 0x00, 0xe0, 0x00, 0x1f, 0x00, 0x00, 0xdd, 0x00, 0x20, 0x21, 0x1f,
  0x00, 0x00, 0x1e, 0x00, 0x00, 0x00, 0xe3, 0x00, 0x00, 0x00, 0x00, 0x20,
  0x00, 0x00, 0x00, 0x00, 0x00, 0x00, 0x00, 0x00, 0x00, 0x00, 0x00, 0x00,
  0x00, 0xe2, 0x00, 0x1d, 0xde, 0x00, 0x00, 0x1d, 0x00, 0x00, 0x00, 0x00,
  0xe2, 0xe1, 0x00, 0x00, 0x00, 0xe3, 0x00, 0x00, 0x1f, 0x00, 0x00, 0x00,
  0x00, 0x1c, 0x00, 0x00, 0x00, 0x00, 0x00, 0x00, 0x00, 0xe4, 0xdd, 0xe3,
  0x00, 0x00, 0x00, 0x00, 0x1d, 0x1e, 0xdd, 0x00, 0x00, 0x00, 0xe2, 0x21,
  0x00, 0x1c, 0x00, 0x00, 0x00, 0x00, 0x00, 0x00, 0x00, 0x00, 0x00, 0x00,
  0x00, 0x00, 0x00, 0xe2, 0x00, 0x00, 0x00, 0xdf, 0x00, 0x00, 0x20, 0x00,
  0x00, 0x00, 0x00, 0x00, 0x00, 0x1f, 0x00, 0x00, 0x00, 0x21, 0x00, 0x00,
  0x00, 0x00, 0x20, 0x00, 0x00, 0x00, 0x00, 0x00, 0x00, 0x00, 0x00, 0x00,
  0x00, 0x00, 0x00, 0x00, 0x00, 0xe2, 0x00, 0x00, 0xe4, 0x21, 0xdf, 0xdf,
  0x00, 0x00, 0x00, 0x1c, 0x00, 0x1f, 0x00, 0xdd, 0x00, 0x00, 0x00, 0x00,
  0x00, 0x00, 0x00, 0x00, 0x1f, 0x00, 0x00, 0x00, 0xdd, 0xdd, 0x00, 0x00,
  0x00, 0x00, 0x00, 0x00, 0x00, 0x00, 0xdd, 0xdf, 0x00, 0x00, 0x00, 0x00,
  0x00, 0xe0, 0x00, 0x00, 0x00, 0x00, 0x00, 0x00, 0x00, 0x00, 0x00, 0x00,
  0x1f, 0x00, 0x00, 0x00, 0x00, 0x1f, 0x00, 0x00, 0x00, 0x00, 0x00, 0x00,
  0x00, 0xe5, 0x00, 0x1c, 0x00, 0x00, 0x00, 0xe0, 0x00, 0x00, 0x00, 0x1f,
  0x00, 0x20, 0x00, 0x00, 0x00, 0x00, 0x00, 0xe0, 0x00, 0x20, 0x00, 0xdf,
  0x00, 0x00, 0x00, 0xe0, 0x00, 0x00, 0x00, 0xe0, 0x00, 0x00, 0x00, 0xe4,
  0x00, 0x00, 0xe4, 0x00, 0x00, 0x00, 0x00, 0x00, 0xe2, 0x00, 0x00, 0x00,
  0x00, 0x00, 0x00, 0x00, 0xdd, 0x00, 0xe3, 0x00, 0x00, 0x00, 0x00, 0x00,
  0x00, 0x00, 0x00, 0x00, 0x1f, 0x00, 0x00, 0x00, 0x00, 0x00, 0x1b, 0x00,
  0x20, 0x00, 0x00, 0x00, 0x00, 0x00, 0x21, 0x00, 0x00, 0x00, 0x00, 0x00,
  0x1e, 0x00, 0xdc, 0xdd, 0x00, 0x00, 0x00, 0x00, 0x00, 0x00, 0x00, 0x00,
  0x1d, 0xe3, 0x1e, 0x00, 0x1e, 0x00, 0x00, 0x00, 0x1e, 0x00, 0x00, 0x00,
  0x00, 0x00, 0x00, 0xdf, 0xe0, 0x00, 0x00, 0x00, 0xe1, 0x00, 0x00, 0x00,
  0x00, 0x00, 0x00, 0x1f, 0x00, 0x00, 0x20, 0x00, 0x00, 0x1e, 0x00, 0x00,
  0xe5, 0x00, 0x00, 0x00, 0x1f, 0x1e, 0x00, 0x00, 0x00, 0x00, 0x00, 0x00,
  0x00, 0xdc, 0x00, 0xdc, 0x00, 0xe1, 0x00, 0x00, 0x00, 0xe1, 0x00, 0x00,
  0x00, 0x00, 0x00, 0x1c, 0xe2, 0x00, 0x00, 0x00, 0x00, 0x00, 0x00, 0x00,
  0x00, 0x1d, 0x00, 0x00, 0x00, 0x00, 0x00, 0x00, 0x00, 0x1f, 0x00, 0xdc,
  0x00, 0x00, 0x00, 0x00, 0x00, 0x00, 0x00, 0x00, 0x00, 0x00, 0xdf, 0x00,
  0x00, 0x00, 0x00, 0x00, 0x00, 0x00, 0x00, 0xdb, 0x00, 0x00, 0x00, 0x00,
  0x00, 0xe2, 0x00, 0x00, 0x00, 0x00, 0x00, 0xe3, 0x00, 0x00, 0x00, 0x00,
  0x00, 0x00, 0xdf, 0x00, 0xde, 0x00, 0xe2, 0x00, 0xe2, 0x00, 0x00, 0xdc,
  0x00, 0x00, 0x00, 0x00, 0x00, 0x00, 0x00, 0x00, 0x1b, 0x00, 0x00, 0x00,
  0x00, 0x00, 0x00, 0x00, 0x00, 0x00, 0x20, 0x20, 0x00, 0x00, 0x00, 0x00,
  0x00, 0xe2, 0x00, 0x00, 0x00, 0x00, 0x00, 0x00, 0x00, 0x00, 0x00, 0x00,
  0x1e, 0x00, 0x00, 0xe2, 0x00, 0x00, 0x00, 0x00, 0x00, 0x00, 0x00, 0x00,
  0x00, 0x00, 0xdb, 0x00, 0x00, 0x00, 0x00, 0x1c, 0x00, 0x00, 0x00, 0x00,
  0x00, 0x00, 0x00, 0x00, 0xe1, 0x00, 0x00, 0x00, 0x00, 0x00, 0x00, 0xe4,
  0x00, 0x00, 0x00, 0x00, 0x00, 0x00, 0x1f, 0xe3, 0xdc, 0x00, 0x00, 0x00,
  0x00, 0x00, 0xde, 0x00, 0x00, 0xe2, 0x00, 0x1c, 0x00, 0x00, 0x00, 0x00,
  0xe2, 0x00, 0x00, 0x00, 0x00, 0x1c, 0xde, 0x00, 0x00, 0xdc, 0x00, 0x00,
  0x00, 0xe1, 0x00, 0x00, 0x00, 0x00, 0x00, 0x00, 0x00, 0x00, 0x00, 0x00,
  0x00, 0x00, 0x00, 0x00, 0x00, 0xe4, 0x00, 0x00, 0x00, 0x00, 0x00, 0xdd,
  0x00, 0xdd, 0x00, 0x00, 0x00, 0x00, 0x00, 0x00, 0x00, 0x00, 0xe3, 0x00,
  0xe4, 0x00, 0xe4, 0x00, 0x00, 0x00, 0x00, 0x00, 0x00, 0x00, 0x00, 0xe0,
  0xe0, 0x00, 0x00, 0x00, 0x00, 0x00, 0x20, 0x00, 0x00, 0x00, 0x00, 0x00,
  0x00, 0x00, 0xe3, 0x00, 0x00, 0x00, 0x00, 0x00, 0x00, 0x00, 0x00, 0x00,
  0x20, 0x20, 0x00, 0xe0, 0x00, 0x00, 0x00, 0x00, 0x00, 0x00, 0x1d, 0x00,
  0x00, 0x00, 0x00, 0x00, 0x00, 0x00, 0x00, 0x00, 0x00, 0x00, 0x1d, 0x00,
  0x00, 0x00, 0x00, 0xe4, 0x00, 0x00, 0xe3, 0x00, 0x00, 0x00, 0x00, 0x00,
  0x00, 0x00, 0x1d, 0x00, 0x00, 0x00, 0x00, 0x00, 0xdf, 0x00, 0x00, 0xe3,
  0x00, 0x1f, 0xdf, 0x00, 0x00, 0xe3, 0x00, 0xde, 0x00, 0x1e, 0x00, 0x00,
  0xe3, 0x00, 0x00, 0x00, 0x1e, 0x00, 0xe0, 0x00, 0x00, 0x00, 0x1d, 0xe4,
  0x00, 0x00, 0x00, 0x20, 0x00, 0xdc, 0x00, 0x00, 0x00, 0x00, 0x00, 0x00,
  0xe2, 0x1c, 0xe3, 0x00, 0xe3, 0xdf, 0x00, 0x00, 0x00, 0x00, 0xe3, 0x00,
  0x00, 0xdd, 0x00, 0x00, 0xe1, 0x00, 0x00, 0x00, 0x00, 0x00, 0x00, 0x00,
  0xdf, 0x00, 0xde, 0x00, 0x00, 0x00, 0x00, 0x00, 0x00, 0x00, 0x00, 0x00,
  0x00, 0x00, 0x00, 0xdf, 0x00, 0x00, 0x00, 0x00, 0x00, 0x00, 0x00, 0x20,
  0xde, 0x00, 0x00, 0xe2, 0x1c, 0x00, 0x00, 0x00, 0x00, 0x00, 0xe1, 0x00,
  0xe4, 0x00, 0x00, 0x00, 0x00, 0x00, 0xdf, 0x00, 0x1e, 0x00, 0x00, 0x00,
  0xe5, 0x00, 0x1e, 0x00, 0x00, 0x1e, 0x00, 0x00, 0x00, 0x00, 0x00, 0x00,
  0x00, 0x00, 0x00, 0x00, 0x00, 0xdd, 0x00, 0x00, 0x00, 0x00, 0x00, 0x00,
  0xdc, 0x00, 0x00, 0x00, 0x00, 0x00, 0x00, 0x00, 0x00, 0x1e, 0x00, 0x00,
  0x00, 0x00, 0x00, 0x00, 0x00, 0xdc, 0x00, 0x00, 0x00, 0x00, 0x00, 0x1d,
  0x1d, 0x00, 0x00, 0x00, 0x1b, 0x00, 0x00, 0x00, 0x00, 0x00, 0xdd, 0x00,
  0xe3, 0x00, 0x00, 0x00, 0xe4, 0x00, 0x00, 0x00, 0xdd, 0x00, 0x1c, 0x00,
  0x00, 0x00, 0x00, 0x00, 0x00, 0xe1, 0x00, 0x00, 0x00, 0x00, 0xdc, 0x00,
  0x00, 0xde, 0x00, 0x00, 0x00, 0xdc, 0x00, 0x00, 0x00, 0x00, 0xde, 0x00,
  0xe5, 0xdc, 0xdd, 0x00, 0x00, 0x00, 0x00, 0x00, 0x00, 0x00, 0x00, 0x00,
  0x00, 0x00, 0x00, 0x00, 0x00, 0x00, 0x1d, 0x00, 0x00, 0x00, 0x00, 0x00,
  0x00, 0x00, 0x00, 0x00, 0x00, 0x00, 0x00, 0x00, 0x00, 0x00, 0x00, 0x00,
  0x00, 0x00, 0xe1, 0x00, 0x00, 0xdc, 0x00, 0x00, 0x00, 0x00, 0x00, 0x00,
  0x00, 0x00, 0x00, 0x00, 0xe3, 0x00, 0x00, 0x00, 0x00, 0x00, 0x00, 0x00,
  0x00, 0x00, 0x00, 0x00, 0x00, 0x00, 0x00, 0x00, 0x00, 0x00, 0x00, 0x00,
  0xdf, 0x00, 0x00, 0xdc, 0xe0, 0x00, 0x00, 0x00, 0x00, 0xde, 0xdb, 0x00,
  0x00, 0x00, 0x00, 0x00, 0x1c, 0x00, 0x00, 0x00, 0xde, 0x00, 0x00, 0xe1,
  0x00, 0xe1, 0xe0, 0x00, 0x00, 0x00, 0x00, 0x00, 0x00, 0x00, 0x00, 0x00,
  0x00, 0x00, 0xe1, 0x00, 0x00, 0x00, 0x00, 0xdc, 0xdc, 0xda, 0xdb, 0x00,
  0x00, 0x00, 0xe4, 0x00, 0x00, 0x00, 0x00, 0x00, 0x00, 0x00, 0x00, 0x00,
  0x00, 0x00, 0x00, 0x00, 0xdb, 0x00, 0x00, 0xdc, 0x00, 0x00, 0x00, 0x00,
  0xe5, 0x00, 0x00, 0x00, 0x00, 0x00, 0x00, 0x00, 0x00, 0x00, 0x00, 0x00,
  0x00, 0x00, 0x00, 0x00, 0xe5, 0x00, 0x00, 0x00, 0x00, 0x00, 0x00, 0x00,
  0xe5, 0x00, 0x00, 0x00, 0x00, 0x00, 0x00, 0xdf, 0x00, 0xdd, 0x00, 0xda,
  0x00, 0x00, 0x00, 0x00, 0x1c, 0x00, 0x00, 0x00, 0x00, 0x00, 0xe2, 0x00,
  0xe2, 0x00, 0x00, 0x00, 0xe2, 0x00, 0x00, 0xe2, 0x00, 0x00, 0x00, 0x00,
  0x00, 0xe4, 0x00, 0x00, 0x00, 0x00, 0x00, 0xe3, 0x00, 0x00, 0x00, 0x00,
  0x00, 0x00, 0x00, 0x00, 0x00, 0x00, 0x00, 0x00, 0x00, 0x00, 0x00, 0xdc,
  0x00, 0x00, 0x00, 0x00, 0x00, 0x00, 0x00, 0x00, 0xdb, 0xda, 0x00, 0x00,
  0x00, 0xe1, 0x00, 0x00, 0x00, 0xdc, 0x00, 0x00, 0x00, 0x00, 0x00, 0x00,
  0x00, 0xdb, 0xd9, 0x00, 0xdc, 0x00, 0x00, 0x00, 0x00, 0x00, 0x00, 0x00,
  0x00, 0x00, 0x00, 0x00, 0x00, 0xd8, 0x00, 0x00, 0x00, 0x00, 0xe3, 0x00,
  0x1c, 0x00, 0x00, 0x00, 0xe4, 0x00, 0x00, 0x00, 0x00, 0xe0, 0x00, 0x00,
  0xd9, 0x00, 0xdc, 0x00, 0x00, 0x00, 0x00, 0x00, 0x00, 0x00, 0x00, 0x00,
  0x00, 0xdf, 0x00, 0x00, 0x00, 0xe1, 0xde, 0xdf, 0x00, 0x00, 0xe2, 0xdb,
  0xe3, 0x00, 0x00, 0x00, 0x00, 0xe3, 0x00, 0x00, 0x00, 0x00, 0x00, 0x00,
  0x00, 0x00, 0x00, 0x00, 0xe1, 0x00, 0x00, 0x00, 0xe3, 0xda, 0x00, 0x00,
  0x00, 0x00, 0x00, 0xda, 0x00, 0x00, 0x00, 0x00, 0x00, 0x00, 0x00, 0x00,
  0x00, 0x00, 0x00, 0x00, 0x00, 0x00, 0x00, 0xda, 0xe2, 0x00, 0x00, 0x00,
  0xdc, 0x00, 0x00, 0xe2, 0x00, 0x00, 0x00, 0x00, 0x00, 0x00, 0x00, 0x00,
  0xe3, 0x00, 0x00, 0x00, 0x00, 0x00, 0x1b, 0x00, 0x00, 0xd9, 0x00, 0x00,
  0x00, 0x00, 0x00, 0x00, 0x00, 0x00, 0xe4, 0x00, 0x00, 0xdf, 0x00, 0x00,
  0x00, 0x00, 0x00, 0x00, 0x00, 0x00, 0x00, 0x00, 0x00, 0xe3, 0x00, 0x00,
  0x00, 0x00, 0x00, 0x00, 0xdc, 0x00, 0x00, 0x00, 0x00, 0x00, 0x00, 0x00,
  0x00, 0x1d, 0x00, 0x00, 0x1d, 0xdc, 0x00, 0x00, 0x1c, 0x00, 0x00, 0xdf,
  0xdf, 0x00, 0xd9, 0x00, 0x00, 0x00, 0x00, 0x00, 0x00, 0x00, 0x00, 0xe1,
  0x00, 0x00, 0xde, 0x00, 0x00, 0x00, 0x00, 0xd9, 0x00, 0xde, 0x00, 0xe1,
  0xe1, 0x00, 0x00, 0x00, 0x00, 0x1b, 0x00, 0x00, 0x1c, 0x1c, 0x00, 0x00,
  0x1d, 0x00, 0xd9, 0x00, 0x00, 0x00, 0xde, 0x00, 0x00, 0x00, 0xdd, 0x00,
  0x00, 0x00, 0x00, 0x00, 0x00, 0x00, 0x00, 0xe3, 0x00, 0x00, 0x00, 0x00,
  0x00, 0x00, 0x00, 0x1b, 0x00, 0x00, 0x00, 0x00, 0xdc, 0x00, 0x00, 0x00,
  0x00, 0x00, 0xe5, 0x00, 0x00, 0x00, 0x00, 0x00, 0x00, 0x1d, 0x00, 0xdc,
  0x00, 0xda, 0x00, 0x00, 0x00, 0x00, 0x00, 0x00, 0x00, 0x00, 0x00, 0x1c,
  0x00, 0x00, 0x00, 0x00, 0x00, 0x00, 0x00, 0x00, 0x00, 0xdf, 0x1d, 0x00,
  0xda, 0x00, 0xe5, 0x00, 0x00, 0x00, 0x00, 0x00, 0xd9, 0x00, 0x00, 0x00,
  0x00, 0x00, 0x00, 0x00, 0x00, 0x00, 0x00, 0x00, 0xe4, 0x00, 0x00, 0xdf,
  0x00, 0x00, 0xe3, 0xdd, 0x00, 0xd9, 0x00, 0x00, 0x00, 0x00, 0x00, 0xdd,
  0x00, 0x00, 0x00, 0xdd, 0x00, 0x00, 0x1d, 0xe4, 0xdc, 0x00, 0x00, 0x00,
  0x00, 0xda, 0xdd, 0x00, 0x00, 0xe4, 0x00, 0x00, 0x00, 0x00, 0x00, 0x00,
  0x00, 0xe2, 0xe5, 0x00, 0x00, 0xd9, 0x00, 0x00, 0x00, 0x00, 0x00, 0x00,
  0x00, 0x00, 0x1b, 0x00, 0x00, 0x00, 0xda, 0x1d, 0x00, 0x00, 0x00, 0x00,
  0x00, 0x00, 0x00, 0x00, 0x00, 0x00, 0x00, 0x00, 0x00, 0x00, 0xe2, 0x1c,
  0x00, 0x00, 0x00, 0xe2, 0x00, 0x00, 0x00, 0x00, 0x00, 0x00, 0x00, 0xe4,
  0x00, 0x00, 0x00, 0x1d, 0xe3, 0x00, 0xde, 0xe2, 0x00, 0x00, 0x00, 0x00,
  0x00, 0xe4, 0x1e, 0x00, 0x00, 0x00, 0x00, 0x00, 0x00, 0x00, 0x00, 0x00,
  0xde, 0x00, 0xe1, 0x1c, 0x00, 0x00, 0x00, 0x00, 0xe0, 0x00, 0x00, 0x00,
  0x00, 0x00, 0x00, 0x00, 0x00, 0x00, 0xe1, 0x00, 0xe4, 0x00, 0x00, 0x00,
  0x00, 0x00, 0x1e, 0x00, 0x00, 0xe1, 0x00, 0x00, 0x00, 0x00, 0x00, 0x00,
  0x00, 0x00, 0x00, 0x00, 0x00, 0x00, 0x00, 0x00, 0x00, 0x00, 0x00, 0x00,
  0x00, 0x00, 0x00, 0x00, 0x00, 0x00, 0x00, 0x00, 0xdc, 0x00, 0x00, 0x00,
  0x00, 0x00, 0x20, 0x00, 0x00, 0x00, 0x20, 0x00, 0x00, 0xde, 0x00, 0x00,
  0x1e, 0x00, 0x00, 0x00, 0x00, 0x00, 0x00, 0x1f, 0xde, 0x00, 0x00, 0x00,
  0x00, 0xe4, 0x00, 0x00, 0xdf, 0x00, 0x00, 0xe0, 0x00, 0x00, 0x00, 0x00,
  0x00, 0x00, 0x00, 0xe4, 0x00, 0x00, 0xdf, 0x00, 0x20, 0x00, 0x00, 0xe2,
  0x00, 0x00, 0x00, 0x00, 0x00, 0x00, 0x00, 0x00, 0xe1, 0x00, 0x00, 0x00,
  0x00, 0xdf, 0x00, 0x00, 0x00, 0x00, 0x1d, 0x00, 0xe1, 0x00, 0x00, 0xe4,
  0x00, 0x1e, 0x00, 0x00, 0x00, 0x00, 0x00, 0x00, 0x00, 0x00, 0xe1, 0x00,
  0x00, 0x20, 0x1c, 0x00, 0x00, 0x00, 0x00, 0x00, 0x00, 0x00, 0x1e, 0x1e,
  0x22, 0x00, 0x00, 0x00, 0x00, 0x00, 0x00, 0x00, 0x1e, 0x00, 0x00, 0x00,
  0x00, 0x00, 0x00, 0xe3, 0xdc, 0x00, 0x00, 0x00, 0x00, 0x00, 0x00, 0x00,
  0x00, 0x00, 0x00, 0x00, 0xdd, 0x00, 0x00, 0x00, 0xdd, 0x00, 0x00, 0x00,
  0x00, 0x00, 0x00, 0x00, 0x00, 0x00, 0x00, 0x00, 0x00, 0x00, 0x00, 0xe3,
  0x1d, 0x00, 0x00, 0x00, 0x1f, 0x00, 0x20, 0x00, 0x00, 0x00, 0x00, 0x00,
  0x00, 0x00, 0x00, 0x00, 0xdd, 0xde, 0x00, 0x00, 0x00, 0x00, 0x00, 0x00,
  0x00, 0x00, 0x00, 0x00, 0x00, 0x00, 0x00, 0x00, 0x00, 0x00, 0x00, 0x00,
  0xe4, 0x00, 0x00, 0x00, 0x00, 0x00, 0x00, 0x00, 0x00, 0x00, 0x00, 0x00,
  0x00, 0x00, 0xdd, 0x00, 0x21, 0x00, 0x20, 0xe3, 0xdd, 0x20, 0x00, 0x00,
  0xe2, 0x00, 0x1c, 0x00, 0x00, 0x00, 0x00, 0xe2, 0x00, 0x00, 0x00, 0x00,
  0x00, 0x00, 0x00, 0x00, 0x00, 0x00, 0x00, 0x00, 0x00, 0x00, 0x00, 0xe4,
  0x00, 0x00, 0xdd, 0x00, 0x00, 0x00, 0x00, 0x00, 0x00, 0x00, 0x00, 0x00,
  0x00, 0x00, 0x00, 0xde, 0x00, 0xde, 0x00, 0x00, 0x00, 0x00, 0x00, 0x00,
  0xde, 0x00, 0x00, 0x00, 0x00, 0x00, 0xe2, 0x00, 0x00, 0x00, 0x00, 0x1d,
  0x00, 0x00, 0x00, 0x00, 0x00, 0x00, 0x00, 0x00, 0x00, 0x00, 0x00, 0x1c,
  0x00, 0x00, 0x00, 0x00, 0x00, 0x00, 0x00, 0x00, 0x00, 0x00, 0x00, 0xdd,
  0x00, 0x00, 0xdd, 0x00, 0xe4, 0x00, 0xe4, 0x00, 0x00, 0xe4, 0x00, 0x00,
  0x00, 0x00, 0x00, 0x00, 0x00, 0x00, 0x00, 0x00, 0x00, 0x00, 0x00, 0x21,
  0x00, 0x00, 0xe3, 0x00, 0x00, 0x00, 0x00, 0x00, 0x00, 0xe2, 0x00, 0x00,
  0xe4, 0x00, 0x21, 0x00, 0x20, 0xe0, 0x1d, 0x00, 0x00, 0x00, 0x00, 0x00,
  0x00, 0x00, 0x00, 0x20, 0x00, 0x00, 0x00, 0x00, 0x00, 0x00, 0xe3, 0x00,
  0x00, 0x00, 0x00, 0x00, 0x00, 0x00, 0x1e, 0x00, 0xe1, 0x00, 0x00, 0xe3,
  0x00, 0x00, 0x00, 0x00, 0x00, 0x00, 0x00, 0x00, 0x00, 0x00, 0x00, 0x00,
  0x00, 0x00, 0x1e, 0x00, 0x00, 0xe5, 0x00, 0x00, 0xe5, 0x00, 0x00, 0x00,
  0x1f, 0x00, 0x00, 0x00, 0x00, 0x00, 0x00, 0x00, 0x00, 0xe0, 0x00, 0x00,
  0x00, 0xdd, 0xe1, 0x00, 0x1e, 0x00, 0x1f, 0xe0, 0x00, 0x00, 0x00, 0x00,
  0x00, 0x00, 0x20, 0x00, 0x00, 0x00, 0x00, 0x00, 0xdf, 0xe3, 0x00, 0x1f,
  0x22, 0x00, 0x00, 0x1b, 0x00, 0x00, 0x22, 0x00, 0x1f, 0x00, 0x00, 0x00,
  0x00, 0x00, 0x00, 0xdd, 0x00, 0x00, 0x00, 0x00, 0x00, 0x00, 0xdf, 0xdd,
  0xe1, 0x00, 0x00, 0x00, 0x00, 0x1e, 0x00, 0x00, 0x20, 0x00, 0x00, 0xe3,
  0x00, 0x00, 0x00, 0x00, 0x00, 0x00, 0x00, 0x00, 0x00, 0x1e, 0x00, 0x00,
  0x00, 0x00, 0xe3, 0xe2, 0xe1, 0x00, 0x00, 0x00, 0x00, 0x00, 0x00, 0x00,
  0x00, 0x00, 0x00, 0x00, 0x00, 0x00, 0x00, 0x00, 0x00, 0x00, 0xe5, 0x00,
  0x00, 0xe3, 0x1c, 0x00, 0x1e, 0xdd, 0x00, 0x00, 0x00, 0x00, 0x00, 0x00,
  0x00, 0x00, 0x00, 0xe1, 0x00, 0x00, 0x00, 0x00, 0x00, 0x00, 0x00, 0x00,
  0x00, 0x00, 0x00, 0x00, 0x1c, 0xe2, 0xdd, 0x00, 0x00, 0x1d, 0x00, 0xe2,
  0xdd, 0x1d, 0x00, 0x00, 0x00, 0x00, 0x00, 0x00, 0x00, 0x00, 0x00, 0x00,
  0x00, 0x00, 0x00, 0x00, 0x1e, 0xdd, 0x00, 0x00, 0xdb, 0x1e, 0x00, 0x00,
  0x00, 0x00, 0x00, 0x00, 0x00, 0x00, 0x00, 0x00, 0x00, 0x00, 0x00, 0x00,
  0x00, 0x00, 0x00, 0x00, 0xdc, 0x00, 0x00, 0x00, 0x00, 0x1b, 0x00, 0x00,
  0xe0, 0xdb, 0x00, 0xdb, 0xdc, 0x00, 0x00, 0xdc, 0x00, 0xe0, 0x00, 0x00,
  0xe2, 0x00, 0x00, 0x00, 0x00, 0x00, 0x00, 0x00, 0x00, 0x00, 0x00, 0x1c,
  0x00, 0x00, 0x00, 0x00, 0x00, 0x00, 0x00, 0xe1, 0xe4, 0x00, 0x00, 0x00,
  0x1e, 0x00, 0x00, 0x00, 0x00, 0x00, 0xe1, 0x00, 0x00, 0x00, 0x00, 0x00,
  0xdf, 0xe1, 0xe3, 0x00, 0x00, 0x00, 0xe1, 0x00, 0x00, 0x1f, 0x00, 0x00,
  0x00, 0x00, 0x00, 0x00, 0x00, 0x00, 0x00, 0x00, 0x00, 0x00, 0x00, 0x00,
  0x00, 0x00, 0xdf, 0x1e, 0x1d, 0xe4, 0x00, 0x00, 0x00, 0x00, 0x00, 0x00,
  0x00, 0x00, 0x00, 0xde, 0xe0, 0x00, 0x00, 0x1d, 0x00, 0x00, 0xe4, 0x00,
  0x00, 0x00, 0xe2, 0x00, 0x00, 0x00, 0x00, 0xdc, 0x00, 0xde, 0x00, 0x00,
  0x00, 0xe0, 0x00, 0x00, 0xe3, 0xdd, 0x00, 0x00, 0xe1, 0x00, 0x00, 0x00,
  0x00, 0x00, 0x00, 0xdd, 0xdb, 0xe2, 0x00, 0x00, 0x00, 0x00, 0x00, 0x00,
  0x00, 0x00, 0xe0, 0x00, 0x00, 0x00, 0x00, 0x00, 0x00, 0x00, 0xdc, 0xe1,
  0x00, 0x00, 0x00, 0xe0, 0x00, 0x00, 0x00, 0xdb, 0x00, 0x00, 0x00, 0x00,
  0x00, 0x00, 0xe2, 0xe4, 0x00, 0x00, 0x00, 0xdb, 0xe3, 0xdf, 0x1c, 0x00,
  0x00, 0x00, 0x00, 0xde, 0x00, 0x00, 0x00, 0x00, 0x00, 0x00, 0x00, 0x00,
  0xe1, 0x00, 0x00, 0x00, 0x00, 0x00, 0x00, 0x00, 0x00, 0x00, 0x00, 0x00,
  0x00, 0x00, 0x00, 0x00, 0x00, 0x00, 0x00, 0x00, 0x00, 0x00, 0x00, 0x00,
  0x00, 0x00, 0x00, 0x00, 0x00, 0x00, 0x00, 0x00, 0x00, 0x00, 0x00, 0x00,
  0x00, 0x00, 0xdf, 0x00, 0x00, 0x00, 0xe3, 0xdb, 0x00, 0xe1, 0x00, 0x00,
  0x00, 0x00, 0x00, 0x00, 0xe1, 0x00, 0x00, 0x00, 0x00, 0x00, 0x00, 0x00,
  0x00, 0x00, 0x00, 0xe1, 0x00, 0x1c, 0x00, 0x00, 0x00, 0x00, 0x00, 0x00,
  0x00, 0x00, 0x00, 0x00, 0xdb, 0xdb, 0x00, 0x00, 0x00, 0x00, 0x00, 0xe0,
  0x00, 0x00, 0x00, 0x1d, 0x00, 0x00, 0x00, 0x00, 0xe0, 0x00, 0x00, 0x00,
  0x00, 0xe2, 0x00, 0x00, 0x00, 0x00, 0x00, 0x00, 0x00, 0x00, 0x00, 0x00,
  0x00, 0x00, 0x00, 0x00, 0x00, 0xe4, 0x00, 0x00, 0x00, 0x00, 0x00, 0x00,
  0x00, 0x00, 0x00, 0x00, 0x00, 0x00, 0x00, 0x00, 0x00, 0x00, 0x00, 0x00,
  0xe3, 0x00, 0x00, 0x00, 0x00, 0xe1, 0x00, 0x00, 0x00, 0x00, 0x00, 0x1c,
  0x00, 0x00, 0x00, 0x00, 0x00, 0x00, 0x00, 0x00, 0x00, 0x00, 0xdd, 0x00,
  0x00, 0x00, 0x00, 0xdf, 0xe2, 0x00, 0xe1, 0x1e, 0x00, 0x00, 0x00, 0x00,
  0x00, 0xdf, 0x1d, 0x00, 0x00, 0x00, 0x1d, 0x00, 0x00, 0x1d, 0x00, 0x00,
  0x00, 0x00, 0x00, 0x00, 0x00, 0xdf, 0x00, 0x00, 0xe3, 0x00, 0x00, 0x00,
  0xdf, 0x00, 0x1d, 0x00, 0x00, 0x00, 0x00, 0x00, 0x00, 0x00, 0xde, 0x00,
  0x00, 0x00, 0x00, 0x00, 0x00, 0x00, 0x00, 0xdc, 0x00, 0x00, 0x00, 0x00,
  0x00, 0x1b, 0xe0, 0x00, 0x00, 0x00, 0x00, 0x00, 0xe5, 0x00, 0x1f, 0x00,
  0xdb, 0xe3, 0x00, 0x00, 0x00, 0x00, 0x00, 0x00, 0x00, 0x00, 0x00, 0x00,
  0x00, 0xdf, 0x00, 0x00, 0x00, 0x00, 0x00, 0xe4, 0x00, 0xe1, 0x00, 0x00,
  0x00, 0x00, 0x00, 0x00, 0xe0, 0x00, 0x00, 0x00, 0x00, 0xe0, 0x00, 0x00,
  0x00, 0x00, 0x00, 0x00, 0x00, 0x00, 0x00, 0x00, 0x00, 0xe0, 0x00, 0x00,
  0x00, 0xde, 0x00, 0x00, 0x00, 0x00, 0x00, 0x00, 0x00, 0x00, 0x00, 0xe1,
  0x00, 0x00, 0x00, 0x00, 0x1e, 0x00, 0x00, 0x00, 0x00, 0xe1, 0x00, 0x00,
  0xe0, 0x00, 0x1e, 0x00, 0xe0, 0x00, 0xe2, 0x00, 0x00, 0x00, 0x00, 0x00,
  0x00, 0xe0, 0x00, 0x00, 0xe1, 0xe4, 0xe0, 0x00, 0x1f, 0x00, 0x00, 0xdd,
  0x00, 0x1b, 0x00, 0xdb, 0x1f, 0x00, 0x00, 0x00, 0xde, 0x00, 0x00, 0x00,
  0x00, 0xdf, 0x00, 0x00, 0x00, 0x00, 0x00, 0x00, 0x00, 0x00, 0x00, 0x00,
  0x00, 0x00, 0x00, 0x00, 0x1d, 0x00, 0x00, 0x00, 0x00, 0x00, 0x00, 0x00,
  0x00, 0x00, 0x00, 0x00, 0x00, 0x00, 0x00, 0x1f, 0x00, 0x00, 0x00, 0xdd,
  0xdd, 0x00, 0x00, 0x00, 0x00, 0xdc, 0x00, 0x00, 0x00, 0x00, 0x00, 0x00,
  0xdf, 0x00, 0x00, 0x00, 0xde, 0x00, 0x00, 0x00, 0x00, 0x00, 0x00, 0x00,
  0x00, 0x00, 0x00, 0xdf, 0x00, 0x00, 0x00, 0x00, 0x00, 0x00, 0x00, 0x00,
  0x00, 0x00, 0x00, 0x00, 0x00, 0x00, 0x00, 0x00, 0x00, 0x00, 0x00, 0x00,
  0x00, 0x00, 0x00, 0x00, 0x00, 0x00, 0x00, 0x00, 0x00, 0x00, 0x00, 0x00,
  0x20, 0x00, 0x00, 0x00, 0xe0, 0x00, 0x00, 0xe4, 0xe2, 0x00, 0x00, 0xe3,
  0x00, 0x00, 0x00, 0xe5, 0x00, 0x00, 0x00, 0x00, 0xe2, 0x00, 0xdd, 0x00,
  0x00, 0x00, 0x00, 0x00, 0x00, 0x1c, 0x00, 0x00, 0x00, 0xe0, 0x00, 0x00,
  0x00, 0x00, 0x00, 0x00, 0xe1, 0x00, 0xe3, 0x00, 0x00, 0x00, 0x00, 0x00,
  0x00, 0x1e, 0x00, 0x00, 0xe2, 0x00, 0x00, 0x00, 0x00, 0x00, 0x00, 0x00,
  0x00, 0x00, 0x00, 0xe0, 0xe4, 0x00, 0x00, 0x00, 0x1d, 0x00, 0x00, 0x00,
  0x00, 0x00, 0x00, 0x00, 0x20, 0x00, 0x00, 0xdd, 0x00, 0x00, 0x00, 0x00,
  0x00, 0x00, 0x00, 0x00, 0x00, 0x00, 0x00, 0x00, 0xde, 0x00, 0x00, 0x00,
  0x00, 0xdc, 0x00, 0x21, 0xdd, 0x00, 0x00, 0x00, 0x00, 0x00, 0x00, 0x00,
  0x00, 0x00, 0x00, 0x00, 0x00, 0x00, 0x00, 0x00, 0x1d, 0x00, 0x00, 0x00,
  0xdd, 0x00, 0x00, 0x00, 0x00, 0xdc, 0x00, 0x00, 0x00, 0xe5, 0x00, 0x00,
  0x00, 0x00, 0x00, 0x00, 0x00, 0x00, 0x00, 0x00, 0x00, 0x00, 0x00, 0x00,
  0x00, 0x00, 0x00, 0x00, 0x00, 0x00, 0x00, 0x00, 0x00, 0x00, 0x00, 0x00,
  0x1f, 0x00, 0x00, 0x00, 0x00, 0xdd, 0x1f, 0x00, 0x00, 0x00, 0x00, 0x00,
  0x00, 0x00, 0x00, 0x00, 0x00, 0x00, 0x00, 0x00, 0x00, 0x1d, 0x00, 0x21,
  0xe3, 0x00, 0x00, 0x00, 0x00, 0x00, 0x00, 0x00, 0x00, 0x00, 0x00, 0xdd,
  0x00, 0x00, 0xe1, 0x00, 0x20, 0x00, 0x00, 0x00, 0xe1, 0x00, 0x00, 0x00,
  0x00, 0x00, 0x00, 0x1e, 0xe2, 0x00, 0x00, 0x00, 0x00, 0x22, 0x00, 0x00,
  0x00, 0x20, 0xde, 0x00, 0x00, 0x00, 0x00, 0x00, 0x1e, 0x00, 0x00, 0x00,
  0xe5, 0x00, 0x00, 0x00, 0x00, 0x00, 0x00, 0x00, 0x00, 0x00, 0x00, 0x1c,
  0x00, 0x00, 0x00, 0x00, 0x00, 0x00, 0x00, 0x00, 0x00, 0x00, 0x00, 0x20,
  0xe0, 0x00, 0xe4, 0x00, 0x00, 0x00, 0x00, 0x1f, 0xdf, 0xe1, 0x00, 0xe2,
  0x00, 0x00, 0x20, 0xdf, 0x00, 0xe1, 0xe2, 0x00, 0x00, 0x00, 0x00, 0x00,
  0x00, 0x00, 0xe3, 0x00, 0x00, 0x00, 0xe0, 0x00, 0x00, 0x00, 0xdd, 0x00,
  0x00, 0x00, 0x00, 0x00, 0x00, 0xe2, 0x00, 0x21, 0x00, 0x00, 0x1d, 0x00,
  0x20, 0x00, 0x00, 0x00, 0x00, 0xe4, 0x00, 0x00, 0x00, 0x00, 0x00, 0x00,
  0x00, 0xe4, 0x00, 0x1e, 0x00, 0x1d, 0x00, 0x00, 0xde, 0xe0, 0x00, 0x00,
  0x00, 0x1d, 0x00, 0x00, 0x00, 0x00, 0x00, 0x00, 0x00, 0x00, 0xe2, 0x1f,
  0x00, 0x00, 0x00, 0x00, 0x00, 0x00, 0x00, 0xdd, 0xdd, 0x00, 0x00, 0x21,
  0xe2, 0x00, 0x00, 0x00, 0xdf, 0x00, 0x00, 0x00, 0x00, 0x00, 0x00, 0x00,
  0x00, 0xdd, 0x00, 0x00, 0x00, 0x00, 0x00, 0x00, 0x00, 0x00, 0x00, 0x1c,
  0x00, 0x00, 0x00, 0x00, 0x00, 0x00, 0x1e, 0x00, 0x00, 0x00, 0x00, 0x00,
  0x00, 0x00, 0x00, 0x00, 0x00, 0x00, 0x00, 0x00, 0x00, 0x00, 0x00, 0x1c,
  0x00, 0xdd, 0x00, 0x00, 0x00, 0x00, 0x00, 0x00, 0x00, 0x00, 0x00, 0x00,
  0x00, 0x00, 0xe1, 0x1f, 0x1e, 0x00, 0x00, 0x00, 0x00, 0xe1, 0x00, 0x00,
  0x1e, 0x00, 0x00, 0x00, 0x00, 0x00, 0x20, 0x00, 0xdc, 0x00, 0x00, 0x00,
  0x00, 0x00, 0x00, 0x00, 0x00, 0x00, 0x00, 0xdf, 0x00, 0x00, 0x00, 0x00,
  0x00, 0x00, 0x00, 0x00, 0x00, 0x00, 0x00, 0x00, 0x00, 0x00, 0x00, 0x00,
  0x00, 0xdd, 0x00, 0x00, 0x00, 0x00, 0xdd, 0x00, 0x00, 0x00, 0x00, 0x00,
  0x00, 0x00, 0x00, 0x00, 0x00, 0xde, 0x00, 0xdc, 0x00, 0x00, 0x00, 0xdf,
  0x00, 0x00, 0x1d, 0xdf, 0xe2, 0x00, 0x00, 0x1c, 0x00, 0x00, 0x00, 0xe0,
  0xe1, 0x00, 0x00, 0x00, 0x1c, 0x00, 0xdc, 0x00, 0x00, 0x00, 0x00, 0x00,
  0x00, 0x00, 0x00, 0x00, 0x1e, 0x00, 0x00, 0x00, 0x00, 0x1c, 0x00, 0x00,
  0xe1, 0x1c, 0x00, 0x00, 0x1e, 0x00, 0x00, 0x1d, 0x00, 0x00, 0x00, 0x00,
  0x00, 0x00, 0x00, 0x00, 0xe1, 0x00, 0x00, 0x00, 0x00, 0x00, 0x00, 0x00,
  0x20, 0x00, 0x00, 0x00, 0x00, 0x00, 0x1e, 0x00, 0xde, 0x00, 0xe2, 0x00,
  0x00, 0x00, 0x00, 0x00, 0x20, 0xe0, 0x00, 0x00, 0xdd, 0x00, 0x21, 0x00,
  0x00, 0x00, 0x00, 0x00, 0x00, 0xe0, 0x00, 0x00, 0x00, 0x00, 0x1e, 0x00,
  0x00, 0xde, 0x00, 0x00, 0x00, 0xe1, 0x00, 0x00, 0x00, 0x00, 0x00, 0x00,
  0xde, 0x00, 0x00, 0x1c, 0x00, 0x00, 0x00, 0x00, 0x1c, 0xe1, 0x00, 0xe1,
  0x00, 0x00, 0x00, 0x00, 0xe5, 0xdf, 0x00, 0x00, 0x00, 0x1b, 0x1e, 0x00,
  0x1b, 0x00, 0x1f, 0x00, 0x00, 0x00, 0xde, 0x00, 0x00, 0x00, 0x00, 0x00,
  0xe4, 0x00, 0x00, 0x00, 0x00, 0x00, 0x00, 0x00, 0xde, 0x00, 0x00, 0xe3,
  0x21, 0x1f, 0x00, 0x00, 0x00, 0x00, 0x00, 0x00, 0xe2, 0xe3, 0xe4, 0xe5,
  0x00, 0x00, 0x00, 0x00, 0x00, 0x00, 0x1f, 0x00, 0x00, 0x00, 0x00, 0x21,
  0x00, 0x00, 0xe0, 0x00, 0x00, 0x00, 0x00, 0x00, 0x00, 0x00, 0x00, 0x00,
  0x00, 0x00, 0x00, 0x00, 0xe2, 0x00, 0x00, 0x20, 0x00, 0x00, 0x00, 0x00,
  0x00, 0x00, 0x00, 0xde, 0x20, 0x00, 0x00, 0x00, 0x00, 0x00, 0x00, 0xe2,
  0x1f, 0x00, 0x00, 0x00, 0x00, 0x00, 0x00, 0x00, 0x00, 0x00, 0x00, 0xdf,
  0x00, 0x00, 0x00, 0x00, 0x00, 0x00, 0xe4, 0x00, 0x00, 0x00, 0x00, 0x00,
  0x00, 0x00, 0x00, 0x20, 0x00, 0xe2, 0x00, 0x00, 0x00, 0x00, 0x00, 0x00,
  0x00, 0xdf, 0x00, 0x00, 0x00, 0x00, 0x1c, 0x1f, 0x00, 0x1b, 0x00, 0x00,
  0x00, 0x00, 0x00, 0x00, 0x00, 0x00, 0xde, 0x00, 0x00, 0x00, 0x00, 0xe3,
  0x00, 0x00, 0x00, 0xe3, 0x00, 0x00, 0x00, 0x00, 0x00, 0xe3, 0x00, 0x00,
  0x00, 0x00, 0xdf, 0x00, 0xdf, 0x00, 0x00, 0xde, 0xdf, 0x00, 0x00, 0x00,
  0x00, 0x00, 0x00, 0x00, 0x00, 0x00, 0x00, 0x00, 0x00, 0x00, 0x00, 0x00,
  0x00, 0x00, 0xe1, 0x00, 0x00, 0x00, 0x00, 0x00, 0x00, 0x00, 0x00, 0x00,
  0x00, 0x00, 0x1c, 0x00, 0x00, 0x00, 0x1f, 0x00, 0x00, 0x00, 0x00, 0xe0,
  0xe1, 0x00, 0x00, 0x00, 0x20, 0xde, 0x00, 0x00, 0x00, 0x00, 0x00, 0x00,
  0x00, 0x00, 0x00, 0x00, 0x00, 0x1d, 0x00, 0x00, 0x00, 0x00, 0xdd, 0x00,
  0x00, 0x00, 0xdf, 0x00, 0x00, 0x00, 0x00, 0x00, 0x00, 0x00, 0x00, 0xe4,
  0x1f, 0x00, 0x00, 0x00, 0x00, 0xe0, 0x00, 0x00, 0x00, 0xe5, 0x00, 0x1e,
  0x00, 0x00, 0x00, 0x1d, 0x00, 0x00, 0x00, 0x1f, 0x00, 0x00, 0x00, 0x00,
  0x00, 0x00, 0x00, 0x00, 0x00, 0x00, 0x00, 0x00, 0x00, 0x00, 0x00, 0x00,
  0xdd, 0x00, 0x1e, 0x00, 0x00, 0x00, 0x00, 0x00, 0x00, 0x00, 0x00, 0x00,
  0xde, 0x00, 0x00, 0x00, 0x00, 0x1c, 0x00, 0x00, 0x00, 0x00, 0x00, 0x21,
  0x00, 0x00, 0xe1, 0x00, 0x00, 0x00, 0x00, 0x00, 0x1c, 0x00, 0x00, 0xdf,
  0x00, 0xe2, 0x00, 0x00, 0x00, 0x1f, 0xdf, 0x1d, 0x00, 0x00, 0x00, 0x00,
  0x00, 0x00, 0xe3, 0x00, 0x00, 0x00, 0x00, 0x00, 0xdf, 0xe2, 0x1e, 0xe1,
  0x00, 0x00, 0x00, 0xde, 0x00, 0x00, 0x1e, 0xe2, 0xde, 0x20, 0x00, 0x00,
  0x00, 0x00, 0x00, 0x00, 0x1e, 0x00, 0x1f, 0x00, 0x20, 0x00, 0x00, 0x00,
  0x00, 0xe1, 0x00, 0x00, 0x00, 0x00, 0x00, 0x00, 0x00, 0x00, 0x00, 0x00,
  0x00, 0x1e, 0x00, 0x00, 0x00, 0x00, 0x21, 0x00, 0x00, 0x00, 0x00, 0x00,
  0x00, 0x00, 0xe5, 0x20, 0x00, 0x00, 0xe4, 0x00, 0x00, 0x00, 0xe0, 0x00,
  0x00, 0x00, 0x00, 0xe1, 0xdf, 0x00, 0x00, 0xe4, 0xe4, 0x00, 0x00, 0x1d,
  0x00, 0x00, 0x00, 0x00, 0x00, 0xe2, 0x00, 0x00, 0x21, 0x00, 0x00, 0x00,
  0x00, 0x00, 0x00, 0x00, 0x00, 0x00, 0x00, 0x00, 0x1c, 0x00, 0x00, 0x00,
  0xe2, 0x00, 0xdf, 0x00, 0x00, 0x00, 0x00, 0x00, 0x00, 0x00, 0xe2, 0x00,
  0x20, 0x00, 0x00, 0xde, 0x00, 0x00, 0x00, 0x00, 0x00, 0x00, 0x1f, 0x00,
  0x00, 0x00, 0x1c, 0xe2, 0x00, 0xdf, 0x00, 0x00, 0x00, 0x1b, 0x00, 0x00,
  0x00, 0x00, 0x00, 0xe4, 0x00, 0xde, 0xe5, 0x00, 0x00, 0x00, 0x00, 0x00,
  0x20, 0x00, 0x00, 0x1b, 0x1e, 0x20, 0xe1, 0x00, 0x00, 0x00, 0x1e, 0x00,
  0x20, 0x00, 0x00, 0x00, 0x29, 0x13, 0x00, 0x00, 0x00, 0x00, 0x22, 0xd9,
  0x00, 0x00, 0x00, 0x40, 0x1b, 0x00, 0x00, 0x00, 0x00, 0x00, 0x00, 0x00,
  0xe1, 0x00, 0x00, 0x00, 0x00, 0x00, 0x00, 0x00, 0x00, 0x00, 0x18, 0x17,
  0x00, 0x00, 0x00, 0x00, 0x20, 0x00, 0x00, 0x00, 0x00, 0x38, 0x2a, 0x1b,
  0x00, 0x00, 0x00, 0x3a, 0x2c, 0x00, 0x23, 0x00, 0x00, 0x45, 0x00, 0x00,
  0x1f, 0x30, 0x00, 0x48, 0x00, 0x00, 0x00, 0xf9, 0x00, 0x41, 0x00, 0x00,
  0x00, 0x00, 0x00, 0x45, 0x00, 0x00, 0x00, 0x00, 0x00, 0x00, 0x00, 0x00,
  0x26, 0x00, 0x00, 0x00, 0x27, 0x00, 0x00, 0x00, 0x00, 0x00, 0x22, 0x16,
  0x2b, 0x00, 0x00, 0x00, 0x2c, 0x00, 0x00, 0x00, 0x00, 0x3e, 0x00, 0x00,
  0x00, 0x00, 0x00, 0x36, 0x00, 0x00, 0x00, 0x00, 0x00, 0x36, 0x00, 0x00,
  0x00, 0x00, 0x00, 0x37, 0x00, 0x00, 0x00, 0x00, 0x00, 0x42, 0x00, 0xe1,
  0x00, 0x00, 0x00, 0x3c, 0x00, 0x00, 0x00, 0x00, 0x00, 0x00, 0x2c, 0x00,
  0x00, 0x00, 0x00, 0x00, 0x30, 0xe3, 0x00, 0x2c, 0x00, 0x00, 0x00, 0x00,
  0x00, 0x00, 0x00, 0x00, 0x00, 0x00, 0xd7, 0x29, 0x00, 0x35, 0x00, 0x00,
  0x00, 0x00, 0x00, 0x34, 0x00, 0x00, 0x00, 0x38, 0x00, 0x40, 0x00, 0x00,
  0x00, 0x00, 0x00, 0x46, 0x00, 0x1a, 0x00, 0x33, 0x00, 0x39, 0x00, 0x00,
  0xd3, 0x41, 0x00, 0x00, 0x00, 0x19, 0x00, 0x00, 0x00, 0x00, 0x00, 0x18,
  0x00, 0x2e, 0x00, 0x00, 0x00, 0x00, 0x00, 0x00, 0x00, 0x00, 0x00, 0x00,
  0x00, 0x33, 0x00, 0x00, 0x00, 0x20, 0xd4, 0x00, 0xd6, 0x00, 0x00, 0x00,
  0x00, 0x00, 0x00, 0x3d, 0x00, 0x00, 0x00, 0x32, 0x00, 0x39, 0x00, 0x00,
  0x00, 0x00, 0x00, 0x3d, 0x00, 0x00, 0xdc, 0x00, 0x00, 0x00, 0x00, 0x00,
  0xcd, 0x34, 0x00, 0x00, 0x33, 0x00, 0x00, 0x00, 0x00, 0x00, 0x41, 0x00,
  0x00, 0x00, 0x00, 0x36, 0x30, 0x00, 0x00, 0x35, 0x00, 0x38, 0x1d, 0x00,
  0x00, 0x00, 0x00, 0x3b, 0x00, 0x00, 0x00, 0x00, 0x00, 0x41, 0x00, 0x00,
  0x00, 0x00, 0x00, 0x00, 0x00, 0x00, 0x00, 0x00, 0xd4, 0x00, 0x00, 0x00,
  0x18, 0x00, 0x00, 0x00, 0x26, 0x1d, 0x00, 0x00, 0x00, 0x00, 0x2e, 0x00,
  0x00, 0x00, 0x00, 0x00, 0x27, 0x00, 0x00, 0x00, 0x00, 0x00, 0x2e, 0x21,
  0x00, 0x00, 0x00, 0x00, 0x00, 0x00, 0x00, 0x00, 0x00, 0x39, 0x00, 0x00,
  0x00, 0x00, 0x00, 0x37, 0x00, 0x00, 0x00, 0x00, 0x00, 0x42, 0x00, 0x00,
  0x00, 0x00, 0x00, 0x45, 0x2b, 0x00, 0x00, 0x00, 0x00, 0x00, 0x00, 0x00,
  0x00, 0xf8, 0x00, 0x00, 0x00, 0x00, 0x00, 0xec, 0xd7, 0x00, 0x2e, 0x00,
  0x00, 0x00, 0xd3, 0x00, 0x00, 0x00, 0x00, 0x00, 0xd5, 0x00, 0x00, 0x21,
  0x00, 0xef, 0x00, 0x00, 0x00, 0x00, 0x00, 0x00, 0x00, 0x37, 0x00, 0x00,
  0x00, 0x00, 0x00, 0x45, 0x00, 0xe1, 0x00, 0xef, 0x00, 0x3e, 0x00, 0x00,
  0x00, 0x00, 0x00, 0x41, 0x00, 0x00, 0x14, 0x00, 0x00, 0x00, 0x00, 0x00,
  0x00, 0x00, 0x00, 0x00, 0x00, 0xe1, 0x00, 0x00, 0x00, 0x00, 0x00, 0xde,
  0x00, 0x00, 0x00, 0x00, 0x2b, 0x00, 0x00, 0xde, 0x00, 0x00, 0x00, 0x00,
  0x00, 0x00, 0x00, 0x00, 0x00, 0x00, 0x1f, 0x00, 0x00, 0x48, 0x00, 0x00,
  0x00, 0xe2, 0x00, 0x4a, 0x00, 0xe2, 0x00, 0xdc, 0x00, 0x3c, 0x00, 0x00,
  0x1a, 0xeb, 0x00, 0x34, 0x2a, 0x00, 0x00, 0x00, 0x00, 0x3a, 0x2f, 0x00,
  0x00, 0x00, 0x00, 0x2f, 0x1e, 0xd6, 0x00, 0x00, 0xd4, 0x32, 0x1e, 0xda,
  0x00, 0xec, 0x00, 0x00, 0x00, 0x00, 0x00, 0xeb, 0x00, 0x00, 0x00, 0x00,
  0x00, 0x00, 0x00, 0x00, 0x00, 0x00, 0x00, 0x00, 0x00, 0x00, 0x00, 0x00,
  0x00, 0x00, 0x00, 0x00, 0x00, 0x00, 0xe2, 0x00, 0x00, 0x00, 0x00, 0x00,
  0x00, 0x00, 0x00, 0x00, 0x1b, 0xe0, 0x00, 0xf3, 0x00, 0x00, 0x00, 0xd8,
  0x00, 0x00, 0x00, 0x41, 0x00, 0x00, 0x00, 0x2e, 0x00, 0x43, 0x00, 0x00,
  0x00, 0x00, 0x00, 0x3c, 0x00, 0xd9, 0x00, 0x2c, 0x00, 0x00, 0x00, 0x00,
  0x00, 0x00, 0x00, 0x00, 0x00, 0x00, 0x00, 0x2a, 0x00, 0x00, 0x00, 0x00,
  0x00, 0x00, 0x00, 0x00, 0x00, 0x00, 0x00, 0x00, 0x00, 0x3a, 0x00, 0xe3,
  0x00, 0x25, 0x00, 0x00, 0x00, 0x00, 0x00, 0x00, 0x00, 0x00, 0x00, 0x0c,
  0x2a, 0x00, 0x00, 0x00, 0xdc, 0x1a, 0x00, 0x00, 0x00, 0x00, 0x00, 0x16,
  0x00, 0x43, 0x00, 0x00, 0xde, 0x00, 0x00, 0x3a, 0x00, 0xe1, 0xe5, 0x00,
  0xdd, 0x00, 0x00, 0x00, 0x00, 0x00, 0x00, 0x00, 0x00, 0x00, 0x00, 0x00,
  0x00, 0x00, 0x00, 0x00, 0x00, 0x00, 0x1b, 0x00, 0x00, 0x00, 0x00, 0x08,
  0x00, 0x00, 0x00, 0x00, 0x00, 0x00, 0x00, 0x00, 0x00, 0x00, 0x00, 0x00,
  0x17, 0x00, 0x00, 0x00, 0x00, 0x00, 0x00, 0x00, 0x00, 0x00, 0x00, 0x14,
  0x1b, 0x32, 0x00, 0x00, 0x00, 0x00, 0x00, 0x00, 0x00, 0x00, 0x00, 0x00,
  0x30, 0x3a, 0x00, 0x00, 0x00, 0x00, 0x00, 0x00, 0x00, 0x00, 0x00, 0x00,
  0x00, 0x00, 0x00, 0x00, 0x00, 0x00, 0x00, 0x00, 0x00, 0x00, 0x00, 0x00,
  0x00, 0x25, 0x38, 0x00, 0x00, 0x00, 0x00, 0x00, 0x00, 0x00, 0x00, 0x00,
  0x00, 0x00, 0x00, 0x00, 0x00, 0x06, 0x00, 0x34, 0x00, 0x00, 0x36, 0x00,
  0x00, 0x27, 0x00, 0x21, 0x00, 0x00, 0x28, 0x00, 0x00, 0x1d, 0x00, 0x00,
  0x24, 0x00, 0x00, 0x2c, 0x00, 0x00, 0x30, 0x30, 0x00, 0x1f, 0x00, 0x04,
  0x00, 0x00, 0x00, 0x00, 0x00, 0x00, 0x00, 0x00, 0x00, 0x00, 0x00, 0x00,
  0x00, 0x38, 0x00, 0xef, 0x00, 0xfc, 0x00, 0x2d, 0x00, 0x00, 0x00, 0x00,
  0x23, 0x2d, 0x00, 0xdf, 0x00, 0xfd, 0x00, 0x00, 0x00, 0xe1, 0x33, 0x04,
  0x00, 0x3d, 0x00, 0x00, 0x00, 0x08, 0x20, 0x46, 0x00, 0xe9, 0x00, 0xff,
  0x00, 0x41, 0x00, 0x00, 0x00, 0x00, 0xd9, 0x32, 0x34, 0x00, 0x00, 0x00,
  0x00, 0x2d, 0x00, 0x00, 0x00, 0x00, 0xd6, 0x00, 0x00, 0x00, 0x00, 0x00,
  0x00, 0x50, 0x3e, 0xdd, 0x00, 0x00, 0x00, 0x52, 0x00, 0xc8, 0x36, 0x00,
  0x00, 0x00, 0x00, 0xd2, 0x00, 0xc7, 0x00, 0x00, 0x00, 0xd8, 0x2f, 0xc1,
  0x00, 0x32, 0x00, 0x00, 0x00, 0x00, 0x00, 0x00, 0x00, 0xdf, 0x00, 0x00,
  0x00, 0x00, 0x00, 0x00, 0x00, 0x00, 0x00, 0x3b, 0x00, 0x00, 0x00, 0x00,
  0x00, 0x00, 0x00, 0x00, 0x28, 0x00, 0x00, 0x00, 0x00, 0x00, 0x3b, 0x00,
  0x00, 0x2a, 0x00, 0x00, 0x36, 0x00, 0x00, 0x44, 0x00, 0x00, 0x36, 0x00,
  0x21, 0x31, 0x00, 0x00, 0x2c, 0xb5, 0x00, 0x00, 0x00, 0x00, 0x00, 0xc9,
  0x00, 0x00, 0x00, 0xe4, 0x00, 0x00, 0x00, 0x00, 0x00, 0xed, 0x00, 0xc5,
  0x00, 0x39, 0x00, 0xd9, 0x00, 0x00, 0x00, 0x00, 0x3a, 0xe2, 0x00, 0x00,
  0x2b, 0x00, 0x00, 0xd9, 0x00, 0x00, 0x00, 0x46, 0x00, 0xd8, 0x00, 0xc3,
  0x00, 0x32, 0x00, 0xe2, 0x00, 0x00, 0x00, 0x44, 0x00, 0x00, 0x00, 0x00,
  0x00, 0x44, 0x00, 0x00, 0x00, 0xbf, 0x00, 0x58, 0x00, 0x00, 0x00, 0xc3,
  0x29, 0x42, 0x00, 0x20, 0x00, 0x00, 0x00, 0x35, 0x00, 0x00, 0x00, 0x00,
  0x00, 0x34, 0x00, 0x00, 0xd9, 0x00, 0x00, 0x00, 0x00, 0x00, 0x00, 0xc1,
  0x00, 0x00, 0x00, 0xf4, 0x00, 0x00, 0x00, 0x00, 0x00, 0xe2, 0x00, 0xc9,
  0x00, 0x38, 0x00, 0xdb, 0x00, 0x00, 0x00, 0x00, 0x00, 0xde, 0x00, 0x00,
  0x00, 0x00, 0x00, 0xe5, 0x00, 0xcd, 0x00, 0x00, 0x00, 0x00, 0x00, 0x00,
  0x00, 0x00, 0x00, 0x00, 0x00, 0x00, 0x00, 0x00, 0x36, 0x00, 0x00, 0xcb,
  0x00, 0x2f, 0x00, 0x00, 0x00, 0x00, 0x00, 0x00, 0x00, 0x00, 0x00, 0xca,
  0x00, 0x00, 0x00, 0x00, 0x00, 0x00, 0x00, 0x00, 0x00, 0x00, 0x00, 0x00,
  0x00, 0x00, 0x00, 0x00, 0x00, 0x00, 0x00, 0x00, 0x00, 0x00, 0x00, 0x00,
  0x00, 0xe2, 0x00, 0x00, 0x00, 0x00, 0x00, 0x00, 0x00, 0x00, 0x00, 0x00,
  0x00, 0xd3, 0x00, 0x00, 0x00, 0x00, 0x2c, 0x00, 0x00, 0x00, 0x00, 0x00,
  0x28, 0xd7, 0x00, 0x00, 0x00, 0x00, 0x00, 0x00, 0x00, 0x00, 0x00, 0x00,
  0x00, 0x00, 0x00, 0x00, 0x00, 0x00, 0x00, 0xc7, 0x00, 0x00, 0x00, 0x00,
  0x00, 0x00, 0x00, 0x00, 0x00, 0x00, 0x00, 0x00, 0x00, 0x00, 0x00, 0xcb,
  0x32, 0xd4, 0x00, 0x00, 0x00, 0x00, 0x00, 0xd4, 0x00, 0x00, 0x00, 0x00,
  0x00, 0xce, 0x00, 0x00, 0x00, 0xc2, 0x38, 0x00, 0x00, 0x00, 0x00, 0x00,
  0x41, 0x00, 0x00, 0x00, 0x00, 0xc6, 0x39, 0x00, 0x00, 0x00, 0x00, 0x00,
  0x2d, 0x00, 0x00, 0x00, 0x00, 0x00, 0x00, 0xe1, 0x00, 0x00, 0x00, 0x00,
  0x00, 0x00, 0x00, 0x00, 0x00, 0x00, 0x00, 0x00, 0x00, 0x00, 0x00, 0x00,
  0x00, 0x00, 0x00, 0x00, 0x00, 0x00, 0x00, 0x00, 0x00, 0x00, 0x00, 0x3b,
  0x00, 0x00, 0x00, 0x00, 0x00, 0x27, 0x00, 0x00, 0x00, 0x00, 0x00, 0x00,
  0x00, 0x00, 0x00, 0x00, 0x00, 0x00, 0x00, 0x00, 0x00, 0x00, 0x00, 0x00,
  0x00, 0x00, 0x00, 0x00, 0x00, 0x00, 0x00, 0x00, 0x00, 0x00, 0x00, 0x00,
  0x00, 0x00, 0x00, 0x00, 0x00, 0x00, 0x00, 0x00, 0x00, 0x00, 0x1b, 0x00,
  0x00, 0x00, 0x2c, 0x00, 0x21, 0x00, 0x00, 0x00, 0x00, 0xcf, 0x2b, 0x00,
  0x00, 0x00, 0x00, 0xc2, 0x30, 0x00, 0x42, 0x00, 0x00, 0x00, 0x1e, 0x00,
  0x00, 0xb8, 0x00, 0x00, 0x00, 0x00, 0x26, 0xaf, 0x00, 0x00, 0x00, 0x00,
  0x00, 0x00, 0x00, 0x00, 0x00, 0x00, 0x3a, 0xc4, 0x00, 0x00, 0x00, 0x00,
  0x00, 0xc1, 0x00, 0x00, 0x00, 0x00, 0x00, 0xce, 0x00, 0x00, 0x19, 0x00,
  0x36, 0x00, 0x00, 0x00, 0x00, 0x00, 0x00, 0xd0, 0x00, 0x00, 0x00, 0x00,
  0x00, 0xc5, 0x00, 0x00, 0x00, 0x00, 0x34, 0x00, 0x00, 0x00, 0x00, 0x00,
  0x00, 0x00, 0x00, 0x00, 0x00, 0x2a, 0x00, 0x00, 0x00, 0x00, 0x00, 0x00,
  0x2f, 0x00, 0x2e, 0x00, 0x00, 0x00, 0x00, 0xd6, 0x00, 0x00, 0x00, 0x00,
  0x00, 0xdd, 0x00, 0x00, 0x00, 0x00, 0x2d, 0x00, 0x00, 0x00, 0x00, 0x27,
  0x00, 0x00, 0x00, 0x00, 0x00, 0x34, 0x00, 0xc4, 0x00, 0x00, 0x00, 0x25,
  0x00, 0xbf, 0x00, 0x00, 0x00, 0x00, 0x00, 0xd9, 0x00, 0x00, 0x00, 0x3b,
  0x00, 0x00, 0x00, 0x00, 0x00, 0x00, 0xdf, 0x00, 0x00, 0x00, 0x00, 0x00,
  0xdb, 0xd9, 0x00, 0x00, 0x00, 0x3c, 0x00, 0x00, 0x00, 0x00, 0x00, 0x37,
  0x00, 0xcf, 0x00, 0x00, 0x00, 0x00, 0x00, 0x00, 0x00, 0x00, 0x00, 0x2b,
  0x00, 0x00, 0x00, 0x00, 0x00, 0x00, 0x00, 0x00, 0x00, 0x00, 0x00, 0x00,
  0x00, 0x00, 0x00, 0x00, 0x00, 0x00, 0x2d, 0x00, 0x00, 0x00, 0x00, 0x00,
  0x00, 0x00, 0x00, 0x00, 0xed, 0x00, 0x00, 0x00, 0x00, 0x00, 0x00, 0x00,
  0x24, 0x00, 0x00, 0x00, 0x00, 0x00, 0x00, 0x00, 0x00, 0x00, 0x00, 0x00,
  0x00, 0xb7, 0x00, 0x00, 0x00, 0x00, 0x00, 0x00, 0x00, 0x00, 0x00, 0x00,
  0x29, 0x00, 0x00, 0x00, 0x00, 0x00, 0x36, 0x00, 0x00, 0x00, 0x00, 0x00,
  0x45, 0xb0, 0x00, 0x00, 0x00, 0x00, 0x00, 0xae, 0x00, 0x00, 0x00, 0x00,
  0x00, 0xbc, 0x00, 0x00, 0x00, 0x2d, 0x3b, 0x00, 0x00, 0x00, 0x00, 0x2a,
  0x00, 0x00, 0x00, 0x00, 0x00, 0x00, 0x00, 0xc3, 0x00, 0x00, 0x00, 0x00,
  0x2d, 0x00, 0x00, 0x00, 0x00, 0x39, 0x2b, 0x00, 0x00, 0x00, 0x00, 0x1e,
  0x2f, 0x00, 0x00, 0x00, 0x00, 0x00, 0x00, 0x00, 0x00, 0x00, 0x00, 0x30,
  0x2a, 0x00, 0x00, 0x00, 0x00, 0x00, 0x33, 0x00, 0x00, 0x00, 0x00, 0x21,
  0x00, 0x00, 0x00, 0x00, 0x00, 0x27, 0x00, 0xd6, 0x00, 0x00, 0x00, 0x00,
  0x00, 0xdc, 0x31, 0x00, 0x00, 0x2f, 0x00, 0x00, 0x00, 0x00, 0x00, 0x00,
  0x00, 0xd7, 0x00, 0x00, 0x00, 0x00, 0x00, 0x00, 0x00, 0x00, 0x00, 0x28,
  0x00, 0xda, 0x00, 0x00, 0x00, 0x00, 0x00, 0x00, 0x00, 0x00, 0x00, 0x00,
  0xeb, 0xce, 0x00, 0x00, 0x00, 0x00, 0x00, 0xce, 0x30, 0x00, 0x00, 0x2e,
  0x00, 0xcc, 0x00, 0x00, 0x00, 0x37, 0x00, 0xd4, 0x00, 0x00, 0x00, 0x00,
  0x00, 0xc8, 0x00, 0x00, 0x00, 0x30, 0x00, 0xe0, 0x00, 0x00, 0x00, 0x00,
  0x24, 0x00, 0x00, 0x00, 0x00, 0x2e, 0x29, 0xdc, 0x00, 0x00, 0x00, 0x00,
  0x00, 0x00, 0x00, 0x00, 0x00, 0x00, 0x00, 0x00, 0x00, 0x00, 0x00, 0x00,
  0x00, 0x00, 0x00, 0x00, 0x00, 0x00, 0x00, 0xd2, 0x00, 0x00, 0x00, 0x00,
  0x3e, 0x00, 0x00, 0x00, 0x00, 0x00, 0x00, 0x00, 0x00, 0x00, 0x00, 0x00,
  0x3d, 0x00, 0x00, 0x00, 0x00, 0x00, 0x37, 0xc4, 0x00, 0x00, 0x00, 0x00,
  0x35, 0xc0, 0x00, 0x00, 0x00, 0x00, 0x33, 0xbe, 0x00, 0x00, 0x00, 0x00,
  0x00, 0x00, 0x00, 0x00, 0x00, 0x00, 0x00, 0x00, 0x00, 0x00, 0x18, 0x2d,
  0x00, 0xb7, 0x00, 0x00, 0x00, 0x38, 0x00, 0x00, 0x00, 0x00, 0x00, 0x00,
  0x49, 0x00, 0x00, 0x00, 0x00, 0x00, 0x00, 0x00, 0x00, 0x00, 0x00, 0x00,
  0x38, 0x00, 0x00, 0x00, 0x00, 0x00, 0x00, 0x00, 0x00, 0x00, 0x00, 0x00,
  0x00, 0x00, 0x00, 0x00, 0x00, 0x2a, 0x00, 0x00, 0x00, 0x00, 0x00, 0x00,
  0x00, 0xdb, 0x00, 0x00, 0x00, 0xda, 0x00, 0x00, 0x00, 0x00, 0x00, 0x00,
  0x00, 0x00, 0x00, 0xdf, 0x00, 0x00, 0xe2, 0xdb, 0x00, 0x00, 0x00, 0x00,
  0x00, 0x00, 0x1e, 0xe0, 0x00, 0x00, 0x00, 0x00, 0x00, 0xde, 0x00, 0x00,
  0xdb, 0x00, 0x00, 0x00, 0xe1, 0x00, 0x00, 0x00, 0x00, 0x00, 0xdd, 0x00,
  0xe2, 0x00, 0x00, 0x00, 0x00, 0x00, 0x1e, 0x00, 0xe0, 0x00, 0x00, 0x00,
  0x00, 0x00, 0x00, 0x00, 0x00, 0x00, 0xe3, 0x00, 0xdf, 0x00, 0x00, 0x00,
  0xdb, 0x00, 0xe5, 0xe3, 0x00, 0x1f, 0x00, 0x00, 0x00, 0xde, 0x00, 0x00,
  0x00, 0x00, 0x00, 0xe5, 0x00, 0x00, 0x00, 0x00, 0x00, 0x00, 0x00, 0x00,
  0xdc, 0x00, 0x00, 0xe0, 0x00, 0x00, 0x00, 0x00, 0xe3, 0x00, 0x00, 0xdc,
  0x00, 0x00, 0x00, 0x1f, 0x00, 0x00, 0x00, 0xe4, 0x00, 0x00, 0x00, 0x00,
  0x00, 0x00, 0x00, 0x00, 0x00, 0x00, 0xe2, 0x1b, 0x00, 0x00, 0x00, 0xe0,
  0xe4, 0x00, 0x00, 0x1c, 0x00, 0x00, 0x00, 0x00, 0x00, 0x00, 0x00, 0x00,
  0xe1, 0x00, 0x1c, 0x00, 0x00, 0xe4, 0x00, 0x00, 0xe0, 0x00, 0x00, 0x1d,
  0x00, 0x1e, 0x00, 0x00, 0x00, 0x00, 0x00, 0x00, 0x00, 0x00, 0x00, 0x00,
  0x00, 0x00, 0x00, 0xe0, 0x00, 0x00, 0x00, 0x00, 0x00, 0x00, 0xe0, 0x00,
  0x00, 0x00, 0x00, 0x00, 0x00, 0x00, 0x00, 0x00, 0x00, 0x00, 0x00, 0x00,
  0x00, 0x00, 0x00, 0x00, 0x00, 0x00, 0x00, 0x00, 0x00, 0x00, 0x00, 0x00,
  0xdf, 0x00, 0x00, 0x00, 0xe4, 0x00, 0x00, 0x00, 0x1b, 0xdc, 0xe2, 0x00,
  0x00, 0x00, 0x00, 0x00, 0x00, 0x00, 0x00, 0x00, 0x00, 0xdf, 0x00, 0x00,
  0x00, 0x00, 0x00, 0x00, 0x00, 0xdb, 0x00, 0x00, 0x00, 0x00, 0x00, 0x00,
  0x00, 0x00, 0x00, 0x00, 0x00, 0x00, 0x00, 0x00, 0x00, 0x00, 0x00, 0x00,
  0x00, 0xde, 0x00, 0x00, 0x00, 0x00, 0x00, 0x00, 0x00, 0x00, 0x00, 0x00,
  0x00, 0x00, 0xdc, 0x00, 0x00, 0xdf, 0xe3, 0x00, 0xe2, 0x1d, 0x00, 0xda,
  0x00, 0x00, 0x00, 0x00, 0xdf, 0x00, 0x00, 0xe2, 0x00, 0x00, 0x00, 0x00,
  0x00, 0x00, 0x00, 0xde, 0x00, 0x00, 0x00, 0x00, 0x00, 0xdb, 0x00, 0x00,
  0x00, 0x00, 0x00, 0x00, 0xde, 0x00, 0x00, 0x00, 0x00, 0x00, 0x00, 0x00,
  0x00, 0x00, 0xde, 0x1b, 0x00, 0x00, 0x00, 0x00, 0x00, 0xe4, 0x00, 0x00,
  0xdc, 0x00, 0x00, 0x00, 0x00, 0xe3, 0x00, 0x00, 0x00, 0x00, 0x00, 0x00,
  0x00, 0x00, 0x00, 0x1d, 0x00, 0x00, 0x00, 0x00, 0x00, 0x00, 0x00, 0x1d,
  0x00, 0x00, 0x00, 0x00, 0x1e, 0xe3, 0x00, 0x1d, 0xe1, 0x00, 0xe0, 0x00,
  0x00, 0xdd, 0xdf, 0x00, 0x00, 0x00, 0x00, 0xe2, 0x00, 0x00, 0x00, 0x00,
  0x00, 0x1b, 0x00, 0x00, 0x00, 0x00, 0xe0, 0x00, 0x00, 0x00, 0x00, 0x00,
  0x1e, 0x00, 0x00, 0x00, 0x00, 0xe3, 0x00, 0x00, 0x00, 0x00, 0xe0, 0xdf,
  0xdd, 0x00, 0x00, 0x00, 0x00, 0x00, 0xda, 0x00, 0x00, 0x00, 0xe3, 0x00,
  0x00, 0x00, 0xe4, 0x00, 0x00, 0x00, 0x00, 0x00, 0x00, 0x00, 0x00, 0x00,
  0x00, 0x00, 0x00, 0x00, 0x00, 0x00, 0x00, 0xe0, 0x1c, 0x00, 0x00, 0x00,
  0xdb, 0xe1, 0x00, 0x00, 0x00, 0xdb, 0x00, 0x00, 0x00, 0x00, 0x00, 0x00,
  0x00, 0x00, 0xdd, 0xdd, 0x00, 0x00, 0x00, 0x1e, 0x00, 0xe3, 0x00, 0x00,
  0x1c, 0xe4, 0x00, 0x00, 0x00, 0x00, 0x00, 0x00, 0x00, 0x1d, 0x00, 0x00,
  0xde, 0xde, 0x00, 0x00, 0x00, 0x00, 0x00, 0xe4, 0x00, 0x00, 0xe3, 0x00,
  0x00, 0x00, 0x00, 0x00, 0xdf, 0x00, 0xde, 0x00, 0xe1, 0x00, 0x00, 0x00,
  0x00, 0x00, 0x00, 0xdc, 0x00, 0x00, 0x00, 0x00, 0x00, 0x00, 0x00, 0x00,
  0x00, 0x00, 0x00, 0x00, 0x00, 0x00, 0x00, 0x00, 0x00, 0x00, 0xe4, 0x00,
  0xdf, 0x00, 0x00, 0x1e, 0x00, 0x1f, 0x00, 0x00, 0x00, 0x00, 0x00, 0x00,
  0x00, 0x00, 0x00, 0x00, 0x00, 0x00, 0x00, 0x00, 0x00, 0xde, 0x00, 0x1b,
  0x00, 0x00, 0x00, 0xe0, 0x00, 0x00, 0x00, 0x00, 0x00, 0x1e, 0x00, 0x00,
  0x00, 0x00, 0x00, 0x00, 0xe5, 0x00, 0x00, 0x00, 0x00, 0x00, 0x00, 0x00,
  0x00, 0x00, 0xe0, 0x00, 0x00, 0x00, 0x00, 0x00, 0x1e, 0x00, 0xdb, 0x00,
  0x00, 0x00, 0x00, 0x00, 0x00, 0x00, 0x1e, 0x00, 0x00, 0x00, 0x00, 0x00,
  0xde, 0x00, 0x00, 0x00, 0x00, 0x00, 0x00, 0xdc, 0x00, 0xc0, 0x25, 0xda,
  0x00, 0x38, 0x00, 0xc3, 0x40, 0x00, 0xd9, 0x00, 0x00, 0xd2, 0x2f, 0xc2,
  0x00, 0x2b, 0x00, 0x00, 0x3a, 0x00, 0x00, 0x31, 0x00, 0x00, 0x2d, 0xd6,
  0x00, 0x14, 0x00, 0x00, 0x2e, 0x00, 0x00, 0x00, 0x00, 0x00, 0x00, 0x00,
  0xe1, 0x00, 0x00, 0x00, 0x00, 0x00, 0x00, 0x22, 0x00, 0x00, 0x30, 0x00,
  0x00, 0x00, 0x00, 0x00, 0x41, 0x00, 0x00, 0x00, 0x00, 0xd8, 0x40, 0xd3,
  0x00, 0x00, 0x00, 0xca, 0x47, 0xcb, 0x00, 0x00, 0x00, 0x00, 0x00, 0xc7,
  0x00, 0x00, 0x00, 0x00, 0x00, 0x00, 0x00, 0x00, 0x00, 0x00, 0x00, 0x00,
  0x00, 0x00, 0x34, 0x00, 0x00, 0x00, 0xe7, 0x00, 0x2d, 0x00, 0x00, 0xd1,
  0x00, 0xc7, 0x00, 0x00, 0x00, 0x00, 0x00, 0x00, 0x00, 0x00, 0x00, 0xd8,
  0x00, 0x00, 0x00, 0x00, 0x00, 0xcf, 0x00, 0x00, 0x00, 0xd8, 0x00, 0x00,
  0x00, 0x00, 0x00, 0xd0, 0x00, 0xd6, 0x00, 0x00, 0x00, 0xbc, 0x00, 0xd4,
  0x00, 0x00, 0x00, 0xb1, 0x00, 0x00, 0xe1, 0x00, 0x00, 0xb8, 0x00, 0x00,
  0x00, 0x20, 0x00, 0xb3, 0x00, 0x00, 0x00, 0x22, 0x00, 0x00, 0x00, 0x00,
  0x00, 0x25, 0x00, 0x00, 0x00, 0x00, 0x00, 0x20, 0x00, 0x00, 0x00, 0x00,
  0x00, 0x1f, 0x00, 0x00, 0x00, 0x00, 0x00, 0x00, 0x00, 0x00, 0x00, 0xd9,
  0x23, 0x00, 0x00, 0x00, 0x00, 0xd4, 0x00, 0x00, 0x00, 0x00, 0x00, 0x00,
  0x00, 0x00, 0x00, 0xc1, 0x00, 0xca, 0x19, 0x00, 0x00, 0xc5, 0x00, 0x00,
  0x24, 0x31, 0x00, 0xca, 0x00, 0x00, 0x1f, 0x2d, 0x00, 0xd2, 0x00, 0xce,
  0x00, 0x00, 0x00, 0x00, 0x00, 0xd0, 0x00, 0x3c, 0x00, 0x00, 0x00, 0x00,
  0x00, 0x00, 0x00, 0x00, 0xec, 0xdc, 0x1d, 0x3d, 0x00, 0x15, 0x00, 0x00,
  0x00, 0x00, 0x00, 0x1e, 0x00, 0x00, 0x00, 0x00, 0x00, 0x00, 0xee, 0xd9,
  0x00, 0x00, 0x00, 0xe0, 0xf2, 0x00, 0x15, 0x00, 0x00, 0xdc, 0x00, 0x00,
  0xd5, 0x00, 0x00, 0x00, 0x00, 0x00, 0xd1, 0x00, 0x00, 0xd7, 0x00, 0x00,
  0x00, 0x30, 0x00, 0xc3, 0xf5, 0x18, 0x00, 0x27, 0x2d, 0x00, 0xee, 0x00,
  0x00, 0x34, 0x00, 0x00, 0x00, 0x22, 0x00, 0x32, 0x00, 0x00, 0xe1, 0x00,
  0x00, 0x00, 0x00, 0x00, 0x00, 0x1c, 0xd6, 0x32, 0x00, 0x00, 0x00, 0x25,
  0x00, 0x34, 0x00, 0x00, 0x00, 0x1f, 0xd7, 0x35, 0x00, 0x00, 0x00, 0x00,
  0x00, 0x1c, 0x00, 0x00, 0x00, 0x00, 0x00, 0x00, 0x00, 0x00, 0x00, 0x00,
  0xce, 0x00, 0x00, 0xbf, 0x00, 0x00, 0x00, 0x00, 0x00, 0xd4, 0x00, 0x1f,
  0x00, 0x00, 0x00, 0xcc, 0x00, 0x00, 0x00, 0x00, 0x36, 0xc4, 0x00, 0x00,
  0x00, 0x00, 0x2f, 0xd5, 0x00, 0x00, 0x00, 0x00, 0x00, 0x00, 0x00, 0x00,
  0x00, 0x00, 0x00, 0x00, 0x1f, 0x00, 0x00, 0x21, 0x00, 0x00, 0x00, 0x18,
  0x26, 0x00, 0x00, 0x00, 0x00, 0x00, 0x00, 0x00, 0x00, 0x00, 0x19, 0x00,
  0x32, 0x00, 0x30, 0x00, 0x1b, 0x00, 0x25, 0x00, 0x00, 0x00, 0x30, 0x00,
  0x00, 0x00, 0x00, 0x00, 0x25, 0x00, 0x00, 0xdd, 0x00, 0xc8, 0x20, 0x00,
  0x44, 0x00, 0x00, 0xbd, 0x28, 0x00, 0x00, 0x00, 0x00, 0xae, 0x2d, 0x00,
  0x00, 0x00, 0x00, 0xb6, 0x2a, 0x00, 0x39, 0xdf, 0x00, 0x00, 0x00, 0x00,
  0x00, 0x00, 0x32, 0x00, 0x00, 0x00, 0x40, 0xdf, 0x00, 0x00, 0x00, 0x00,
  0x00, 0x00, 0x00, 0x00, 0x00, 0x00, 0x3b, 0x00, 0x31, 0x00, 0x00, 0x00,
  0x2e, 0x00, 0x00, 0xd7, 0x00, 0xd7, 0x1b, 0x00, 0x00, 0xd9, 0x00, 0xd6,
  0x00, 0x00, 0x00, 0xca, 0x00, 0x18, 0x00, 0xd2, 0x00, 0xbc, 0x00, 0xdb,
  0x00, 0x00, 0x00, 0xc6, 0x00, 0x00, 0x00, 0x00, 0x00, 0xd4, 0xf6, 0x00,
  0x00, 0x00, 0x00, 0x00, 0xe4, 0x00, 0x00, 0x00, 0x00, 0x00, 0xf1, 0x00,
  0x00, 0x00, 0x2e, 0x00, 0x00, 0x00, 0x29, 0x11, 0x00, 0x00, 0x00, 0x00,
  0x00, 0x00, 0x00, 0x00, 0x00, 0x00, 0x00, 0x00, 0x00, 0x00, 0x00, 0xdb,
  0x00, 0x00, 0x00, 0x00, 0x00, 0x00, 0x00, 0x00, 0x00, 0xd0, 0x00, 0x00,
  0x20, 0x00, 0x00, 0xc7, 0x00, 0x00, 0x00, 0x00, 0x00, 0xc5, 0x00, 0x00,
  0x00, 0x00, 0x00, 0xbe, 0x00, 0x00, 0x00, 0xd8, 0x00, 0xcc, 0x00, 0x00,
  0x00, 0x00, 0x00, 0xd8, 0x00, 0x00, 0x00, 0x00, 0x00, 0x00, 0x00, 0x00,
  0x00, 0x00, 0x00, 0x00, 0x00, 0x00, 0x00, 0x29, 0xe1, 0x00, 0x00, 0x00,
  0x1f, 0x00, 0x00, 0x00, 0x00, 0x00, 0x00, 0x00, 0x00, 0x00, 0x00, 0x00,
  0x00, 0x00, 0x00, 0x00, 0x00, 0xde, 0x00, 0x00, 0x00, 0x00, 0x00, 0x00,
  0x00, 0x00, 0x00, 0x00, 0xdf, 0x00, 0xe4, 0x00, 0x00, 0x00, 0x00, 0x00,
  0x1f, 0xdb, 0x00, 0x00, 0x00, 0x00, 0x00, 0xe5, 0x00, 0x00, 0x00, 0x00,
  0x00, 0x00, 0x00, 0x00, 0x00, 0x00, 0x00, 0x1e, 0xe2, 0x00, 0x00, 0x00,
  0x00, 0x00, 0x00, 0x00, 0x00, 0xe3, 0x00, 0x00, 0x00, 0x00, 0x00, 0x00,
  0x00, 0x00, 0xe2, 0x00, 0x00, 0x00, 0xdc, 0x00, 0x00, 0x00, 0x1c, 0xdb,
  0x00, 0xdf, 0xe3, 0x00, 0x00, 0x00, 0x00, 0xdd, 0xdf, 0x00, 0x00, 0x00,
  0x00, 0x00, 0xdb, 0x00, 0x00, 0x00, 0x00, 0x00, 0x00, 0x00, 0x00, 0x00,
  0x00, 0x00, 0x00, 0xde, 0x00, 0xe1, 0x00, 0x00, 0xe1, 0x00, 0x00, 0x1e,
  0x1e, 0x00, 0x00, 0x00, 0x00, 0xdf, 0x00, 0x00, 0x00, 0x00, 0x00, 0x00,
  0x00, 0xda, 0x00, 0x1c, 0x00, 0x00, 0x1d, 0x1e, 0x00, 0xe1, 0x00, 0x00,
  0x00, 0x00, 0xe2, 0x00, 0x00, 0x00, 0xdc, 0x00, 0x00, 0x00, 0x1c, 0x00,
  0xe2, 0xdc, 0x00, 0x00, 0x00, 0xdd, 0x1c, 0x00, 0x00, 0x00, 0x00, 0x00,
  0xdb, 0x00, 0x00, 0x00, 0x00, 0x00, 0xdc, 0xdf, 0x00, 0x00, 0x00, 0x00,
  0x00, 0x00, 0x00, 0x00, 0x00, 0xe2, 0xe2, 0x00, 0x00, 0x00, 0x1c, 0x00,
  0x00, 0x00, 0x00, 0x00, 0x00, 0x00, 0x00, 0x1e, 0x00, 0x00, 0x00, 0x00,
  0x1f, 0x00, 0x00, 0x00, 0x00, 0x00, 0xdc, 0x1c, 0xe2, 0x00, 0xe3, 0x00,
  0x00, 0x00, 0xe1, 0x00, 0x00, 0x00, 0x00, 0xe4, 0x00, 0x1d, 0x00, 0x00,
  0x1f, 0x00, 0x00, 0x00, 0x00, 0x00, 0xe3, 0x00, 0x00, 0x00, 0x00, 0x00,
  0xde, 0x00, 0x00, 0x00, 0x00, 0x00, 0x00, 0x00, 0x00, 0xe2, 0x00, 0x00,
  0x1c, 0x00, 0xe3, 0x00, 0x00, 0x00, 0x00, 0x00, 0x00, 0x00, 0x00, 0x00,
  0x1e, 0x00, 0x00, 0x00, 0x00, 0x00, 0x00, 0x00, 0x00, 0x1c, 0x00, 0xde,
  0x00, 0x00, 0x00, 0x00, 0x00, 0x00, 0x00, 0x00, 0x00, 0x00, 0x00, 0x00,
  0x00, 0x00, 0x00, 0x00, 0xe3, 0xe4, 0x1e, 0x00, 0x00, 0x00, 0x00, 0x00,
  0x00, 0x00, 0x00, 0x00, 0x00, 0x00, 0x00, 0x00, 0x00, 0x1d, 0xdd, 0x00,
  0xdd, 0x00, 0xdd, 0x00, 0x00, 0x00, 0x00, 0x00, 0x00, 0x1f, 0x00, 0x00,
  0x00, 0x00, 0xe1, 0x00, 0x00, 0x00, 0x1c, 0x00, 0x00, 0xe2, 0x00, 0xdb,
  0x00, 0x00, 0x00, 0x00, 0x00, 0x1d, 0x00, 0x00, 0x00, 0x00, 0xe1, 0x00,
  0x00, 0x1e, 0x00, 0x00, 0x00, 0x00, 0x00, 0x00, 0x00, 0x00, 0x00, 0x00,
  0x00, 0x00, 0x1f, 0xe2, 0x00, 0x00, 0x00, 0x00, 0x00, 0x00, 0x1c, 0x00,
  0x00, 0x1d, 0xe4, 0x00, 0x00, 0x00, 0x00, 0x00, 0x00, 0x00, 0x00, 0x1c,
  0x1e, 0x00, 0x00, 0xe0, 0xde, 0xdd, 0x00, 0x00, 0x00, 0x00, 0x00, 0x00,
  0x00, 0x1b, 0x00, 0x00, 0x00, 0x00, 0x00, 0x00, 0x00, 0x00, 0x00, 0x00,
  0x00, 0x00, 0x00, 0x00, 0x00, 0x00, 0x00, 0x00, 0x00, 0x00, 0x00, 0x00,
  0x00, 0x00, 0xde, 0x00, 0x00, 0x00, 0xdb, 0x00, 0x00, 0x00, 0xdf, 0x1c,
  0x00, 0x00, 0x00, 0x00, 0x00, 0x00, 0x00, 0x00, 0x00, 0x00, 0x00, 0x00,
  0x00, 0xdd, 0x00, 0x00, 0xdb, 0x00, 0x00, 0x1f, 0xde, 0xe5, 0x00, 0x00,
  0x00, 0x00, 0x00, 0x00, 0x00, 0x00, 0xde, 0x00, 0x00, 0xdb, 0xe2, 0xdf,
  0x00, 0x00, 0x00, 0x00, 0x00, 0x00, 0xdb, 0x00, 0x00, 0x00, 0x00, 0x00,
  0x00, 0x00, 0x00, 0x00, 0x1e, 0x00, 0xe0, 0x00, 0x00, 0xe1, 0x00, 0xe1,
  0x00, 0xe1, 0x00, 0x00, 0x00, 0x00, 0x00, 0x00, 0xe1, 0x00, 0x00, 0x00,
  0x00, 0x1d, 0x00, 0x00, 0x00, 0x00, 0x00, 0x00, 0xdf, 0x00, 0x00, 0x00,
  0xe0, 0x00, 0x00, 0x00, 0x00, 0x00, 0xdc, 0x00, 0x00, 0xe3, 0x00, 0x00,
  0x00, 0x00, 0x00, 0x00, 0x00, 0x00, 0x00, 0x00, 0x00, 0xe2, 0xe1, 0x00,
  0xe3, 0x00, 0x1c, 0xde, 0x00, 0x00, 0xdd, 0x00, 0x00, 0x1f, 0x00, 0x00,
  0xdc, 0x00, 0x00, 0x00, 0xe1, 0xe4, 0x00, 0x00, 0x1e, 0x00, 0x00, 0x00,
  0x00, 0x00, 0xe2, 0x00, 0x00, 0x00, 0x00, 0x00, 0x00, 0x00, 0x00, 0x00,
  0xe3, 0x00, 0x00, 0xdc, 0xe4, 0xe0, 0x00, 0x00, 0xe2, 0xe3, 0x00, 0x00,
  0x00, 0x00, 0xe3, 0x00, 0x00, 0x00, 0x00, 0x1d, 0x00, 0x00, 0x00, 0x00,
  0x2a, 0xc3, 0x27, 0x00, 0x00, 0x00, 0x00, 0xaf, 0x30, 0x00, 0x00, 0x00,
  0x00, 0xad, 0x00, 0x03, 0x00, 0x2b, 0x00, 0xc1, 0x00, 0x00, 0x00, 0x2d,
  0x00, 0x00, 0x2b, 0x00, 0x00, 0x00, 0x24, 0xb8, 0x00, 0x00, 0x00, 0x24,
  0x23, 0xb9, 0x00, 0xc4, 0x00, 0x00, 0x00, 0x00, 0x00, 0xc9, 0x00, 0x34,
  0x00, 0xbf, 0x00, 0x00, 0x00, 0x00, 0x00, 0xb3, 0x00, 0x00, 0xdc, 0x00,
  0x20, 0x00, 0x00, 0x00, 0xdd, 0x00, 0x00, 0x00, 0x2a, 0x00, 0xd7, 0x00,
  0x21, 0x00, 0x2b, 0x00, 0xd1, 0x00, 0x00, 0x00, 0x00, 0x00, 0x00, 0x00,
  0x00, 0x00, 0x26, 0x00, 0xd8, 0x29, 0x00, 0x00, 0x2b, 0x00, 0x00, 0x2d,
  0x00, 0x00, 0x2b, 0x00, 0x00, 0x00, 0x00, 0x07, 0x2d, 0x00, 0xcf, 0x00,
  0x00, 0x00, 0x2b, 0x00, 0xc7, 0x00, 0x00, 0x00, 0x2d, 0x00, 0xc2, 0x28,
  0x00, 0x00, 0x38, 0xc6, 0xd5, 0x00, 0x00, 0x00, 0x00, 0x00, 0xd0, 0x00,
  0x00, 0x00, 0x00, 0xc0, 0x00, 0x00, 0x23, 0x00, 0x00, 0x00, 0x00, 0x00,
  0x00, 0x00, 0x2b, 0x00, 0x00, 0x00, 0x00, 0x00, 0x00, 0x00, 0x00, 0x00,
  0x00, 0x12, 0x00, 0x00, 0x00, 0x25, 0x00, 0x00, 0x00, 0x08, 0x00, 0x00,
  0x00, 0x0e, 0x00, 0x00, 0xd4, 0x00, 0x00, 0x00, 0x00, 0x00, 0x00, 0x00,
  0x32, 0x00, 0x00, 0x00, 0x00, 0x00, 0x00, 0x00, 0x00, 0x00, 0x00, 0x00,
  0x00, 0x00, 0x26, 0x00, 0x00, 0x00, 0x00, 0x00, 0x00, 0xc1, 0x00, 0x00,
  0x00, 0x00, 0x00, 0xc3, 0x00, 0x00, 0x00, 0x00, 0x00, 0xc0, 0x00, 0x00,
  0x00, 0x00, 0x36, 0xba, 0x00, 0x00, 0x00, 0x00, 0x2f, 0x00, 0x00, 0x00,
  0x00, 0x00, 0x00, 0x00, 0x00, 0xe3, 0x00, 0x00, 0x2a, 0x00, 0x00, 0x00,
  0xed, 0x00, 0x00, 0x00, 0x00, 0x00, 0x00, 0x00, 0x00, 0xc6, 0x16, 0x00,
  0x00, 0x00, 0x00, 0x00, 0x00, 0x28, 0x00, 0x00, 0x00, 0x00, 0x00, 0x00,
  0x00, 0x00, 0x00, 0xce, 0x00, 0x00, 0x00, 0xb6, 0x00, 0xc9, 0x00, 0x00,
  0xf7, 0x00, 0x00, 0xc4, 0x00, 0x00, 0x00, 0x00, 0x00, 0x00, 0xd9, 0x00,
  0x00, 0x00, 0x2b, 0x00, 0x00, 0x00, 0x00, 0x00, 0x28, 0x00, 0x00, 0x00,
  0x00, 0x00, 0x2a, 0x00, 0x00, 0x00, 0x00, 0x00, 0x37, 0x00, 0x00, 0x00,
  0x00, 0x00, 0x38, 0x00, 0x00, 0x00, 0x00, 0x00, 0x00, 0x00, 0xd4, 0x00,
  0x00, 0x00, 0x2f, 0x00, 0x00, 0x25, 0x00, 0x00, 0x00, 0x00, 0xd4, 0x00,
  0x00, 0x00, 0x2e, 0x00, 0x00, 0x00, 0xf6, 0x00, 0x2a, 0x00, 0x00, 0xe5,
  0x00, 0x00, 0x00, 0x00, 0x00, 0x00, 0x00, 0x00, 0x00, 0x00, 0x00, 0x00,
  0x37, 0x00, 0x00, 0x00, 0x00, 0x00, 0x00, 0x00, 0x00, 0x00, 0x00, 0x00,
  0x00, 0x00, 0x00, 0x00, 0x00, 0x00, 0x00, 0x00, 0x00, 0x00, 0x00, 0x00,
  0x39, 0x00, 0x32, 0x00, 0x00, 0x00, 0x3c, 0x00, 0x00, 0x00, 0x00, 0x00,
  0x00, 0x00, 0x00, 0x00, 0x00, 0x00, 0x00, 0x00, 0x00, 0x00, 0x00, 0x00,
  0x00, 0x00, 0x00, 0x00, 0x00, 0x00, 0x00, 0x00, 0x00, 0x00, 0x00, 0x00,
  0x00, 0x00, 0x00, 0x00, 0xc8, 0x00, 0x00, 0x00, 0x2b, 0x00, 0xc2, 0x00,
  0x00, 0x00, 0x30, 0x00, 0xc4, 0x24, 0x00, 0x00, 0x00, 0x00, 0x00, 0x00,
  0x2e, 0x0e, 0x2f, 0x00, 0x00, 0x00, 0x00, 0x00, 0x2d, 0x00, 0x00, 0x00,
  0x2a, 0x00, 0x00, 0x00, 0x00, 0x00, 0x00, 0x00, 0x00, 0x00, 0x00, 0x00,
  0x2d, 0x00, 0x00, 0x00, 0x00, 0x00, 0x00, 0x00, 0x00, 0x00, 0x00, 0x00,
  0x00, 0x00, 0x00, 0x00, 0x00, 0x00, 0x00, 0x00, 0x00, 0x00, 0x00, 0x00,
  0x00, 0x00, 0x00, 0x00, 0x00, 0x24, 0x00, 0xcb, 0x27, 0x00, 0x00, 0x37,
  0x00, 0x00, 0x00, 0x00, 0x00, 0x42, 0x00, 0xc7, 0x00, 0xc9, 0x00, 0x00,
  0xe1, 0x00, 0x29, 0x00, 0x00, 0x36, 0x00, 0x00, 0x2d, 0x00, 0xd5, 0x00,
  0xd9, 0x00, 0x30, 0x00, 0x00, 0x00, 0x00, 0x00, 0x00, 0x00, 0xcd, 0x00,
  0x00, 0x00, 0x2a, 0x00, 0x00, 0x00, 0x00, 0x00, 0x29, 0x00, 0xcc, 0x2c,
  0x00, 0x00, 0x30, 0x00, 0x00, 0x00, 0x00, 0x16, 0x00, 0x00, 0x00, 0x00,
  0xdd, 0x21, 0x00, 0x00, 0x00, 0x00, 0x00, 0x00, 0x00, 0x00, 0x00, 0x00,
  0x00, 0x00, 0x00, 0x00, 0x00, 0x00, 0x00, 0x22, 0x00, 0x00, 0x00, 0x29,
  0x00, 0x1b, 0x00, 0x00, 0xd9, 0x23, 0x00, 0x00, 0x00, 0x1c, 0x1f, 0xe0,
  0x00, 0xe4, 0x00, 0x00, 0x00, 0x00, 0x00, 0x00, 0x00, 0x00, 0x1c, 0xdb,
  0x00, 0x00, 0x00, 0x00, 0x00, 0x00, 0x00, 0x00, 0x00, 0x00, 0x00, 0xdc,
  0x00, 0xde, 0x00, 0x00, 0x00, 0x00, 0x00, 0xe4, 0x00, 0x00, 0x00, 0xdd,
  0x00, 0x00, 0x00, 0x00, 0x1c, 0x00, 0x00, 0x00, 0x00, 0x00, 0x00, 0xdc,
  0x00, 0x1c, 0x00, 0x00, 0x00, 0x00, 0x00, 0x00, 0x00, 0x00, 0x00, 0x00,
  0x00, 0x00, 0x00, 0x00, 0xdf, 0xe1, 0x00, 0x00, 0x00, 0x00, 0x00, 0x00,
  0x00, 0x00, 0x1e, 0x00, 0x00, 0x00, 0x00, 0x1e, 0x1e, 0x00, 0x00, 0x00,
  0x00, 0x1d, 0x00, 0x00, 0x00, 0x00, 0x00, 0x00, 0x00, 0x00, 0x00, 0xe4,
  0xde, 0x00, 0x00, 0xe5, 0x1f, 0xe2, 0x1b, 0x00, 0x00, 0x00, 0x1f, 0x00,
  0x00, 0x00, 0x00, 0xdd, 0x00, 0x00, 0xe1, 0x00, 0xdb, 0x00, 0x00, 0x00,
  0x00, 0x00, 0x00, 0x00, 0x00, 0x00, 0xe4, 0x00, 0x00, 0x00, 0x00, 0x00,
  0x00, 0x00, 0xe2, 0x00, 0x00, 0x00, 0x1e, 0xdc, 0x00, 0x00, 0x00, 0x00,
  0x00, 0x00, 0x00, 0x00, 0x00, 0x00, 0x00, 0x1f, 0x00, 0x00, 0x1e, 0x00,
  0x00, 0x00, 0x00, 0x00, 0x00, 0x00, 0x00, 0x00, 0x00, 0x1d, 0x00, 0x00,
  0x00, 0x00, 0x00, 0x1b, 0x00, 0x00, 0xe4, 0x1e, 0x00, 0x00, 0x1e, 0x00,
  0x00, 0x00, 0x00, 0x00, 0x00, 0x00, 0x00, 0x00, 0x00, 0x00, 0x00, 0x00,
  0x00, 0x00, 0x00, 0x00, 0x00, 0x00, 0x00, 0x00, 0x00, 0x00, 0xdb, 0x00,
  0xe2, 0x00, 0x00, 0x1f, 0x00, 0x00, 0x00, 0x00, 0x00, 0x00, 0x00, 0x00,
  0x00, 0xe4, 0x00, 0x00, 0x00, 0xdf, 0x00, 0x00, 0x00, 0x00, 0xdf, 0xe4,
  0x00, 0x00, 0x00, 0x00, 0xdb, 0x00, 0x00, 0x1d, 0x00, 0x00, 0x00, 0xe4,
  0x00, 0xde, 0x00, 0xde, 0x00, 0xe3, 0x00, 0x00, 0x00, 0x00, 0xde, 0x00,
  0x00, 0xe1, 0x00, 0x00, 0x00, 0x00, 0x00, 0x00, 0x00, 0x00, 0x00, 0x00,
  0xe1, 0x00, 0x00, 0xe1, 0x00, 0x00, 0x00, 0xe0, 0x00, 0x00, 0x00, 0x00,
  0x00, 0x00, 0x00, 0x00, 0x00, 0x00, 0x1b, 0x00, 0x00, 0xe4, 0x00, 0xdf,
  0xe4, 0x00, 0xdc, 0x00, 0x00, 0x00, 0xe1, 0xe1, 0x00, 0x00, 0xdd, 0x00,
  0x00, 0x00, 0xe4, 0x1c, 0x00, 0xdf, 0x00, 0x00, 0x00, 0x00, 0xe2, 0x00,
  0x00, 0x00, 0x00, 0x00, 0x00, 0x00, 0x00, 0xe2, 0x00, 0x00, 0x00, 0xdc,
  0x00, 0xe3, 0x00, 0x00, 0x00, 0x1f, 0x00, 0x00, 0x00, 0x00, 0xdb, 0x00,
  0x00, 0x00, 0x00, 0x00, 0x00, 0x00, 0x00, 0x00, 0x00, 0x00, 0xdc, 0x00,
  0x00, 0x00, 0x00, 0x00, 0x00, 0x00, 0x00, 0x00, 0x00, 0x00, 0x00, 0x00,
  0x00, 0xdd, 0xe4, 0x00, 0xe1, 0x00, 0xe5, 0xde, 0xe4, 0xe2, 0x00, 0xdf,
  0xe0, 0xe0, 0x00, 0x00, 0x00, 0xdd, 0x00, 0x00, 0x00, 0x1d, 0x00, 0x00,
  0x00, 0x00, 0x00, 0x00, 0x00, 0x00, 0x00, 0x1c, 0x00, 0x00, 0x00, 0x00,
  0x00, 0x00, 0x00, 0x00, 0x00, 0x00, 0x00, 0x1c, 0x00, 0x00, 0x00, 0x00,
  0x1d, 0x00, 0x00, 0x00, 0xdc, 0xdd, 0x00, 0x1c, 0x00, 0x00, 0x00, 0x00,
  0x00, 0x00, 0x00, 0x00, 0x00, 0x00, 0x00, 0x00, 0x00, 0x00, 0x00, 0x00,
  0xdb, 0x00, 0x00, 0x00, 0x00, 0xe1, 0x00, 0xe0, 0x00, 0xdb, 0x00, 0xe0,
  0x00, 0x00, 0x1e, 0xdf, 0x00, 0xe1, 0x00, 0x00, 0xe4, 0x00, 0x00, 0x1e,
  0x00, 0x00, 0x1b, 0x00, 0x00, 0xdc, 0xe2, 0x00, 0x00, 0x00, 0xe3, 0x00,
  0x00, 0x1d, 0x00, 0x00, 0x00, 0xdc, 0x00, 0x00, 0x00, 0x00, 0x00, 0x00,
  0x00, 0x00, 0x00, 0x00, 0x00, 0x00, 0xdd, 0x00, 0x00, 0x00, 0x00, 0x00,
  0x00, 0x00, 0xde, 0xde, 0xde, 0x00, 0x00, 0xe2, 0x00, 0x1f, 0xdf, 0x00,
  0xdf, 0x00, 0x00, 0x1e, 0xdc, 0x00, 0x00, 0x00, 0x00, 0xdc, 0x00, 0x00,
  0xe1, 0x1e, 0x00, 0x00, 0x00, 0x00, 0x00, 0x00, 0x00, 0x00, 0x00, 0x00,
  0x00, 0x00, 0x00, 0x00, 0x00, 0x1b, 0x00, 0x00, 0x00, 0x00, 0x00, 0x00,
  0x00, 0x00, 0x00, 0x00, 0x00, 0x00, 0x00, 0x1d, 0x00, 0x00, 0xdf, 0x00,
  0x00, 0x00, 0xdd, 0x00, 0x00, 0x00, 0x00, 0xe4, 0x00, 0xe1, 0x00, 0x00,
  0x00, 0x1d, 0xde, 0x00, 0x00, 0xe1, 0x1d, 0x00, 0x00, 0x00, 0x00, 0x00,
  0x00, 0x00, 0x00, 0x00, 0x00, 0x00, 0xe4, 0x00, 0xdf, 0x00, 0x1e, 0x00,
  0xe3, 0xdd, 0x00, 0x1d, 0x00, 0x00, 0x00, 0x00, 0x00, 0xde, 0x00, 0x1f,
  0x00, 0xde, 0x00, 0xde, 0x00, 0x00, 0x00, 0x00, 0x00, 0xe1, 0x00, 0x00,
  0x00, 0x00, 0x00, 0xe2, 0x00, 0x00, 0x00, 0x00, 0x00, 0x00, 0xe0, 0x00,
  0x20, 0x00, 0x00, 0x00, 0x00, 0xde, 0xe4, 0x00, 0x00, 0x00, 0x00, 0xe2,
  0x00, 0x00, 0xe5, 0x1d, 0x00, 0x00, 0x00, 0xe3, 0x1e, 0x00, 0x00, 0x00,
  0x00, 0x00, 0x00, 0x1e, 0x00, 0xdf, 0x00, 0x00, 0x00, 0x00, 0x20, 0x00,
  0xe3, 0x00, 0x00, 0x00, 0x1f, 0xe1, 0x1e, 0x00, 0x00, 0x00, 0x00, 0x00,
  0x00, 0x00, 0x00, 0x00, 0x00, 0x00, 0x00, 0x00, 0x00, 0x00, 0x00, 0x00,
  0x00, 0x00, 0x00, 0x00, 0xe3, 0x1f, 0x1d, 0x00, 0x00, 0x1f, 0x1f, 0x00,
  0x00, 0x00, 0xdc, 0xe3, 0x00, 0x00, 0xe1, 0x00, 0x00, 0xdf, 0x00, 0x00,
  0x00, 0x00, 0x00, 0x00, 0x00, 0x00, 0x00, 0x00, 0x00, 0x00, 0x00, 0x00,
  0xe2, 0x00, 0x00, 0x00, 0xde, 0x00, 0x00, 0xe0, 0x00, 0x00, 0xe4, 0x00,
  0x00, 0x00, 0x1d, 0x00, 0x00, 0x00, 0x00, 0x00, 0x00, 0xe2, 0xdd, 0x00,
  0x00, 0x00, 0x00, 0x00, 0x00, 0x00, 0x00, 0x00, 0x00, 0xe0, 0xdc, 0x00,
  0xe2, 0x00, 0x00, 0x00, 0x00, 0x00, 0x00, 0x00, 0x20, 0xe2, 0x1d, 0x00,
  0x00, 0x00, 0x00, 0x00, 0x00, 0x00, 0xe0, 0x00, 0x00, 0x00, 0xe2, 0x00,
  0x1c, 0x00, 0x00, 0xe3, 0x00, 0x00, 0x00, 0x00, 0x00, 0x00, 0x1d, 0x00,
  0x00, 0x00, 0x00, 0x00, 0x00, 0x00, 0x00, 0x00, 0x00, 0x00, 0x00, 0x00,
  0x00, 0xe0, 0x00, 0xdc, 0x00, 0x00, 0xde, 0x00, 0x00, 0x20, 0x00, 0x00,
  0x00, 0x00, 0x00, 0x00, 0xdf, 0x00, 0x00, 0x00, 0x00, 0x00, 0xdd, 0x00,
  0x00, 0x00, 0x00, 0x00, 0x00, 0x00, 0x00, 0x00, 0xdc, 0x00, 0x00, 0x00,
  0x21, 0x00, 0x00, 0x00, 0x00, 0x1c, 0x00, 0x00, 0x00, 0x00, 0x00, 0xe2,
  0x00, 0xe3, 0x00, 0x00, 0x00, 0x1c, 0x00, 0x00, 0x00, 0x00, 0x00, 0x00,
  0x00, 0x00, 0x00, 0x1e, 0x00, 0x00, 0x00, 0x00, 0x00, 0xdf, 0x00, 0x00,
  0x00, 0x00, 0x00, 0xe1, 0x00, 0x00, 0x00, 0x00, 0x00, 0x00, 0x00, 0x1c,
  0x00, 0x00, 0x1e, 0x00, 0x00, 0x00, 0x00, 0x00, 0x00, 0x00, 0x00, 0x00,
  0x00, 0x00, 0x00, 0x00, 0xe4, 0x00, 0x00, 0x00, 0x00, 0x00, 0x00, 0x00,
  0x00, 0x1d, 0x00, 0x00, 0x00, 0x00, 0x00, 0x00, 0x00, 0xde, 0x00, 0x00,
  0x00, 0xe4, 0x1c, 0x00, 0x00, 0x00, 0x00, 0x00, 0x00, 0x00, 0x00, 0x00,
  0x00, 0x00, 0x00, 0x00, 0x00, 0x00, 0x00, 0x00, 0x00, 0x00, 0x00, 0x00,
  0x00, 0x00, 0x00, 0x00, 0x00, 0x00, 0x00, 0x00, 0x00, 0x00, 0x00, 0x00,
  0x00, 0x00, 0xdf, 0x00, 0xdc, 0x1f, 0xe4, 0x00, 0x00, 0x00, 0x00, 0x00,
  0x00, 0x00, 0xe0, 0x00, 0x00, 0xe5, 0xe0, 0x00, 0x00, 0x00, 0x00, 0x00,
  0x00, 0x00, 0x00, 0x00, 0x00, 0x00, 0xe0, 0xdc, 0x00, 0x00, 0x00, 0x20,
  0x00, 0xdd, 0x00, 0x00, 0x00, 0x00, 0x00, 0xdb, 0x00, 0x00, 0x00, 0x00,
  0x00, 0x00, 0x00, 0x00, 0x00, 0x00, 0xde, 0x00, 0x00, 0x1e, 0x00, 0x00,
  0x00, 0x00, 0x00, 0x00, 0xe3, 0x00, 0x00, 0x00, 0x00, 0xdf, 0x00, 0x00,
  0x00, 0xde, 0x00, 0x00, 0x00, 0x00, 0x00, 0x00, 0xdb, 0x00, 0x00, 0x00,
  0x1d, 0x00, 0x00, 0x00, 0x00, 0x00, 0x00, 0x00, 0x00, 0x00, 0xe3, 0x00,
  0x00, 0x00, 0x00, 0x00, 0x00, 0xe2, 0x00, 0xe3, 0x00, 0x00, 0x00, 0x00,
  0xde, 0x00, 0xdb, 0x00, 0x00, 0x00, 0xdc, 0xdf, 0xe0, 0xdd, 0x00, 0x00,
  0x00, 0xe1, 0x00, 0x1e, 0x00, 0x00, 0x00, 0x00, 0x00, 0x00, 0x1d, 0x00,
  0x00, 0x00, 0x00, 0x00, 0x00, 0x00, 0xdf, 0x00, 0x00, 0x00, 0x00, 0x00,
  0x00, 0x00, 0xdf, 0x00, 0x00, 0x00, 0x00, 0x00, 0x00, 0xdf, 0x00, 0xe3,
  0xdb, 0x00, 0x00, 0x00, 0x00, 0x00, 0x00, 0x00, 0x00, 0x00, 0x1c, 0x00,
  0x00, 0x00, 0x00, 0x00, 0xdf, 0x00, 0x00, 0xe0, 0x00, 0x00, 0x00, 0xe0,
  0x00, 0x00, 0x00, 0x00, 0x00, 0x00, 0xe1, 0x00, 0x00, 0x00, 0x1e, 0x00,
  0x00, 0x00, 0xe3, 0x00, 0x00, 0x00, 0x00, 0x00, 0x00, 0x00, 0x00, 0x00,
  0x00, 0x00, 0x00, 0x00, 0x00, 0x00, 0x00, 0x00, 0xde, 0x00, 0x1e, 0x00,
  0x00, 0x00, 0x00, 0x00, 0x00, 0x00, 0xe3, 0x00, 0x00, 0xe5, 0x00, 0x00,
  0x00, 0x00, 0x00, 0x00, 0x00, 0xdb, 0x00, 0x00, 0x00, 0x00, 0x00, 0x00,
  0x00, 0x61, 0x00, 0x00, 0x00, 0x00, 0x00, 0x68, 0x00, 0x00, 0x00, 0x10,
  0xa6, 0x67, 0x00, 0x00, 0x00, 0x00, 0xb0, 0x58, 0x00, 0x00, 0x00, 0x17,
  0x00, 0x4b, 0x00, 0x00, 0x42, 0x1f, 0x00, 0x00, 0x00, 0x00, 0x47, 0x00,
  0xb1, 0x56, 0x00, 0x00, 0x00, 0x00, 0xa5, 0x47, 0x00, 0x00, 0x00, 0x00,
  0x00, 0x43, 0x00, 0x00, 0x00, 0x00, 0xbf, 0x00, 0x00, 0x00, 0x00, 0x00,
  0xbb, 0x00, 0x00, 0x00, 0x00, 0x1e, 0x00, 0x00, 0x00, 0x00, 0x00, 0x00,
  0x00, 0x00, 0x00, 0x00, 0x00, 0x00, 0x00, 0x4e, 0x00, 0x00, 0x00, 0x0f,
  0xb7, 0x00, 0x00, 0x00, 0x00, 0x00, 0x00, 0x00, 0x00, 0x00, 0x00, 0x00,
  0xb5, 0x00, 0x00, 0x00, 0x00, 0x00, 0x00, 0x00, 0x00, 0x00, 0x00, 0x00,
  0x00, 0x00, 0x00, 0x00, 0x00, 0xd6, 0x00, 0x00, 0x00, 0x00, 0x00, 0x00,
  0x00, 0x00, 0x00, 0x00, 0x00, 0x00, 0x00, 0x00, 0x00, 0x00, 0x00, 0x00,
  0x00, 0x00, 0x00, 0x00, 0x00, 0x00, 0x00, 0x00, 0x00, 0x00, 0x00, 0x00,
  0x00, 0x00, 0x00, 0x00, 0x00, 0x00, 0x00, 0x00, 0x00, 0x00, 0x00, 0x00,
  0x01, 0x00, 0x00, 0x00, 0x00, 0x00, 0xfb, 0x00, 0x00, 0x00, 0x00, 0x00,
  0x00, 0x00, 0x00, 0x00, 0x00, 0x00, 0x03, 0x47, 0x00, 0x00, 0x00, 0x00,
  0x00, 0x00, 0x00, 0x00, 0x00, 0x00, 0x00, 0x00, 0x00, 0x00, 0x00, 0x00,
  0x00, 0x00, 0x00, 0x00, 0x00, 0x00, 0x0b, 0x00, 0x00, 0x00, 0x00, 0x00,
  0x00, 0x00, 0x00, 0x00, 0x00, 0x16, 0x00, 0x00, 0x00, 0x00, 0xec, 0x00,
  0x00, 0x00, 0x00, 0x00, 0xe0, 0x00, 0x00, 0x00, 0x00, 0x00, 0xf3, 0x00,
  0x00, 0x00, 0x00, 0x00, 0x00, 0x00, 0x00, 0x3d, 0x00, 0x00, 0x00, 0x19,
  0x00, 0x00, 0x00, 0x00, 0x00, 0x00, 0x00, 0x00, 0x00, 0x00, 0x00, 0x00,
  0x00, 0x00, 0x00, 0x00, 0x00, 0x00, 0x00, 0x00, 0x00, 0x00, 0x00, 0x00,
  0x00, 0xf5, 0x00, 0x00, 0x00, 0x00, 0x00, 0x00, 0x00, 0x00, 0x00, 0x00,
  0x00, 0x00, 0x00, 0x00, 0x00, 0x00, 0x00, 0xf4, 0x00, 0x00, 0x00, 0x25,
  0x00, 0xfa, 0x00, 0x00, 0x00, 0x00, 0x00, 0x00, 0x00, 0x00, 0x00, 0x15,
  0x00, 0x00, 0x00, 0x00, 0x00, 0x00, 0xc2, 0x00, 0x00, 0x00, 0x00, 0x18,
  0xc7, 0x00, 0x00, 0x00, 0x00, 0x00, 0x00, 0x00, 0x00, 0x00, 0x00, 0x00,
  0xbe, 0x00, 0x00, 0x00, 0x00, 0x00, 0x00, 0x00, 0x00, 0x00, 0x00, 0x00,
  0x00, 0x00, 0x00, 0x00, 0x00, 0x25, 0xcd, 0x00, 0x00, 0x00, 0x00, 0x00,
  0x00, 0x00, 0x00, 0x00, 0x00, 0x00, 0x00, 0x00, 0x00, 0x00, 0x00, 0x00,
  0x00, 0x00, 0x00, 0x00, 0x00, 0x00, 0x00, 0x36, 0x00, 0x00, 0xee, 0x00,
  0x00, 0x36, 0x00, 0x00, 0xe3, 0x00, 0x00, 0x32, 0x00, 0x27, 0xed, 0x00,
  0x00, 0x2f, 0x00, 0x24, 0x00, 0x1f, 0x00, 0x33, 0x00, 0x00, 0x00, 0x00,
  0xd1, 0x3c, 0x00, 0x00, 0x00, 0x00, 0x00, 0x00, 0x00, 0x00, 0x00, 0x00,
  0x00, 0x30, 0x00, 0x00, 0x00, 0x25, 0x00, 0x33, 0x00, 0x00, 0x00, 0x00,
  0x00, 0x3d, 0x00, 0x00, 0x00, 0x00, 0x00, 0x31, 0x00, 0x00, 0xea, 0x00,
  0x00, 0x35, 0x00, 0x35, 0x00, 0x00, 0xcb, 0x53, 0x00, 0x00, 0x00, 0x00,
  0x00, 0x47, 0x00, 0x00, 0x00, 0x00, 0x00, 0x3b, 0x00, 0x00, 0x00, 0x00,
  0xd2, 0x00, 0x00, 0x00, 0x32, 0x00, 0x00, 0x00, 0x00, 0x00, 0x2e, 0x00,
  0xd6, 0x00, 0x00, 0x00, 0x2c, 0x00, 0x00, 0x00, 0x00, 0x00, 0x00, 0x00,
  0x00, 0x00, 0x00, 0x00, 0x25, 0x00, 0xcc, 0xfc, 0x00, 0x00, 0x00, 0x00,
  0xd1, 0x00, 0x00, 0x00, 0x00, 0x16, 0x00, 0x00, 0x00, 0x1d, 0x25, 0x00,
  0x00, 0x00, 0x00, 0x00, 0x2a, 0x00, 0x00, 0x00, 0x00, 0x00, 0x25, 0x00,
  0x00, 0x00, 0x00, 0xdd, 0x00, 0x1b, 0x00, 0x00, 0x00, 0xdd, 0x24, 0x00,
  0x00, 0x00, 0x00, 0xec, 0x00, 0x00, 0xd0, 0x00, 0x00, 0x00, 0x00, 0x00,
  0x00, 0x00, 0x00, 0x00, 0x00, 0x00, 0x00, 0x00, 0x00, 0x00, 0x00, 0x00,
  0x00, 0x00, 0x00, 0x00, 0x00, 0x00, 0x00, 0x00, 0x00, 0x00, 0x00, 0xe1,
  0x00, 0x00, 0x00, 0x00, 0x00, 0x00, 0x00, 0x4e, 0x00, 0x00, 0x00, 0x00,
  0x00, 0x00, 0x00, 0x00, 0x00, 0xde, 0x00, 0x51, 0x00, 0x00, 0x00, 0xe5,
  0x00, 0x4c, 0x00, 0x00, 0x00, 0x00, 0x00, 0x00, 0x00, 0x00, 0x00, 0x00,
  0x1d, 0x00, 0x00, 0x00, 0x00, 0xe2, 0x1f, 0x00, 0x00, 0x00, 0x00, 0x00,
  0x00, 0x00, 0x00, 0x00, 0x00, 0xdd, 0x00, 0x00, 0x00, 0x00, 0x00, 0xdd,
  0x00, 0xde, 0x00, 0x00, 0xde, 0x00, 0x00, 0x00, 0x00, 0xe2, 0x00, 0x00,
  0x00, 0x00, 0x00, 0x00, 0x00, 0x00, 0x00, 0xdf, 0x00, 0x20, 0x00, 0x00,
  0x00, 0x00, 0x00, 0x00, 0x00, 0x1e, 0x00, 0x00, 0x00, 0x00, 0x00, 0x00,
  0x00, 0x00, 0x00, 0x00, 0x00, 0x00, 0xe2, 0x00, 0x00, 0xdc, 0x00, 0x00,
  0x00, 0x1c, 0x00, 0x00, 0x00, 0x00, 0x00, 0x00, 0x00, 0xde, 0x00, 0x00,
  0x00, 0x00, 0x00, 0x00, 0x00, 0xe5, 0x00, 0x00, 0x1f, 0x00, 0x00, 0x00,
  0x00, 0x00, 0x00, 0x00, 0xde, 0xdd, 0x00, 0x00, 0x00, 0x00, 0x00, 0xe3,
  0x00, 0x00, 0x00, 0x00, 0x00, 0x00, 0x00, 0x00, 0x1d, 0x00, 0x1f, 0x00,
  0x00, 0x00, 0x1f, 0x00, 0xdd, 0x1d, 0x00, 0xe2, 0x00, 0x00, 0x00, 0x00,
  0x00, 0x21, 0x00, 0x00, 0xe0, 0x00, 0x00, 0x00, 0x00, 0x00, 0x00, 0x00,
  0x00, 0x00, 0x00, 0x00, 0x00, 0x00, 0x00, 0x00, 0x00, 0x00, 0x00, 0x00,
  0x00, 0x00, 0x00, 0x00, 0x00, 0xdf, 0x00, 0xdf, 0x00, 0x00, 0x00, 0x00,
  0x00, 0x00, 0x00, 0xe2, 0x00, 0x00, 0x00, 0x00, 0x00, 0x1f, 0x00, 0x00,
  0x00, 0x00, 0x00, 0xdf, 0x1d, 0x00, 0x00, 0x00, 0x00, 0x00, 0x00, 0x00,
  0xe1, 0x00, 0x00, 0x00, 0xe4, 0x00, 0x00, 0x1d, 0x00, 0x00, 0x00, 0x00,
  0x00, 0x00, 0x00, 0x00, 0x00, 0x00, 0x00, 0x00, 0x00, 0x00, 0xdc, 0x00,
  0x00, 0x00, 0x00, 0x00, 0x00, 0x00, 0x00, 0x00, 0x1c, 0x00, 0x00, 0x00,
  0x00, 0xe1, 0x00, 0x1c, 0x00, 0x00, 0x00, 0x1f, 0x00, 0x00, 0xde, 0x00,
  0x00, 0x00, 0x00, 0x00, 0x00, 0xdc, 0x00, 0x20, 0x00, 0x00, 0x00, 0x00,
  0xe0, 0x00, 0x00, 0x00, 0x00, 0x00, 0x00, 0x00, 0x00, 0x00, 0x1e, 0x00,
  0xe0, 0x00, 0x00, 0x00, 0xdf, 0x1f, 0x00, 0x00, 0x00, 0x00, 0x1f, 0x00,
  0x00, 0x00, 0x1e, 0x00, 0x00, 0x00, 0x00, 0x00, 0x00, 0x00, 0x00, 0x00,
  0x00, 0x00, 0x00, 0xe3, 0x00, 0x20, 0x00, 0x00, 0x00, 0x00, 0x00, 0x00,
  0x00, 0x00, 0x00, 0x00, 0x00, 0x00, 0x00, 0x00, 0x00, 0xdd, 0x00, 0x00,
  0x00, 0x00, 0x00, 0x00, 0xe4, 0x00, 0x00, 0x00, 0x00, 0x1e, 0x00, 0x00,
  0x00, 0x00, 0x00, 0x00, 0x1f, 0xe2, 0x00, 0x00, 0x00, 0x00, 0x00, 0x00,
  0x00, 0x00, 0xe3, 0x00, 0x00, 0xe1, 0x00, 0xe2, 0x00, 0x00, 0xde, 0x00,
  0xe4, 0xdf, 0x00, 0x00, 0x00, 0x00, 0x00, 0x00, 0x00, 0x00, 0x00, 0xe2,
  0x00, 0x00, 0x00, 0x00, 0x00, 0x00, 0x00, 0x00, 0x00, 0x00, 0x00, 0xe3,
  0x00, 0x00, 0x00, 0xe3, 0xdf, 0x00, 0x00, 0x00, 0x00, 0x00, 0x00, 0xe0,
  0x00, 0x00, 0x1d, 0x1c, 0x00, 0x00, 0x00, 0x00, 0x00, 0x00, 0x00, 0x00,
  0x1b, 0xe2, 0x00, 0x1c, 0x00, 0x00, 0x00, 0x00, 0x00, 0xdf, 0x00, 0x00,
  0x00, 0x00, 0x00, 0x00, 0x00, 0xdf, 0x00, 0x00, 0x00, 0x00, 0x00, 0x00,
  0x00, 0x00, 0x00, 0x00, 0x00, 0xdf, 0x00, 0x00, 0x00, 0x00, 0x00, 0xdc,
  0xdd, 0xe3, 0xe4, 0x00, 0xe4, 0x00, 0x00, 0x00, 0x00, 0x20, 0xe1, 0x20,
  0x1d, 0x00, 0x00, 0x00, 0x00, 0x00, 0x00, 0x00, 0x00, 0xe2, 0x00, 0x00,
  0x00, 0x00, 0xde, 0xdc, 0x00, 0xe0, 0x00, 0x00, 0x00, 0x00, 0x00, 0x00,
  0xdd, 0xe3, 0x00, 0x00, 0x00, 0x00, 0x00, 0x00, 0x00, 0x00, 0x00, 0x00,
  0x00, 0x00, 0x00, 0xe2, 0xdf, 0xdf, 0x00, 0x00, 0xe2, 0x00, 0x00, 0x1d,
  0xe3, 0x00, 0x00, 0x00, 0x00, 0x00, 0xe3, 0x00, 0xde, 0x00, 0x00, 0x00,
  0x00, 0x00, 0x00, 0x00, 0x00, 0x00, 0x00, 0x00, 0x00, 0x1d, 0x00, 0x00,
  0x1e, 0x00, 0x00, 0x00, 0x00, 0x00, 0x00, 0x00, 0x00, 0x00, 0x00, 0xe3,
  0xdd, 0x00, 0x00, 0x00, 0x1f, 0x00, 0x00, 0x00, 0x00, 0x00, 0x00, 0x00,
  0x00, 0x00, 0xe2, 0x1f, 0x00, 0x00, 0xe3, 0x00, 0x00, 0x00, 0x00, 0x00,
  0x00, 0x00, 0x00, 0x00, 0x00, 0x00, 0x00, 0x00, 0xe2, 0x00, 0x00, 0x00,
  0x00, 0x00, 0x00, 0x00, 0x00, 0x00, 0x00, 0x00, 0x00, 0x00, 0x00, 0x00,
  0x00, 0x00, 0x00, 0x00, 0x00, 0x00, 0x00, 0x00, 0x1c, 0x00, 0x1f, 0x1d,
  0x00, 0x00, 0x1c, 0x00, 0x00, 0x00, 0x00, 0x00, 0x00, 0x00, 0xe4, 0x00,
  0x00, 0x00, 0x00, 0x00, 0x00, 0x00, 0xd8, 0x00, 0x00, 0x00, 0xf0, 0x3b,
  0x00, 0x00, 0x00, 0x00, 0x00, 0x39, 0x00, 0x41, 0x00, 0x00, 0x00, 0x00,
  0x00, 0x00, 0x00, 0x00, 0x00, 0x33, 0x00, 0x42, 0x00, 0x00, 0x00, 0x00,
  0x00, 0x00, 0x00, 0x00, 0xf4, 0x00, 0x00, 0x39, 0x00, 0x00, 0x00, 0x00,
  0x00, 0x44, 0x00, 0x00, 0x00, 0x00, 0x00, 0x3a, 0x00, 0x00, 0x00, 0x00,
  0x00, 0x00, 0x00, 0x00, 0x00, 0x00, 0x00, 0x43, 0x00, 0x00, 0x00, 0x00,
  0x00, 0x00, 0x00, 0x00, 0x00, 0x00, 0x00, 0x00, 0x00, 0x00, 0x00, 0x00,
  0x36, 0x00, 0x00, 0x00, 0x00, 0x2d, 0x00, 0x00, 0x00, 0x00, 0x00, 0x00,
  0x00, 0x28, 0x00, 0x00, 0xf2, 0x00, 0x00, 0x3c, 0x00, 0x00, 0x00, 0x00,
  0xf1, 0x00, 0x00, 0x00, 0xe8, 0x00, 0x00, 0x31, 0x00, 0x00, 0x00, 0x00,
  0x00, 0x34, 0x00, 0x00, 0x00, 0x00, 0x00, 0x40, 0x00, 0x00, 0x00, 0x00,
  0x00, 0x40, 0x00, 0x00, 0x00, 0x27, 0x00, 0x32, 0x00, 0x00, 0x00, 0x00,
  0x00, 0x00, 0x00, 0x00, 0x00, 0x00, 0x00, 0x49, 0x00, 0x00, 0x00, 0x00,
  0x00, 0x32, 0x00, 0x00, 0x00, 0x00, 0x00, 0x3a, 0x00, 0x00, 0x00, 0x00,
  0x00, 0x00, 0x00, 0x34, 0x00, 0x2f, 0x2b, 0x38, 0x00, 0x37, 0x00, 0x26,
  0x00, 0x00, 0x00, 0x00, 0x00, 0x00, 0x00, 0x3a, 0x00, 0x00, 0x00, 0x00,
  0x00, 0x00, 0x00, 0x00, 0x00, 0x00, 0x00, 0x00, 0x00, 0x00, 0x00, 0x23,
  0x00, 0x37, 0x00, 0xf3, 0x00, 0x00, 0x00, 0x00, 0x00, 0xe8, 0xe4, 0x23,
  0xe0, 0x00, 0x00, 0x00, 0x00, 0x25, 0xe0, 0x00, 0x00, 0x00, 0xdf, 0x00,
  0xdd, 0x00, 0x00, 0x00, 0x00, 0x26, 0xe5, 0x00, 0x00, 0x00, 0x00, 0x00,
  0x00, 0x00, 0x00, 0x00, 0x00, 0x1c, 0x00, 0x00, 0x00, 0x00, 0x00, 0x1a,
  0x00, 0x4a, 0x00, 0x00, 0x00, 0x19, 0x00, 0x00, 0x00, 0x00, 0x00, 0x00,
  0x00, 0x48, 0x00, 0x00, 0x00, 0x00, 0x00, 0x00, 0x00, 0x00, 0x00, 0x00,
  0x00, 0x00, 0x00, 0x00, 0x00, 0x00, 0x27, 0x00, 0x00, 0x00, 0x00, 0x17,
  0x2c, 0x00, 0x00, 0x00, 0x00, 0x00, 0x00, 0x00, 0x00, 0x00, 0x00, 0x00,
  0x00, 0x00, 0x00, 0x00, 0x00, 0x15, 0x00, 0x00, 0x00, 0x00, 0x00, 0x11,
  0x00, 0x00, 0x00, 0x00, 0x00, 0x00, 0x2d, 0x00, 0x00, 0x00, 0x00, 0x00,
  0x21, 0x05, 0x00, 0x00, 0xe4, 0x00, 0x18, 0x0a, 0x00, 0x00, 0x00, 0x00,
  0x15, 0x0a, 0x00, 0x00, 0x00, 0xdc, 0x15, 0x00, 0x00, 0x00, 0x00, 0x00,
  0x00, 0x00, 0x00, 0x00, 0x00, 0x00, 0x00, 0x00, 0x00, 0x00, 0x00, 0x00,
  0x18, 0x00, 0x00, 0x00, 0x00, 0x00, 0x14, 0x00, 0x00, 0x00, 0x00, 0x00,
  0x26, 0x00, 0x00, 0x3b, 0xdd, 0x00, 0x00, 0x00, 0x00, 0x3b, 0x00, 0x00,
  0x00, 0x00, 0x00, 0x46, 0x00, 0x25, 0x00, 0x00, 0x00, 0x4a, 0xdc, 0x00,
  0x00, 0x00, 0x00, 0x34, 0x00, 0x2a, 0x00, 0x00, 0x00, 0x00, 0x00, 0x00,
  0x00, 0x00, 0x00, 0x00, 0x00, 0x20, 0x00, 0x00, 0x00, 0x00, 0x00, 0x00,
  0x00, 0x00, 0x00, 0xf9, 0x00, 0x00, 0x00, 0x00, 0x00, 0xee, 0xe7, 0x16,
  0x00, 0x00, 0x00, 0x00, 0xe9, 0x14, 0x00, 0x00, 0x00, 0x00, 0xe9, 0x00,
  0x00, 0x00, 0x00, 0x00, 0xe8, 0x00, 0x00, 0x00, 0x00, 0x00, 0x00, 0x00,
  0xe4, 0x32, 0x00, 0x00, 0x00, 0x00, 0xe2, 0x31, 0x00, 0x00, 0x00, 0x19,
  0xea, 0x39, 0x00, 0x00, 0x00, 0x00, 0xdf, 0x00, 0x00, 0x00, 0x00, 0x00,
  0x00, 0x00, 0x00, 0x00, 0x00, 0x18, 0x00, 0x00, 0x00, 0x00, 0x00, 0x00,
  0xe7, 0x27, 0x00, 0x00, 0x00, 0x00, 0x00, 0x00, 0x00, 0x00, 0x00, 0x00,
  0x00, 0x40, 0x00, 0x00, 0x00, 0x04, 0x00, 0x4e, 0x00, 0x39, 0x00, 0x00,
  0x00, 0x46, 0x00, 0x00, 0x00, 0x00, 0x00, 0x00, 0x00, 0x00, 0x00, 0x00,
  0x00, 0x43, 0x00, 0x00, 0x00, 0x00, 0x00, 0x58, 0x00, 0x00, 0x00, 0x00,
  0x00, 0x00, 0x00, 0x00, 0x00, 0x00, 0x00, 0x49, 0x00, 0x00, 0x00, 0x00,
  0x00, 0x00, 0x00, 0x00, 0x00, 0x00, 0x00, 0x55, 0x00, 0x00, 0x00, 0x00,
  0x00, 0x4b, 0x00, 0x00, 0x00, 0x00, 0x00, 0x5c, 0x00, 0x00, 0x00, 0x00,
  0x00, 0x70, 0x00, 0x00, 0x00, 0x00, 0x00, 0x00, 0x00, 0x00, 0x00, 0x11,
  0xcc, 0x73, 0x00, 0x00, 0x00, 0x00, 0x00, 0x7f, 0x00, 0x00, 0x00, 0x1f,
  0x00, 0x00, 0x00, 0x00, 0x00, 0x00, 0x00, 0x00, 0x00, 0xe3, 0x1d, 0x00,
  0x00, 0x00, 0x00, 0x00, 0x1f, 0x00, 0x20, 0x00, 0x00, 0x00, 0xdd, 0x00,
  0x00, 0x00, 0x00, 0x00, 0x00, 0x00, 0xe1, 0x00, 0x00, 0x00, 0x00, 0x00,
  0x00, 0x00, 0x00, 0x1d, 0x00, 0x00, 0x00, 0x00, 0x00, 0x00, 0x00, 0xe2,
  0x00, 0x00, 0x00, 0xdc, 0x00, 0xe3, 0xde, 0x00, 0x00, 0x00, 0x00, 0xe1,
  0x00, 0x00, 0x00, 0x00, 0x00, 0x00, 0x00, 0x00, 0x00, 0x00, 0xdc, 0x00,
  0xdf, 0x00, 0x00, 0x00, 0xdd, 0x1f, 0xe2, 0x00, 0x00, 0x00, 0x00, 0x1d,
  0x00, 0x00, 0x00, 0x00, 0x00, 0x1c, 0x00, 0x00, 0xdd, 0x1d, 0x00, 0x1f,
  0xe2, 0x1f, 0x00, 0x00, 0x00, 0xe3, 0x00, 0xdf, 0x00, 0x00, 0x00, 0x00,
  0x00, 0x00, 0x00, 0x00, 0x00, 0x00, 0x00, 0x20, 0xe3, 0x00, 0x00, 0x00,
  0x00, 0x00, 0xe3, 0x00, 0xe2, 0x00, 0x00, 0x00, 0x00, 0x00, 0x00, 0x00,
  0x1c, 0x00, 0x20, 0xde, 0x00, 0x00, 0x00, 0x00, 0x00, 0x1f, 0x00, 0x00,
  0x1c, 0xdc, 0x00, 0x00, 0x00, 0xdc, 0x00, 0x00, 0x00, 0x00, 0xe3, 0xdf,
  0x00, 0x00, 0x00, 0x00, 0x00, 0x00, 0x00, 0x00, 0x00, 0x00, 0x00, 0x00,
  0x00, 0x00, 0x00, 0x00, 0x1f, 0x00, 0x00, 0x00, 0x00, 0x00, 0x00, 0x00,
  0x1e, 0x00, 0x00, 0x00, 0x00, 0xe1, 0x00, 0x00, 0xe4, 0xde, 0x1e, 0xe4,
  0x00, 0x00, 0x00, 0x00, 0x00, 0x1f, 0x00, 0x00, 0x00, 0xdc, 0x00, 0xdd,
  0x00, 0xe3, 0x00, 0xe1, 0x00, 0x00, 0x00, 0x00, 0x00, 0x00, 0x00, 0x00,
  0x1f, 0x00, 0x00, 0x00, 0x00, 0x00, 0x00, 0x00, 0x00, 0x00, 0xe4, 0x00,
  0x00, 0x00, 0xe3, 0xdd, 0x00, 0x00, 0x00, 0xe1, 0x00, 0x00, 0xe2, 0x00,
  0x00, 0x00, 0x00, 0x00, 0x00, 0xe1, 0x1d, 0xe5, 0x20, 0xe2, 0x00, 0x00,
  0xe0, 0x00, 0x00, 0x00, 0x00, 0xe0, 0x00, 0x1e, 0x00, 0x1c, 0x00, 0x00,
  0x00, 0x00, 0xe2, 0x00, 0x00, 0xe1, 0x00, 0x00, 0x00, 0x00, 0x00, 0x00,
  0x00, 0xe4, 0x00, 0x00, 0x00, 0x00, 0x00, 0x00, 0x00, 0x00, 0xe0, 0xde,
  0x00, 0xe2, 0x00, 0x00, 0xe1, 0x00, 0x00, 0x00, 0x00, 0x00, 0x00, 0x00,
  0x00, 0x00, 0x00, 0x00, 0xe2, 0x00, 0x00, 0x00, 0x00, 0x00, 0x00, 0x00,
  0x00, 0x1f, 0xdd, 0xe0, 0xdf, 0x00, 0x1e, 0x00, 0x00, 0x00, 0x00, 0x00,
  0xde, 0x00, 0xe0, 0x00, 0x1e, 0xdd, 0x1d, 0xe2, 0xe1, 0x00, 0x00, 0x00,
  0x00, 0x00, 0x1d, 0x00, 0x00, 0x00, 0x00, 0x00, 0x00, 0x00, 0x00, 0x00,
  0x00, 0x00, 0x00, 0xdf, 0x00, 0x00, 0x00, 0x1e, 0x00, 0x00, 0xe0, 0x00,
  0x00, 0x00, 0x00, 0x00, 0x00, 0x00, 0x00, 0x00, 0x00, 0x00, 0x00, 0x00,
  0x00, 0x1f, 0x00, 0xdd, 0xdf, 0x00, 0xe3, 0x00, 0x00, 0x00, 0x00, 0x00,
  0x00, 0x00, 0x1c, 0x00, 0x00, 0x00, 0xe4, 0x00, 0x00, 0x00, 0xe3, 0x00,
  0x00, 0x1f, 0x1f, 0x00, 0x20, 0x00, 0x00, 0x00, 0x00, 0x00, 0xe4, 0x00,
  0x00, 0x00, 0x00, 0xdd, 0x00, 0x00, 0x00, 0x00, 0x00, 0x00, 0x00, 0x00,
  0x00, 0x00, 0x00, 0x00, 0x00, 0x00, 0x00, 0x00, 0x00, 0x00, 0x00, 0xde,
  0xdd, 0x00, 0x00, 0x00, 0x00, 0x1f, 0x00, 0x00, 0x00, 0x00, 0x00, 0x1c,
  0x00, 0x00, 0x00, 0x00, 0x1d, 0x00, 0xe0, 0x00, 0x00, 0x00, 0x00, 0x00,
  0x00, 0x00, 0x00, 0x00, 0x20, 0xdc, 0x00, 0xe4, 0xe4, 0xdf, 0xe4, 0x00,
  0x00, 0x00, 0x00, 0x00, 0xdc, 0x00, 0x00, 0x00, 0x00, 0x00, 0x00, 0x00,
  0x00, 0x00, 0x00, 0x00, 0xdf, 0xdd, 0x00, 0x00, 0x00, 0x00, 0x00, 0x00,
  0x00, 0x00, 0x00, 0x00, 0x00, 0x00, 0x00, 0x1e, 0x00, 0x00, 0x00, 0x00,
  0x00, 0x00, 0x00, 0x00, 0xe4, 0x00, 0x00, 0x00, 0x00, 0x00, 0x00, 0x1e,
  0x00, 0x00, 0x00, 0x00, 0x00, 0x00, 0x00, 0xdc, 0x00, 0x00, 0x00, 0x00,
  0x00, 0x1f, 0x00, 0x00, 0x00, 0x00, 0x00, 0x00, 0x00, 0x00, 0x00, 0x00,
  0x00, 0x00, 0x1e, 0x00, 0x00, 0x00, 0x00, 0xe4, 0x00, 0x00, 0x00, 0xdd,
  0x00, 0x00, 0x00, 0x00, 0x00, 0x00, 0x00, 0x00, 0x00, 0x00, 0x00, 0x00,
  0xe3, 0x00, 0x00, 0x00, 0x00, 0x00, 0x00, 0x00, 0x00, 0x00, 0x00, 0x20,
  0x00, 0x00, 0xdd, 0x00, 0x00, 0x00, 0x00, 0x00, 0x00, 0x00, 0x00, 0x00,
  0x1e, 0x00, 0x00, 0x00, 0x00, 0x00, 0x00, 0x00, 0x00, 0x00, 0x00, 0x00,
  0x00, 0x00, 0x21, 0x00, 0x00, 0x00, 0xe3, 0x00, 0xe3, 0x00, 0x00, 0x00,
  0x00, 0x00, 0xe1, 0x1c, 0x00, 0x00, 0x00, 0x00, 0x00, 0xdf, 0xdd, 0x00,
  0x00, 0x00, 0x00, 0x00, 0x00, 0x00, 0x00, 0x00, 0x00, 0x00, 0x00, 0x00,
  0x00, 0x00, 0x00, 0x00, 0x00, 0x1f, 0x00, 0xe0, 0x00, 0x00, 0x00, 0x00,
  0x00, 0x00, 0x00, 0x00, 0x00, 0x00, 0x00, 0x00, 0x00, 0xde, 0xe5, 0x00,
  0xe0, 0x00, 0xe1, 0x00, 0x00, 0x00, 0x00, 0x00, 0x00, 0x00, 0x00, 0x00,
  0x00, 0x00, 0x00, 0x00, 0x00, 0x00, 0x00, 0x00, 0x00, 0x1d, 0x00, 0x00,
  0x00, 0x21, 0x00, 0x00, 0x1c, 0x00, 0x00, 0x00, 0x00, 0xe0, 0x00, 0x00,
  0x00, 0x00, 0x00, 0x00, 0x00, 0xe2, 0x00, 0x00, 0x00, 0x00, 0x00, 0xe0,
  0xe0, 0x1e, 0x00, 0x00, 0x00, 0x00, 0x00, 0xdf, 0xe2, 0x00, 0x00, 0xe5,
  0x00, 0x00, 0x1e, 0x00, 0x00, 0x00, 0x00, 0x00, 0x00, 0x00, 0xe4, 0x00,
  0x00, 0xe2, 0x1b, 0x00, 0x00, 0x00, 0x00, 0xde, 0x00, 0x00, 0x00, 0x00,
  0x00, 0x00, 0xdd, 0xdd, 0x1e, 0x00, 0x00, 0x00, 0x00, 0x00, 0x00, 0xe2,
  0x20, 0xdf, 0x00, 0x00, 0x00, 0x00, 0x1d, 0x1c, 0x00, 0x00, 0x00, 0x00,
  0xdd, 0x1c, 0x20, 0xe2, 0xe2, 0x00, 0x00, 0x00, 0x00, 0x00, 0x00, 0x00,
  0x00, 0x00, 0x00, 0x00, 0x00, 0x00, 0x00, 0x00, 0x00, 0x00, 0x00, 0xe0,
  0x00, 0x1c, 0x00, 0x00, 0xdd, 0x00, 0x00, 0x00, 0x00, 0x00, 0x00, 0x00,
  0x00, 0x00, 0x00, 0x00, 0x00, 0xe3, 0x00, 0x00, 0x00, 0x00, 0x00, 0x00,
  0x1f, 0x00, 0x1d, 0xe1, 0x00, 0x00, 0x00, 0x20, 0xe3, 0x00, 0x00, 0x00,
  0x00, 0xdf, 0x00, 0x00, 0x00, 0x00, 0x21, 0x00, 0x00, 0x20, 0x00, 0x00,
  0x00, 0x00, 0x00, 0x00, 0x00, 0xe4, 0x00, 0x00, 0x00, 0x00, 0x00, 0x00,
  0x00, 0x00, 0x00, 0x1f, 0x00, 0x00, 0x00, 0xe2, 0x1d, 0x1d, 0x00, 0x00,
  0xe4, 0x00, 0x00, 0x00, 0xde, 0x00, 0x00, 0x00, 0x1e, 0x00, 0x00, 0x1c,
  0x00, 0x1c, 0x00, 0x00, 0xde, 0x00, 0x00, 0xe4, 0x00, 0x00, 0x00, 0x00,
  0x00, 0x00, 0x00, 0x00, 0x00, 0x00, 0x00, 0x00, 0x00, 0x00, 0x00, 0x00,
  0x00, 0x00, 0x1c, 0x00, 0x00, 0x00, 0x00, 0xe3, 0x00, 0x21, 0xde, 0x00,
  0x00, 0x00, 0x00, 0x00, 0x00, 0x00, 0x00, 0x00, 0x00, 0x00, 0x00, 0x00,
  0x00, 0x00, 0x00, 0x00, 0xe4, 0x00, 0x1b, 0xe3, 0x00, 0x00, 0x00, 0xdf,
  0x00, 0x00, 0x00, 0x00, 0x00, 0x00, 0x00, 0x00, 0xe3, 0x00, 0x00, 0xdd,
  0x00, 0x00, 0x00, 0x00, 0x00, 0x00, 0x00, 0x1f, 0xe1, 0x00, 0xe0, 0x00,
  0x00, 0x00, 0x00, 0x00, 0x00, 0x00, 0x00, 0xe3, 0xe2, 0xe5, 0x00, 0x00,
  0x00, 0x00, 0x00, 0x00, 0x00, 0x00, 0x00, 0x00, 0xe2, 0x00, 0x00, 0x00,
  0xdf, 0xdf, 0x00, 0x00, 0x00, 0x1d, 0x00, 0xe1, 0x00, 0x00, 0x00, 0x00,
  0x00, 0x00, 0x00, 0xe0, 0x00, 0xdc, 0x00, 0x00, 0xe3, 0xe1, 0x00, 0x00,
  0xe3, 0xe0, 0x00, 0x00, 0x00, 0xde, 0x00, 0x00, 0x00, 0x00, 0xde, 0x00,
  0x00, 0x00, 0xdf, 0x00, 0x00, 0xe1, 0xe4, 0x00, 0x00, 0x00, 0x00, 0x00,
  0x00, 0x00, 0x00, 0x00, 0x00, 0x00, 0x00, 0x00, 0x00, 0xdd, 0x00, 0xe0,
  0x00, 0x00, 0x00, 0x00, 0x00, 0x1d, 0x00, 0x00, 0x00, 0x00, 0x00, 0x00,
  0x00, 0x00, 0x00, 0x00, 0x00, 0x00, 0x00, 0xe3, 0xde, 0x00, 0x00, 0x00,
  0x00, 0x00, 0x00, 0x00, 0x00, 0x00, 0x00, 0x00, 0xe2, 0x00, 0x00, 0x00,
  0x1d, 0x00, 0x00, 0x00, 0xdf, 0x00, 0x1f, 0x00, 0x1b, 0x00, 0x00, 0x20,
  0x00, 0x00, 0x00, 0xe2, 0x00, 0x00, 0x00, 0x00, 0x00, 0xe1, 0x00, 0x00,
  0x00, 0x00, 0x00, 0x00, 0x00, 0x1c, 0x00, 0x00, 0x00, 0x00, 0x00, 0x00,
  0x00, 0x00, 0xe1, 0x00, 0x00, 0xe4, 0x00, 0x00, 0x00, 0x00, 0x00, 0x1d,
  0x00, 0x00, 0x00, 0x00, 0xe2, 0x00, 0x00, 0x00, 0x1e, 0xdd, 0x00, 0x00,
  0x20, 0x00, 0x00, 0x00, 0x20, 0xde, 0x00, 0x00, 0x00, 0x00, 0x00, 0x00,
  0x00, 0x1c, 0xdd, 0x00, 0x00, 0x00, 0x00, 0x00, 0x1c, 0x00, 0x00, 0xdf,
  0x00, 0x00, 0x00, 0x00, 0x00, 0x00, 0x00, 0x00, 0x00, 0x00, 0x00, 0x00,
  0x00, 0xe2, 0x00, 0x00, 0x00, 0x00, 0x00, 0x00, 0x00, 0x00, 0x00, 0x00,
  0xdf, 0x00, 0x00, 0xe5, 0xe1, 0x00, 0x00, 0x00, 0x00, 0x00, 0x00, 0x00,
  0x00, 0xde, 0x00, 0x00, 0x00, 0x00, 0xda, 0x17, 0x18, 0x1d, 0x00, 0x00,
  0x00, 0x00, 0x00, 0x17, 0x00, 0x00, 0xdd, 0x19, 0x00, 0x00, 0x00, 0x17,
  0x1c, 0x00, 0x00, 0x00, 0x00, 0x00, 0x00, 0x00, 0x00, 0xdd, 0x00, 0x00,
  0xdf, 0x00, 0x00, 0x00, 0x00, 0x00, 0xdd, 0x00, 0xdc, 0x18, 0x00, 0x16,
  0x00, 0x00, 0x19, 0x00, 0x00, 0x00, 0x00, 0x00, 0x00, 0x00, 0x00, 0x00,
  0x00, 0x00, 0x00, 0x00, 0x00, 0x00, 0x00, 0xdf, 0x00, 0x00, 0x00, 0x00,
  0x00, 0x00, 0x00, 0x00, 0x00, 0x00, 0x00, 0x00, 0x00, 0x00, 0x00, 0x00,
  0x1c, 0x00, 0x00, 0x00, 0x00, 0x00, 0x00, 0x00, 0x19, 0x00, 0xda, 0x00,
  0x00, 0x00, 0x00, 0x00, 0x00, 0x00, 0x00, 0x1b, 0xd9, 0x18, 0x00, 0x00,
  0x00, 0xd9, 0xde, 0x00, 0xdb, 0x00, 0x00, 0x00, 0x00, 0x00, 0xda, 0x00,
  0x00, 0xda, 0x00, 0x00, 0x00, 0x00, 0x00, 0x00, 0x00, 0x00, 0x00, 0x00,
  0x00, 0x00, 0x00, 0x00, 0x00, 0x00, 0x1a, 0x00, 0x00, 0x00, 0x00, 0x00,
  0x00, 0x00, 0x00, 0x00, 0x00, 0x00, 0x00, 0x00, 0x00, 0x00, 0x00, 0x00,
  0x00, 0x17, 0x00, 0x00, 0x00, 0xdd, 0x00, 0x00, 0x00, 0x00, 0x00, 0x00,
  0x00, 0x00, 0x00, 0x00, 0x00, 0x00, 0x00, 0x00, 0x00, 0x1e, 0x00, 0x1a,
  0x00, 0x00, 0x00, 0x00, 0x00, 0x00, 0xdd, 0x00, 0x00, 0xdb, 0x00, 0x16,
  0x00, 0x00, 0x1b, 0x00, 0x00, 0xdc, 0x00, 0xdb, 0x00, 0x00, 0x00, 0x00,
  0x00, 0x00, 0x00, 0x00, 0x00, 0x00, 0x00, 0xdb, 0xde, 0xe3, 0x1a, 0x00,
  0x00, 0x00, 0x00, 0x00, 0x00, 0x18, 0x00, 0xdb, 0x00, 0x1b, 0x00, 0x00,
  0xdd, 0x00, 0x00, 0xe0, 0x00, 0x00, 0x00, 0x00, 0x00, 0x00, 0x00, 0x00,
  0x00, 0x1d, 0x16, 0x00, 0xdb, 0x00, 0x00, 0x00, 0x00, 0x00, 0x1c, 0x1b,
  0x00, 0xd9, 0x00, 0x1d, 0x00, 0x00, 0x00, 0x00, 0x00, 0x00, 0x16, 0x00,
  0x00, 0x00, 0xdc, 0x00, 0xda, 0x1a, 0x00, 0x1b, 0xdc, 0x00, 0x00, 0x00,
  0x00, 0x16, 0x00, 0x00, 0x00, 0x00, 0x00, 0x00, 0x00, 0xd9, 0x00, 0xd8,
  0x00, 0x00, 0x00, 0x00, 0x00, 0xda, 0x00, 0x00, 0x00, 0x00, 0x00, 0xdd,
  0x00, 0x00, 0x00, 0x00, 0x00, 0x00, 0x00, 0x00, 0x00, 0x00, 0x00, 0x00,
  0x00, 0x00, 0x00, 0x00, 0x00, 0x00, 0x00, 0x19, 0x00, 0x00, 0x1a, 0x00,
  0x00, 0x00, 0x00, 0x00, 0x00, 0x00, 0x00, 0x00, 0xdf, 0xe0, 0x00, 0x00,
  0x00, 0x00, 0x00, 0x00, 0x00, 0xdb, 0x16, 0x00, 0x00, 0x00, 0x00, 0x00,
  0x00, 0x00, 0x00, 0x00, 0x00, 0x00, 0x1a, 0x00, 0x00, 0x00, 0x00, 0xdd,
  0x1a, 0x00, 0x00, 0x00, 0x00, 0x00, 0x00, 0x00, 0x00, 0x00, 0x00, 0xdd,
  0x00, 0x00, 0x00, 0x1c, 0x00, 0x00, 0x19, 0x00, 0x00, 0x00, 0x00, 0x00,
  0x00, 0x00, 0x00, 0x00, 0x00, 0x00, 0x00, 0x00, 0xdc, 0x00, 0x00, 0x16,
  0xda, 0x1d, 0x00, 0x00, 0x00, 0xdf, 0x00, 0x1c, 0x00, 0x00, 0x00, 0x00,
  0x00, 0x00, 0x00, 0x17, 0x00, 0x00, 0x00, 0x00, 0xdd, 0x16, 0x00, 0x00,
  0x1b, 0x00, 0x00, 0x00, 0x00, 0x00, 0x00, 0x00, 0x18, 0x00, 0x00, 0x00,
  0x19, 0x00, 0x00, 0x00, 0x00, 0x00, 0x00, 0x00, 0x00, 0x00, 0x00, 0x19,
  0x00, 0x00, 0xde, 0x00, 0x00, 0x00, 0x00, 0x00, 0x00, 0x00, 0x00, 0x00,
  0x00, 0x00, 0x00, 0x1b, 0x00, 0xdc, 0x00, 0xdf, 0x00, 0x00, 0x00, 0x1c,
  0x00, 0x1b, 0x00, 0x00, 0x00, 0x00, 0x00, 0x00, 0xd9, 0x00, 0x00, 0x00,
  0x00, 0x00, 0x00, 0x00, 0x00, 0x00, 0x00, 0x00, 0x00, 0x00, 0x00, 0x00,
  0x00, 0x00, 0x00, 0x00, 0x00, 0xde, 0x00, 0x1a, 0x00, 0x1e, 0xd9, 0xdc,
  0x00, 0x00, 0x00, 0x00, 0x00, 0x00, 0x00, 0x00, 0x00, 0x00, 0xde, 0x00,
  0x00, 0x00, 0x00, 0xe2, 0x00, 0x00, 0x00, 0x00, 0xdc, 0x00, 0x00, 0x00,
  0x00, 0x00, 0x00, 0x00, 0x1c, 0x00, 0x00, 0x00, 0xd9, 0x16, 0x00, 0x00,
  0x00, 0x00, 0x00, 0x00, 0x00, 0x00, 0x00, 0x00, 0x00, 0x00, 0x00, 0x00,
  0x00, 0xdd, 0x00, 0xde, 0x00, 0x00, 0x00, 0x00, 0x00, 0x00, 0x00, 0x00,
  0x00, 0x00, 0x00, 0x00, 0xdc, 0x00, 0x00, 0x00, 0x00, 0x00, 0x00, 0x00,
  0x00, 0x00, 0x00, 0x1b, 0x00, 0x00, 0x00, 0x00, 0x00, 0x00, 0x00, 0x00,
  0x00, 0x00, 0x00, 0x00, 0x1b, 0x00, 0x00, 0x00, 0x00, 0x00, 0x00, 0x00,
  0x00, 0x1e, 0x00, 0x00, 0x00, 0x00, 0x00, 0x00, 0xdd, 0x00, 0x00, 0x00,
  0x1f, 0x00, 0xdd, 0x00, 0x00, 0x00, 0x00, 0x00, 0x00, 0x21, 0x00, 0x00,
  0x00, 0x00, 0x00, 0x00, 0x1c, 0x00, 0x00, 0x00, 0x00, 0x00, 0x00, 0x00,
  0x00, 0x00, 0x00, 0x00, 0xe4, 0x00, 0x00, 0x00, 0x1e, 0x00, 0x00, 0x00,
  0x00, 0x00, 0x00, 0x00, 0x00, 0x00, 0xe0, 0x00, 0x00, 0x00, 0x00, 0xde,
  0x00, 0x00, 0x00, 0x00, 0xe3, 0xe0, 0x00, 0x00, 0x00, 0x00, 0x00, 0x00,
  0x00, 0x1c, 0x1c, 0x00, 0x00, 0x00, 0x1b, 0x00, 0x00, 0x00, 0x00, 0x00,
  0x00, 0x00, 0xde, 0x20, 0x00, 0x00, 0x00, 0x00, 0xe2, 0x00, 0x00, 0x00,
  0x1d, 0x00, 0x00, 0x00, 0x00, 0x00, 0x00, 0x00, 0x00, 0x00, 0xdd, 0x00,
  0xe1, 0x00, 0x00, 0x00, 0x00, 0x00, 0x00, 0x20, 0x00, 0x00, 0x00, 0x00,
  0x00, 0x00, 0x00, 0x00, 0x00, 0xe3, 0x00, 0x00, 0x00, 0x00, 0xe1, 0x00,
  0x00, 0xe1, 0x1f, 0xe0, 0x00, 0x00, 0x00, 0x00, 0x00, 0x00, 0x00, 0x00,
  0x00, 0x00, 0x00, 0x00, 0xe1, 0x00, 0xde, 0x00, 0x00, 0x1f, 0x00, 0x00,
  0x00, 0x00, 0x00, 0x00, 0x00, 0x00, 0x00, 0x00, 0x00, 0x1b, 0x00, 0x00,
  0x00, 0x00, 0x00, 0x1d, 0x00, 0x00, 0xe0, 0x00, 0xe0, 0x00, 0x00, 0x00,
  0x00, 0x1c, 0x00, 0x00, 0xdd, 0x00, 0x00, 0x00, 0x00, 0x00, 0x00, 0x00,
  0x00, 0x00, 0x00, 0x00, 0x00, 0x00, 0x00, 0x22, 0x00, 0x00, 0x00, 0x00,
  0x00, 0x00, 0x00, 0x00, 0x00, 0x00, 0x00, 0x00, 0x00, 0x00, 0x20, 0x00,
  0x00, 0x00, 0x00, 0x00, 0x00, 0xe2, 0x00, 0x1e, 0x00, 0xde, 0x00, 0x00,
  0x00, 0x00, 0x00, 0x00, 0x00, 0x00, 0x00, 0x00, 0x00, 0x00, 0x00, 0x00,
  0x00, 0x00, 0x00, 0x00, 0xe2, 0x00, 0x00, 0x00, 0x1f, 0x00, 0x00, 0x00,
  0x00, 0x00, 0x00, 0x00, 0xe2, 0x00, 0xde, 0x00, 0x00, 0xe1, 0xe3, 0x00,
  0x1c, 0x00, 0x22, 0x1b, 0x00, 0x00, 0xde, 0x00, 0x00, 0x00, 0x00, 0x00,
  0x00, 0x20, 0x00, 0x00, 0xe3, 0x00, 0x00, 0x00, 0x1d, 0x1e, 0x00, 0x00,
  0x00, 0x00, 0x00, 0x20, 0x00, 0x00, 0x00, 0x00, 0x00, 0x1f, 0xdf, 0x00,
  0x00, 0x00, 0x00, 0x00, 0x1e, 0x00, 0x00, 0x00, 0x1d, 0x00, 0x00, 0x1f,
  0x00, 0x00, 0xdf, 0x00, 0x00, 0xe1, 0x00, 0x00, 0x00, 0x1c, 0x00, 0x00,
  0xe0, 0x00, 0xe1, 0x00, 0x1e, 0x00, 0x00, 0x00, 0x00, 0x00, 0x00, 0x00,
  0x00, 0x00, 0x00, 0x00, 0x00, 0x00, 0x00, 0x00, 0x00, 0x1c, 0x00, 0x00,
  0x00, 0x21, 0x00, 0x00, 0x00, 0xe1, 0x00, 0x00, 0xe4, 0x00, 0x00, 0x21,
  0xdf, 0xe0, 0x00, 0x00, 0x00, 0x00, 0x00, 0xe2, 0x00, 0x00, 0x00, 0x00,
  0x00, 0x00, 0x00, 0x00, 0x00, 0x1f, 0x00, 0x00, 0x00, 0x00, 0x00, 0x00,
  0x00, 0x00, 0xe1, 0x00, 0x00, 0x00, 0x00, 0x00, 0x00, 0x00, 0x00, 0x20,
  0x00, 0x00, 0x00, 0x00, 0x00, 0x00, 0x00, 0x00, 0xdd, 0x00, 0x00, 0x00,
  0x00, 0x1e, 0x00, 0x00, 0x00, 0x00, 0x00, 0xe0, 0xde, 0x00, 0x00, 0x00,
  0x00, 0x00, 0x00, 0x00, 0xdf, 0x00, 0x00, 0x00, 0x00, 0x00, 0xde, 0x00,
  0x00, 0xe2, 0x00, 0x00, 0x00, 0xe4, 0x00, 0x20, 0x00, 0x00, 0x00, 0x00,
  0x00, 0xe2, 0x00, 0x00, 0xe0, 0x00, 0x00, 0xde, 0x00, 0x00, 0x00, 0x00,
  0x00, 0x1c, 0x00, 0x00, 0x00, 0x00, 0x00, 0x00, 0x00, 0x00, 0x00, 0x00,
  0xe4, 0xe1, 0x00, 0x00, 0x00, 0x00, 0x00, 0x00, 0x00, 0x00, 0x00, 0x00,
  0x00, 0x00, 0x00, 0x00, 0x00, 0x00, 0x00, 0x00, 0x00, 0x1c, 0x00, 0x00,
  0x00, 0x00, 0x1c, 0x00, 0x00, 0x00, 0x00, 0x00, 0x00, 0xe0, 0x00, 0x00,
  0xe2, 0x00, 0x00, 0x00, 0x00, 0x00, 0x00, 0x00, 0x00, 0x00, 0x00, 0x00,
  0x00, 0xde, 0x00, 0x00, 0x00, 0x00, 0x00, 0x00, 0x00, 0x00, 0x00, 0x00,
  0x00, 0x1f, 0x00, 0x00, 0x00, 0x00, 0x00, 0x00, 0x00, 0x00, 0x00, 0x1d,
  0x1f, 0x1f, 0x00, 0x00, 0x00, 0x00, 0x00, 0x00, 0x00, 0x00, 0x00, 0x00,
  0x1c, 0x00, 0x00, 0x00, 0x00, 0x00, 0x00, 0xe4, 0x00, 0x00, 0x1e, 0x00,
  0x00, 0x00, 0x00, 0x00, 0xe0, 0x00, 0x00, 0x00, 0x00, 0x00, 0x00, 0xe5,
  0x00, 0x00, 0x00, 0x00, 0x00, 0x00, 0x00, 0x00, 0x21, 0x00, 0x00, 0x00,
  0x00, 0xe2, 0x00, 0x1f, 0x00, 0xe2, 0x00, 0x00, 0x00, 0x00, 0x00, 0x00,
  0x00, 0x00, 0x00, 0x00, 0x00, 0x20, 0x00, 0x00, 0x00, 0x00, 0xe3, 0x00,
  0x00, 0x00, 0x00, 0x00, 0x00, 0x00, 0x00, 0xdc, 0xe0, 0x1f, 0x00, 0x00,
  0x00, 0x1c, 0x00, 0x00, 0x00, 0x00, 0x00, 0x1d, 0x00, 0x00, 0x00, 0x00,
  0x00, 0x1f, 0x00, 0x00, 0x00, 0x00, 0x1e, 0x00, 0x00, 0x00, 0x00, 0x00,
  0x00, 0x00, 0x1b, 0x00, 0x00, 0xe2, 0xe2, 0x00, 0x00, 0x00, 0x1e, 0x00,
  0x00, 0xde, 0x00, 0x00, 0x00, 0x00, 0x00, 0xdf, 0x1f, 0x00, 0x00, 0x00,
  0x00, 0x00, 0x00, 0x00, 0x00, 0x00, 0x00, 0x00, 0x00, 0x00, 0x00, 0x00,
  0x00, 0x00, 0x00, 0x00, 0x00, 0x00, 0x00, 0xe0, 0x00, 0x00, 0x00, 0x00,
  0x00, 0x00, 0x00, 0x1f, 0x00, 0x00, 0x00, 0x00, 0x00, 0x00, 0x00, 0x00,
  0x00, 0x00, 0x00, 0x00, 0x00, 0x00, 0x00, 0xde, 0x00, 0xe1, 0x00, 0x00,
  0x00, 0x00, 0x00, 0x00, 0xe0, 0x00, 0x1e, 0x00, 0x1f, 0xe0, 0x00, 0x00,
  0xe1, 0x00, 0x00, 0x00, 0x00, 0x00, 0x00, 0x00, 0xde, 0x00, 0xe2, 0x00,
  0x00, 0x20, 0x00, 0x00, 0xe1, 0x00, 0x00, 0x00, 0x00, 0x00, 0x00, 0x00,
  0xde, 0x00, 0x00, 0x00, 0x00, 0x1e, 0xe2, 0xdf, 0x00, 0x00, 0x00, 0x00,
  0x00, 0x00, 0x00, 0x00, 0x00, 0x00, 0x00, 0x00, 0x00, 0xe2, 0x00, 0x00,
  0x00, 0x00, 0x00, 0xe1, 0x00, 0x00, 0xdf, 0x00, 0xe3, 0x00, 0x00, 0x00,
  0x00, 0x00, 0x1d, 0x00, 0xdd, 0x00, 0x00, 0x00, 0x00, 0x00, 0x00, 0x00,
  0xe1, 0xe1, 0x00, 0x00, 0x00, 0x00, 0xdc, 0x1d, 0xe3, 0x00, 0x00, 0x00,
  0x00, 0x1c, 0xe4, 0x00, 0xde, 0x00, 0x00, 0x00, 0x00, 0x00, 0x00, 0x00,
  0xdd, 0x00, 0xde, 0x1b, 0x1b, 0x00, 0x00, 0x00, 0xe4, 0x00, 0x00, 0x00,
  0x00, 0x1f, 0x00, 0x00, 0x00, 0x00, 0x00, 0x00, 0x00, 0x00, 0x00, 0x00,
  0x00, 0x00, 0x00, 0x00, 0x00, 0xe0, 0x00, 0x00, 0x1f, 0x00, 0x00, 0x00,
  0x00, 0x00, 0xdf, 0x00, 0x00, 0x00, 0x00, 0xe4, 0xe0, 0x00, 0x00, 0x00,
  0x00, 0x00, 0x00, 0x00, 0x00, 0xe1, 0x00, 0x00, 0x00, 0x21, 0x00, 0x00,
  0x00, 0x00, 0x00, 0x00, 0x00, 0x00, 0x00, 0x1c, 0x00, 0x00, 0x00, 0x00,
  0x00, 0x1e, 0xdc, 0x00, 0x00, 0x00, 0x1f, 0x00, 0x1e, 0x00, 0x00, 0x00,
  0x00, 0x00, 0x00, 0x1e, 0x00, 0xdf, 0x1c, 0x00, 0x00, 0x00, 0x00, 0x00,
  0x00, 0x00, 0x00, 0x00, 0x1d, 0xe4, 0x00, 0x00, 0xdf, 0x00, 0x00, 0x00,
  0x00, 0x00, 0x00, 0xe4, 0x00, 0x00, 0x00, 0x00, 0x00, 0x00, 0x00, 0x00,
  0x00, 0x00, 0x00, 0x00, 0x00, 0x00, 0x00, 0x20, 0x00, 0x00, 0x00, 0x00,
  0x00, 0xe2, 0x00, 0x00, 0x00, 0x1f, 0xdc, 0xe2, 0x00, 0x1e, 0x00, 0x00,
  0x00, 0x00, 0x00, 0x1d, 0x00, 0x00, 0x00, 0x00, 0x00, 0x00, 0xdd, 0x00,
  0xe4, 0x00, 0x1d, 0x00, 0x00, 0x00, 0x00, 0x00, 0x00, 0x00, 0x00, 0x00,
  0x00, 0x00, 0x00, 0x00, 0x00, 0x00, 0x00, 0x00, 0x00, 0x00, 0x00, 0x00,
  0x00, 0x1f, 0xe0, 0x00, 0x00, 0x00, 0x00, 0x00, 0x00, 0x00, 0x00, 0xe0,
  0x00, 0x00, 0x00, 0xe5, 0x00, 0x00, 0xe1, 0x1e, 0x00, 0x00, 0x00, 0x00,
  0x00, 0x00, 0x00, 0x00, 0x00, 0x00, 0x00, 0xe0, 0x00, 0x00, 0x00, 0x00,
  0x00, 0xdc, 0x00, 0x00, 0x00, 0x00, 0xde, 0x00, 0x00, 0x00, 0x1e, 0x00,
  0x00, 0x00, 0xdf, 0xdd, 0x00, 0x00, 0x00, 0x00, 0x00, 0x00, 0x00, 0x00,
  0x00, 0x00, 0x1f, 0x00, 0x00, 0x00, 0x00, 0x1d, 0x00, 0x1d, 0x00, 0x00,
  0x00, 0x00, 0x00, 0x00, 0xe2, 0xe2, 0x00, 0x00, 0x00, 0x00, 0x00, 0x00,
  0x00, 0x00, 0x00, 0x00, 0x00, 0xdf, 0x00, 0x00, 0x00, 0x00, 0xe4, 0x00,
  0x00, 0x00, 0x00, 0x00, 0x1f, 0x00, 0x00, 0x00, 0x1b, 0x1f, 0xe1, 0x00,
  0xe2, 0x00, 0x00, 0x00, 0x1c, 0x00, 0xde, 0x00, 0x00, 0x00, 0x00, 0x00,
  0x00, 0x00, 0x00, 0x00, 0xe0, 0x00, 0x00, 0x00, 0x00, 0x00, 0xe1, 0x00,
  0xdd, 0x00, 0x00, 0x00, 0x00, 0x00, 0x00, 0x00, 0x00, 0x00, 0x00, 0x00,
  0xe2, 0x00, 0x00, 0x00, 0x00, 0x00, 0x00, 0x00, 0x00, 0x00, 0x00, 0x00,
  0x00, 0x00, 0x00, 0x00, 0x00, 0x00, 0x00, 0x00, 0xdf, 0x00, 0x00, 0x00,
  0x00, 0xe5, 0x20, 0x00, 0x00, 0x00, 0x00, 0x00, 0x00, 0x00, 0x00, 0x00,
  0x00, 0x00, 0x00, 0x00, 0x00, 0x00, 0x00, 0x00, 0x00, 0x00, 0x00, 0x00,
  0x00, 0x00, 0x00, 0x00, 0x00, 0x00, 0x00, 0x00, 0x1d, 0xe0, 0x00, 0x00,
  0x00, 0x00, 0x00, 0x00, 0x00, 0x00, 0x00, 0x00, 0x00, 0x00, 0xdd, 0x00,
  0x00, 0x00, 0x00, 0xe0, 0xe2, 0x1f, 0x00, 0x00, 0x00, 0x00, 0x00, 0xe1,
  0x00, 0x00, 0x1f, 0x00, 0x00, 0x00, 0x00, 0x00, 0x00, 0xdc, 0x00, 0x00,
  0xdd, 0x00, 0x00, 0x00, 0x00, 0x00, 0x00, 0x00, 0x00, 0x00, 0x00, 0x00,
  0x00, 0x00, 0x00, 0x00, 0x00, 0x00, 0x00, 0x00, 0x00, 0x00, 0x1f, 0x00,
  0x00, 0x00, 0xdf, 0x00, 0x00, 0x00, 0x00, 0x00, 0x00, 0x00, 0x00, 0x00,
  0xe3, 0x00, 0x00, 0x00, 0x00, 0x00, 0x00, 0xe0, 0x00, 0x00, 0xe4, 0x00,
  0x00, 0x00, 0x00, 0x00, 0x00, 0xe3, 0x00, 0x00, 0x00, 0xdd, 0x00, 0x00,
  0xe2, 0x00, 0x00, 0x00, 0x00, 0xdb, 0x00, 0x00, 0xe0, 0x00, 0x00, 0x00,
  0x20, 0xdc, 0x00, 0x00, 0x00, 0x00, 0x00, 0x00, 0x00, 0x00, 0x00, 0x00,
  0x00, 0x00, 0x00, 0xe2, 0xde, 0x00, 0xdc, 0x00, 0x00, 0x00, 0x00, 0x00,
  0x00, 0x00, 0x00, 0x00, 0x00, 0x00, 0x00, 0x1b, 0x00, 0x00, 0x00, 0x00,
  0x00, 0x00, 0x00, 0x00, 0x00, 0x00, 0x00, 0xde, 0x00, 0xde, 0xe1, 0x00,
  0x1c, 0x00, 0x00, 0xde, 0x00, 0x00, 0xe5, 0x00, 0x00, 0x00, 0xe4, 0x00,
  0x00, 0xdd, 0x00, 0x00, 0x00, 0x1e, 0x00, 0xe4, 0xe1, 0x1e, 0x00, 0x00,
  0x00, 0xdd, 0x00, 0x20, 0x00, 0x00, 0x00, 0x1f, 0x00, 0x00, 0x00, 0x00,
  0x00, 0x00, 0xdc, 0x00, 0xe3, 0x00, 0x00, 0x00, 0x00, 0x00, 0x00, 0x00,
  0x00, 0x00, 0x00, 0x1e, 0xdf, 0x00, 0x20, 0xe0, 0x00, 0x00, 0x00, 0x00,
  0x00, 0x00, 0x00, 0xe1, 0x00, 0x00, 0x00, 0xde, 0x00, 0xe1, 0x00, 0x00,
  0x00, 0x00, 0x00, 0x00, 0x1b, 0x00, 0xe2, 0x00, 0x00, 0x00, 0x1b, 0x00,
  0x00, 0x1c, 0x00, 0x00, 0x00, 0x00, 0x00, 0x00, 0x00, 0x00, 0x00, 0x00,
  0x00, 0x00, 0x00, 0x00, 0x00, 0x00, 0x00, 0x00, 0x00, 0x00, 0x00, 0x1c,
  0x00, 0x00, 0x00, 0x00, 0x00, 0x00, 0xe1, 0x00, 0xdf, 0x00, 0x00, 0x00,
  0x00, 0x00, 0x00, 0x00, 0x00, 0x00, 0x00, 0x00, 0x00, 0x00, 0x00, 0x00,
  0xe4, 0x00, 0x1f, 0x00, 0x00, 0x00, 0x00, 0x00, 0x00, 0x00, 0x00, 0x00,
  0x00, 0x00, 0xe3, 0x00, 0x00, 0x00, 0x00, 0x00, 0x1d, 0x00, 0x1f, 0x00,
  0x00, 0x00, 0xe4, 0x00, 0x00, 0x00, 0x1c, 0xde, 0x00, 0x00, 0x00, 0x00,
  0x00, 0xde, 0x00, 0xdf, 0x00, 0x00, 0x00, 0x1c, 0x00, 0x00, 0x00, 0x00,
  0x00, 0x00, 0x00, 0x00, 0x00, 0xde, 0x00, 0x00, 0xe3, 0x00, 0x00, 0xe4,
  0xe3, 0x00, 0x00, 0x00, 0x00, 0xdc, 0x00, 0xe2, 0x00, 0xde, 0x00, 0x00,
  0x00, 0x00, 0x00, 0xe4, 0x00, 0x00, 0x00, 0x00, 0x00, 0x00, 0x00, 0x00,
  0x1e, 0xdc, 0x00, 0x00, 0x00, 0x00, 0xdd, 0x00, 0x00, 0x00, 0x00, 0xe0,
  0x00, 0x00, 0x1d, 0x00, 0x00, 0x00, 0x00, 0x00, 0x00, 0x00, 0x00, 0x00,
  0x00, 0x00, 0x1c, 0x00, 0xe4, 0x00, 0x00, 0x00, 0x00, 0x00, 0x00, 0x00,
  0x00, 0xe1, 0x00, 0x00, 0x00, 0x00, 0x00, 0x00, 0x00, 0xe3, 0xe1, 0xe3,
  0x00, 0x00, 0x1d, 0x00, 0x00, 0x00, 0x00, 0x00, 0x00, 0x00, 0x1f, 0x00,
  0x00, 0x00, 0x00, 0x00, 0xe1, 0x00, 0x00, 0x00, 0x00, 0x00, 0x00, 0x00,
  0x00, 0x1f, 0x00, 0x00, 0x00, 0x1f, 0x00, 0x00, 0x00, 0xde, 0x00, 0x00,
  0xe2, 0x00, 0x00, 0x00, 0x00, 0x00, 0x00, 0x00, 0xe3, 0x00, 0x00, 0xe1,
  0x00, 0x1d, 0x00, 0x00, 0x00, 0x00, 0x00, 0x00, 0xe4, 0x00, 0xde, 0x00,
  0x00, 0xdd, 0x00, 0x00, 0x00, 0x00, 0x1e, 0x00, 0x00, 0x00, 0xdd, 0x00,
  0x00, 0x00, 0xe4, 0x00, 0x00, 0x00, 0x00, 0x1f, 0x00, 0x00, 0x00, 0x00,
  0x00, 0x00, 0x00, 0x00, 0xde, 0xe1, 0x00, 0x00, 0x00, 0x00, 0x1d, 0x00,
  0x1c, 0x00, 0x00, 0x00, 0xdc, 0x00, 0xdf, 0x00, 0x00, 0x1d, 0x20, 0x00,
  0x00, 0x00, 0x00, 0x00, 0x00, 0x00, 0x00, 0x00, 0xdb, 0xe5, 0x00, 0x00,
  0xe2, 0x00, 0x00, 0x00, 0x00, 0x00, 0x00, 0x00, 0x00, 0x00, 0x1e, 0x00,
  0x00, 0x00, 0x00, 0x00, 0x00, 0xe5, 0x00, 0x00, 0x00, 0x00, 0x00, 0x00,
  0x00, 0x00, 0x00, 0x00, 0x00, 0x00, 0x1f, 0xe1, 0x00, 0x00, 0x00, 0x00,
  0x00, 0x00, 0x00, 0x00, 0xe3, 0xdb, 0x00, 0x00, 0x00, 0x00, 0x00, 0x00,
  0x00, 0xde, 0x00, 0x00, 0xdb, 0x00, 0x00, 0x00, 0xdd, 0x00, 0x00, 0x00,
  0x00, 0x00, 0x00, 0x00, 0x00, 0xdd, 0x00, 0x00, 0x00, 0x00, 0x00, 0xde,
  0x00, 0x00, 0x1c, 0x00, 0xe3, 0x00, 0x00, 0x00, 0x00, 0x00, 0x00, 0x00,
  0x00, 0x00, 0x00, 0x00, 0x00, 0x00, 0x1d, 0x00, 0xdc, 0x00, 0x1e, 0x00,
  0x00, 0x00, 0x00, 0x00, 0x00, 0x00, 0x00, 0x1f, 0x00, 0x00, 0x00, 0x00,
  0x00, 0x00, 0x00, 0x00, 0x00, 0xe0, 0x00, 0x00, 0xe0, 0xdb, 0x00, 0x00,
  0x00, 0x00, 0x1d, 0x00, 0x00, 0xe3, 0x00, 0x1e, 0x00, 0x00, 0x00, 0x00,
  0x00, 0x00, 0x00, 0x00, 0x00, 0x00, 0x00, 0x00, 0x00, 0x00, 0x00, 0x00,
  0x00, 0x00, 0xdd, 0x00, 0x00, 0x00, 0x00, 0x00, 0x00, 0x00, 0xe2, 0x00,
  0x00, 0x00, 0xe5, 0x00, 0x00, 0xe0, 0x00, 0x00, 0x00, 0xdf, 0x00, 0x00,
  0xde, 0x00, 0x00, 0x00, 0xe0, 0x00, 0x00, 0x00, 0x00, 0x00, 0x00, 0x00,
  0x00, 0x00, 0x00, 0x00, 0xe3, 0x00, 0x00, 0x00, 0x00, 0x00, 0xdb, 0x00,
  0x00, 0x00, 0x00, 0x00, 0x00, 0xdf, 0x00, 0x00, 0x1e, 0x00, 0x00, 0xe4,
  0xe3, 0xe1, 0x00, 0x00, 0x00, 0x00, 0x00, 0x00, 0x00, 0x00, 0xe3, 0x00,
  0x00, 0x00, 0x00, 0x00, 0x00, 0x00, 0x00, 0xdf, 0x00, 0x00, 0x1c, 0xe3,
  0x00, 0x00, 0x00, 0x00, 0x00, 0x00, 0x00, 0x1d, 0x00, 0x00, 0x00, 0x00,
  0x00, 0x00, 0x00, 0x00, 0x00, 0x00, 0x00, 0x00, 0x1d, 0x00, 0xe3, 0x00,
  0x00, 0x00, 0x00, 0x1f, 0x00, 0x00, 0x00, 0x00, 0x00, 0x00, 0x00, 0x00,
  0x00, 0x00, 0x00, 0xe2, 0x00, 0x00, 0x00, 0x00, 0x00, 0xdf, 0x00, 0x00,
  0x00, 0x00, 0x00, 0x00, 0x00, 0x00, 0x00, 0x00, 0x00, 0x00, 0x00, 0x00,
  0x00, 0x00, 0x1d, 0x00, 0x1d, 0xe3, 0x00, 0x00, 0x00, 0x00, 0x00, 0x00,
  0x00, 0x00, 0xde, 0x00, 0x00, 0x00, 0x00, 0x00, 0x1e, 0x00, 0x00, 0x00,
  0xe1, 0x00, 0x00, 0x00, 0x1d, 0x1d, 0xe4, 0x00, 0x00, 0xe0, 0x00, 0x00,
  0x00, 0x00, 0xdf, 0x00, 0x00, 0x00, 0x00, 0x00, 0x00, 0x00, 0x00, 0xe1,
  0x00, 0x1d, 0x1d, 0x1c, 0x00, 0x00, 0x00, 0x1d, 0x00, 0xdb, 0x00, 0x00,
  0x00, 0x00, 0x00, 0x00, 0xdf, 0x00, 0x00, 0x00, 0xe3, 0x00, 0x00, 0x00,
  0x00, 0xe0, 0x00, 0x1d, 0x00, 0x00, 0x00, 0x00, 0x00, 0x00, 0x00, 0x00,
  0x00, 0x00, 0x00, 0x00, 0x00, 0x00, 0x00, 0x00, 0xe0, 0xe5, 0x00, 0x00,
  0x00, 0x00, 0x00, 0x00, 0x00, 0xe1, 0x00, 0xdb, 0x00, 0x00, 0x00, 0x00,
  0x00, 0xdb, 0xe4, 0x00, 0x00, 0x00, 0x00, 0x00, 0x00, 0xdb, 0x00, 0x00,
  0x00, 0x1f, 0x00, 0x1d, 0x00, 0x00, 0xdb, 0x00, 0x00, 0x00, 0x00, 0xe3,
  0x00, 0x00, 0x00, 0x00, 0x00, 0x00, 0x00, 0x00, 0x00, 0x00, 0x00, 0x00,
  0x00, 0xdf, 0x00, 0xdc, 0x00, 0x00, 0x00, 0x00, 0xdd, 0x00, 0x00, 0x00,
  0xe1, 0x00, 0x00, 0x00, 0x1e, 0x00, 0x00, 0xe4, 0xdf, 0x00, 0x00, 0x00,
  0x00, 0x00, 0x00, 0xdd, 0x00, 0x00, 0x1c, 0x00, 0x00, 0x00, 0x00, 0x00,
  0x00, 0x00, 0x00, 0x00, 0x1f, 0xe2, 0x00, 0x00, 0xe4, 0x00, 0x00, 0x00,
  0xde, 0x00, 0x00, 0x00, 0x00, 0xdd, 0x00, 0x00, 0x00, 0x00, 0x00, 0x00,
  0x00, 0x00, 0x00, 0x00, 0x00, 0x00, 0x00, 0x00, 0x00, 0x00, 0x00, 0x00,
  0x00, 0x00, 0x00, 0xdf, 0x00, 0x00, 0x00, 0xdb, 0x00, 0x00, 0x00, 0xe0,
  0x00, 0x00, 0x00, 0x00, 0x00, 0x00, 0x00, 0x00, 0x00, 0x00, 0x1c, 0x00,
  0x00, 0x00, 0x00, 0x00, 0x1d, 0x00, 0x00, 0xdc, 0x00, 0x00, 0x00, 0x1b,
  0x00, 0xe2, 0x00, 0x00, 0x00, 0x00, 0xdc, 0x1c, 0x00, 0xe2, 0x00, 0x00,
  0x00, 0x00, 0xdb, 0x00, 0x00, 0x00, 0x00, 0x00, 0x00, 0x00, 0xde, 0x00,
  0x00, 0x00, 0x00, 0x00, 0x00, 0x00, 0x00, 0x00, 0x00, 0x00, 0x00, 0xda,
  0x00, 0x1f, 0x00, 0x00, 0x00, 0xe2, 0x1d, 0x00, 0x00, 0xdb, 0x1c, 0x1c,
  0x00, 0x00, 0x00, 0x00, 0xe2, 0x00, 0x00, 0x00, 0x1f, 0x00, 0x00, 0x00,
  0xde, 0x00, 0x00, 0x00, 0x1f, 0xdc, 0xdc, 0x00, 0x00, 0x00, 0x00, 0xdc,
  0xdd, 0xdd, 0xdd, 0x00, 0x00, 0x00, 0x00, 0x1e, 0x00, 0x00, 0x00, 0x00,
  0x00, 0x00, 0x00, 0x00, 0x00, 0x00, 0x1e, 0x00, 0xde, 0x00, 0x00, 0xe0,
  0x00, 0x00, 0x00, 0x00, 0x00, 0x00, 0x00, 0x00, 0x00, 0x00, 0x00, 0x00,
  0x00, 0xe2, 0x00, 0x00, 0x00, 0x00, 0x00, 0x00, 0x00, 0x00, 0x00, 0x1e,
  0x00, 0x00, 0x00, 0x00, 0x1c, 0x00, 0x00, 0x00, 0x00, 0x00, 0x00, 0x00,
  0x00, 0x00, 0x00, 0x00, 0x00, 0xdc, 0x00, 0x00, 0x00, 0x00, 0x00, 0x00,
  0x00, 0x00, 0xdc, 0x00, 0x00, 0x00, 0x00, 0x00, 0x00, 0x00, 0x00, 0x00,
  0x00, 0x00, 0x00, 0x00, 0x00, 0x00, 0x00, 0x00, 0x00, 0xde, 0x00, 0x00,
  0x00, 0x00, 0x00, 0x00, 0x00, 0x00, 0x1d, 0x00, 0x00, 0x1c, 0x00, 0x00,
  0xe2, 0xe2, 0x00, 0x00, 0x00, 0x00, 0x00, 0x00, 0x00, 0x00, 0x00, 0xdd,
  0x00, 0x00, 0x00, 0x00, 0x00, 0x00, 0x00, 0x00, 0x00, 0x00, 0x00, 0x00,
  0x00, 0x00, 0x00, 0x00, 0x00, 0x00, 0x00, 0x00, 0x00, 0x00, 0x00, 0x00,
  0x00, 0x00, 0x00, 0x00, 0x00, 0x00, 0x00, 0xe3, 0x00, 0xdf, 0x00, 0x00,
  0x1e, 0x00, 0x00, 0x00, 0x1b, 0xdd, 0x00, 0x00, 0x00, 0x00, 0xe2, 0x00,
  0x00, 0x00, 0xe0, 0x00, 0x00, 0x00, 0x00, 0x00, 0x00, 0xdd, 0x1f, 0x00,
  0x1d, 0x00, 0x1c, 0x00, 0x00, 0x00, 0x00, 0xe3, 0x00, 0x00, 0x00, 0xe1,
  0x00, 0x00, 0x1d, 0xe2, 0xdf, 0x00, 0x00, 0x00, 0x00, 0x00, 0x00, 0x00,
  0x00, 0x00, 0x00, 0x00, 0xe5, 0x00, 0xdd, 0x00, 0x00, 0x00, 0x00, 0xdc,
  0x00, 0x00, 0x20, 0x00, 0xe0, 0x00, 0x00, 0x00, 0x00, 0x00, 0x00, 0xe3,
  0x00, 0x00, 0x00, 0xdf, 0x00, 0x20, 0x00, 0x00, 0x00, 0x00, 0x00, 0x00,
  0x00, 0x00, 0x00, 0x00, 0x00, 0x00, 0x00, 0x00, 0x00, 0x00, 0x00, 0x1f,
  0x00, 0x00, 0x00, 0x00, 0x00, 0x00, 0x00, 0x00, 0x00, 0x00, 0x00, 0x00,
  0xdf, 0x00, 0x00, 0x00, 0x00, 0x00, 0x00, 0x00, 0xe5, 0xe2, 0x00, 0x00,
  0x00, 0xdc, 0x00, 0x00, 0x00, 0xe1, 0x00, 0x00, 0x00, 0x00, 0x00, 0xdd,
  0x00, 0x00, 0x00, 0x00, 0xe3, 0x00, 0x00, 0x00, 0x00, 0xdd, 0x00, 0x00,
  0x00, 0x00, 0xe2, 0xde, 0x00, 0x00, 0xde, 0x00, 0xe1, 0x00, 0x00, 0x00,
  0x00, 0x00, 0x00, 0x00, 0x00, 0x00, 0x00, 0x00, 0x00, 0x00, 0x20, 0x00,
  0xe3, 0x00, 0x00, 0x00, 0x00, 0x00, 0x00, 0x00, 0xe1, 0x00, 0x00, 0x00,
  0x00, 0x00, 0x00, 0x00, 0x00, 0x1f, 0x00, 0x00, 0x00, 0x00, 0x00, 0xdd,
  0x1e, 0x00, 0x00, 0xdc, 0x00, 0x00, 0x1f, 0x00, 0x00, 0x00, 0x00, 0x00,
  0x00, 0x00, 0x00, 0x00, 0xe1, 0x00, 0xde, 0x00, 0x00, 0x00, 0x00, 0x00,
  0x00, 0x00, 0x00, 0x00, 0x00, 0x00, 0x1d, 0x00, 0x00, 0xdf, 0x00, 0x00,
  0x00, 0x00, 0x00, 0x00, 0xe2, 0x00, 0x00, 0x00, 0x00, 0x00, 0x00, 0xe0,
  0x00, 0x00, 0x00, 0x00, 0x00, 0x00, 0x1d, 0xe2, 0x00, 0x1f, 0x00, 0x00,
  0x00, 0x00, 0xe3, 0x00, 0x00, 0x00, 0x1f, 0x00, 0x00, 0x00, 0x00, 0xe1,
  0x00, 0x00, 0x00, 0x00, 0x00, 0x1f, 0xdc, 0xe1, 0xdd, 0x00, 0x00, 0xde,
  0x00, 0x00, 0x00, 0x00, 0x1d, 0xe0, 0xe3, 0x00, 0xe2, 0x00, 0x00, 0xe4,
  0x00, 0x00, 0x00, 0xe1, 0x00, 0x00, 0x00, 0x00, 0x00, 0x00, 0x00, 0x00,
  0x00, 0x00, 0x00, 0x00, 0x00, 0xe2, 0x00, 0x00, 0x00, 0x00, 0x00, 0x00,
  0x00, 0x00, 0x00, 0x00, 0x00, 0x00, 0x00, 0x00, 0x00, 0xe0, 0x00, 0x00,
  0x00, 0x00, 0xe2, 0x00, 0x00, 0x00, 0xe0, 0x00, 0x00, 0x00, 0x00, 0x00,
  0x1b, 0x00, 0x00, 0x00, 0x00, 0x00, 0x00, 0x00, 0x00, 0x00, 0x00, 0x00,
  0x00, 0x00, 0x00, 0x00, 0x00, 0xe3, 0xe2, 0x00, 0x00, 0x00, 0x00, 0x00,
  0x00, 0x00, 0x1f, 0x00, 0x00, 0x00, 0x00, 0x00, 0x00, 0x00, 0x00, 0x20,
  0x00, 0x00, 0x00, 0x00, 0x00, 0x1d, 0xe4, 0x00, 0x00, 0x1f, 0x00, 0x00,
  0x00, 0x00, 0x00, 0x00, 0x1c, 0xe0, 0xe5, 0x1c, 0x00, 0x1e, 0x00, 0x00,
  0x00, 0x00, 0x00, 0x20, 0x00, 0x00, 0x00, 0x00, 0x00, 0x00, 0x00, 0x00,
  0xdd, 0x1d, 0x00, 0x00, 0xdd, 0x00, 0xdd, 0x00, 0x00, 0x00, 0x00, 0x00,
  0x1c, 0x00, 0x00, 0x00, 0x1e, 0x00, 0x00, 0x00, 0x00, 0x00, 0x00, 0x00,
  0x00, 0x00, 0x00, 0x00, 0x00, 0x00, 0x00, 0x00, 0x00, 0x00, 0x00, 0x00,
  0x00, 0x00, 0x00, 0x00, 0x00, 0x00, 0x00, 0x00, 0x00, 0xde, 0x00, 0x00,
  0x1c, 0x00, 0x00, 0x00, 0x00, 0x00, 0x00, 0x00, 0xdf, 0x00, 0xdc, 0x00,
  0x00, 0x00, 0x00, 0x00, 0x00, 0x00, 0x00, 0xe1, 0xde, 0x00, 0x3c, 0x00,
  0x00, 0x00, 0xe0, 0x00, 0x00, 0x00, 0x00, 0x00, 0x00, 0x00, 0x37, 0x00,
  0x00, 0x00, 0x00, 0x00, 0x00, 0x00, 0x00, 0x00, 0x00, 0x00, 0x00, 0xee,
  0x00, 0x00, 0x00, 0x0b, 0x00, 0x00, 0xcc, 0x00, 0x00, 0x00, 0x00, 0x00,
  0x00, 0x00, 0x00, 0x00, 0x00, 0x00, 0x00, 0x00, 0x00, 0x00, 0x00, 0x00,
  0x00, 0x00, 0x00, 0xce, 0x00, 0x00, 0x00, 0x00, 0x00, 0x00, 0x00, 0x00,
  0xc2, 0x00, 0x1f, 0x00, 0x1e, 0x00, 0x00, 0x00, 0x00, 0x00, 0x00, 0x00,
  0x00, 0x0c, 0x00, 0x00, 0x00, 0x00, 0xfa, 0x00, 0x00, 0xe6, 0x00, 0x00,
  0xfe, 0x10, 0x00, 0x00, 0x00, 0x00, 0x00, 0x00, 0x00, 0x00, 0x00, 0x00,
  0xba, 0x00, 0x00, 0x00, 0x00, 0x00, 0xfc, 0x0a, 0x1b, 0x00, 0xe5, 0x05,
  0x00, 0x00, 0xe3, 0x00, 0x00, 0x00, 0x00, 0x00, 0x00, 0x00, 0x00, 0x00,
  0xfa, 0x3b, 0x00, 0x00, 0x00, 0x00, 0x00, 0x00, 0x00, 0x00, 0x00, 0x09,
  0x00, 0xf2, 0x00, 0xdf, 0xe5, 0x00, 0x00, 0x00, 0x00, 0x00, 0x00, 0x00,
  0x00, 0x00, 0x20, 0x00, 0x00, 0xcc, 0x00, 0x00, 0x00, 0xeb, 0x00, 0x00,
  0x00, 0x28, 0x1f, 0x00, 0x00, 0x00, 0x00, 0x2b, 0x00, 0x00, 0x00, 0x00,
  0x00, 0x00, 0x00, 0x00, 0x2a, 0x00, 0x00, 0x00, 0xe4, 0x00, 0x00, 0x00,
  0x00, 0x00, 0x00, 0x00, 0x00, 0x03, 0x00, 0x00, 0xe2, 0x00, 0x00, 0x00,
  0x00, 0xdc, 0x00, 0x00, 0x00, 0x00, 0x00, 0x00, 0x00, 0x00, 0x00, 0x00,
  0x00, 0x00, 0xe1, 0x00, 0x00, 0x00, 0x00, 0x00, 0x00, 0x00, 0x00, 0x00,
  0x00, 0xcb, 0x00, 0x00, 0x00, 0x00, 0x00, 0x00, 0x1c, 0x00, 0x00, 0x00,
  0x00, 0x00, 0x00, 0x00, 0x00, 0x00, 0x00, 0xc1, 0x00, 0x00, 0x00, 0x00,
  0x00, 0x00, 0x00, 0x29, 0x00, 0xd1, 0x25, 0xc5, 0x00, 0x00, 0x00, 0x00,
  0x00, 0xc2, 0x00, 0x24, 0x00, 0xd2, 0x00, 0x00, 0x00, 0xeb, 0x0f, 0x00,
  0x00, 0x00, 0x00, 0xe7, 0x0c, 0x00, 0x00, 0x00, 0x00, 0x00, 0x00, 0x00,
  0x00, 0x08, 0x00, 0xe7, 0x00, 0x00, 0x00, 0x00, 0x00, 0x00, 0x00, 0x00,
  0x22, 0xce, 0x00, 0x00, 0x00, 0x00, 0x00, 0x00, 0x00, 0x00, 0x00, 0xd8,
  0x00, 0xd4, 0x00, 0x33, 0x00, 0x00, 0x00, 0x00, 0x00, 0x00, 0x00, 0x00,
  0x00, 0x00, 0x00, 0x00, 0x05, 0x00, 0x00, 0x00, 0x00, 0x2a, 0x00, 0x00,
  0x00, 0x00, 0x00, 0xea, 0x00, 0x00, 0x28, 0x00, 0x00, 0x00, 0x00, 0x00,
  0x00, 0x00, 0x00, 0x00, 0x00, 0x00, 0x00, 0x00, 0x00, 0x00, 0x00, 0x00,
  0x00, 0x00, 0x2a, 0x00, 0x00, 0x00, 0x00, 0xca, 0x24, 0x00, 0x00, 0x00,
  0x00, 0xcd, 0x2c, 0x00, 0x00, 0x00, 0x00, 0x00, 0x30, 0x00, 0x00, 0x00,
  0x00, 0x00, 0x00, 0x00, 0x00, 0x00, 0x00, 0x00, 0x2a, 0x00, 0x09, 0x15,
  0x00, 0x08, 0x00, 0x00, 0x00, 0x12, 0x00, 0x00, 0x00, 0xd1, 0x00, 0x00,
  0x00, 0x00, 0x00, 0x00, 0x00, 0x00, 0x00, 0x00, 0x00, 0x00, 0x00, 0x00,
  0x00, 0xbf, 0x00, 0x00, 0x00, 0x00, 0x00, 0x00, 0x00, 0x00, 0x00, 0x00,
  0x00, 0x00, 0x00, 0x00, 0x17, 0x00, 0x00, 0x00, 0x00, 0x00, 0x00, 0x00,
  0x00, 0x00, 0x00, 0x00, 0x00, 0x16, 0x00, 0x00, 0xe5, 0x00, 0x00, 0x00,
  0x00, 0x00, 0x00, 0x00, 0x00, 0x16, 0x00, 0x00, 0x00, 0x00, 0x00, 0x00,
  0x00, 0xeb, 0x00, 0x00, 0x03, 0x00, 0x00, 0xaf, 0x00, 0x00, 0xc6, 0x00,
  0x00, 0x00, 0x00, 0x00, 0x00, 0x00, 0x00, 0xab, 0x00, 0x00, 0x00, 0x00,
  0x00, 0x00, 0x00, 0x12, 0x00, 0x00, 0x35, 0xf0, 0x00, 0x00, 0x00, 0x00,
  0x00, 0xb3, 0xee, 0x00, 0x00, 0x1f, 0x00, 0xb4, 0xef, 0x00, 0x00, 0x00,
  0x00, 0x00, 0x00, 0xdd, 0x00, 0x00, 0x32, 0xc1, 0x00, 0x00, 0x00, 0x00,
  0x00, 0x00, 0x00, 0x00, 0x00, 0xe2, 0x00, 0x00, 0x00, 0x00, 0x00, 0x00,
  0x00, 0x00, 0x00, 0x00, 0x00, 0x00, 0x00, 0x00, 0x00, 0x00, 0x08, 0x00,
  0x30, 0x00, 0x00, 0x00, 0x00, 0x00, 0x00, 0x00, 0x00, 0x00, 0x0c, 0x00,
  0x00, 0xbb, 0x00, 0x00, 0x0b, 0x00, 0x00, 0x00, 0x26, 0xe1, 0x00, 0x00,
  0x00, 0x00, 0x00, 0x00, 0xd6, 0x00, 0x00, 0x00, 0x00, 0x00, 0x00, 0x00,
  0x00, 0x00, 0xe9, 0x00, 0x00, 0x00, 0x00, 0x00, 0x28, 0x00, 0x00, 0x00,
  0x00, 0x00, 0x24, 0x00, 0x00, 0x1b, 0x00, 0xb4, 0x00, 0xe2, 0x00, 0x00,
  0x00, 0xe2, 0x00, 0xe0, 0xe4, 0xe1, 0x00, 0x00, 0x00, 0x00, 0xe3, 0x1e,
  0x00, 0x00, 0x00, 0x00, 0x00, 0x00, 0x00, 0x00, 0xe5, 0x00, 0x00, 0x00,
  0x00, 0xe0, 0x00, 0x00, 0x1b, 0x00, 0x00, 0xe4, 0x00, 0xe0, 0x00, 0x00,
  0x00, 0x00, 0x00, 0x00, 0x00, 0x00, 0x00, 0xde, 0x00, 0x00, 0x00, 0x00,
  0x00, 0x00, 0x00, 0x00, 0xe2, 0x00, 0x00, 0x00, 0x00, 0x00, 0x00, 0x1e,
  0x00, 0x00, 0x00, 0x00, 0xe3, 0x00, 0x00, 0x00, 0xe1, 0x00, 0x00, 0x00,
  0x00, 0x00, 0x1f, 0x00, 0xe3, 0x00, 0x00, 0x20, 0x00, 0x00, 0x00, 0x1f,
  0x00, 0x00, 0x00, 0x00, 0x00, 0x00, 0x00, 0xe1, 0xe3, 0x00, 0x20, 0xdc,
  0x00, 0x00, 0x00, 0x00, 0xdf, 0x00, 0x00, 0x00, 0x00, 0x00, 0x00, 0x00,
  0x00, 0x00, 0x00, 0x00, 0x00, 0x00, 0x00, 0x00, 0x00, 0x1d, 0xdb, 0xde,
  0xde, 0xdf, 0x00, 0x00, 0x1e, 0x00, 0x00, 0x00, 0x00, 0x00, 0x00, 0x00,
  0x00, 0x00, 0x00, 0xe1, 0x1e, 0x1d, 0x00, 0x00, 0x00, 0x00, 0x00, 0x00,
  0x00, 0xe1, 0xe0, 0x00, 0x00, 0x00, 0xdc, 0x00, 0xdb, 0x00, 0x00, 0x00,
  0x00, 0x00, 0x00, 0x1e, 0x00, 0x00, 0x00, 0x00, 0x00, 0x00, 0x00, 0x00,
  0xdd, 0x20, 0x00, 0x1d, 0x1c, 0x00, 0xe4, 0x00, 0x00, 0x1d, 0x00, 0x00,
  0x00, 0x00, 0x00, 0x00, 0x00, 0x1c, 0x00, 0xdd, 0x00, 0xe4, 0xe3, 0xde,
  0xe4, 0xdf, 0x00, 0x00, 0x1e, 0x00, 0x00, 0x1e, 0x00, 0x00, 0x00, 0x00,
  0x1e, 0x00, 0x00, 0x00, 0x00, 0x00, 0x1c, 0xe2, 0x00, 0x00, 0x00, 0xe1,
  0x1e, 0x00, 0x00, 0x00, 0x00, 0x00, 0xe4, 0xe1, 0x00, 0x00, 0x00, 0x00,
  0x00, 0x00, 0x00, 0xe4, 0xe3, 0x00, 0x00, 0x00, 0xe2, 0x00, 0x00, 0xde,
  0x00, 0x00, 0x00, 0x00, 0x00, 0xe2, 0x00, 0x00, 0x00, 0x00, 0x00, 0x00,
  0x00, 0x00, 0x00, 0xe4, 0xe2, 0x00, 0x00, 0x00, 0x00, 0x00, 0x00, 0x00,
  0x00, 0x00, 0x00, 0x00, 0x00, 0x00, 0x00, 0x00, 0x00, 0x00, 0xdb, 0x00,
  0xe2, 0x00, 0x00, 0x00, 0x00, 0x1f, 0xe1, 0x00, 0x00, 0xe2, 0x00, 0x00,
  0xde, 0x1f, 0x00, 0x00, 0x00, 0x1f, 0x1c, 0x00, 0x00, 0x00, 0x00, 0x00,
  0x00, 0x00, 0x1b, 0x00, 0x00, 0x00, 0xe0, 0x00, 0x00, 0xe1, 0x00, 0x00,
  0x00, 0x00, 0x1b, 0x00, 0x00, 0xe0, 0x00, 0x00, 0xdd, 0x00, 0xdd, 0x00,
  0x00, 0x00, 0x00, 0x00, 0x00, 0xe1, 0x00, 0x00, 0x00, 0x00, 0x1f, 0x00,
  0x00, 0x00, 0x00, 0xdc, 0x00, 0x00, 0x00, 0x00, 0xe2, 0x00, 0x00, 0x00,
  0xe0, 0x00, 0x00, 0x00, 0x00, 0x00, 0x00, 0x00, 0xdf, 0x00, 0x00, 0x00,
  0x1d, 0xe3, 0x00, 0x1d, 0x00, 0x00, 0x00, 0x00, 0x00, 0x00, 0x00, 0x00,
  0x00, 0x00, 0x00, 0x00, 0x00, 0xdf, 0x00, 0x00, 0x00, 0x00, 0x00, 0x00,
  0x00, 0x1f, 0x00, 0x00, 0xe1, 0x00, 0x00, 0x00, 0x00, 0x00, 0x00, 0x00,
  0x00, 0x00, 0x00, 0x00, 0x00, 0x00, 0x00, 0x00, 0x00, 0x1f, 0x00, 0x00,
  0xe3, 0x00, 0x00, 0x1e, 0x00, 0x00, 0x00, 0x00, 0xe3, 0x00, 0x00, 0x00,
  0xde, 0xe4, 0x00, 0xe2, 0x00, 0x00, 0x00, 0x00, 0x00, 0x00, 0x00, 0x00,
  0x1b, 0x1e, 0x00, 0x00, 0x00, 0x00, 0xde, 0xe4, 0x00, 0x00, 0x00, 0x00,
  0x00, 0x00, 0x00, 0x00, 0x00, 0x00, 0x00, 0x00, 0x00, 0x00, 0x00, 0x00,
  0x1d, 0x00, 0x00, 0x00, 0x00, 0x00, 0x20, 0xe3, 0x00, 0x1b, 0x00, 0x1f,
  0x1b, 0xdb, 0xdd, 0x00, 0x00, 0x00, 0x00, 0x1c, 0x00, 0x00, 0x1d, 0xdc,
  0x00, 0x00, 0xdb, 0x00, 0x00, 0x00, 0x00, 0x00, 0xdf, 0x00, 0x00, 0x00,
  0x00, 0x00, 0x00, 0x00, 0x00, 0x00, 0x1e, 0x00, 0x00, 0x00, 0x1d, 0x00,
  0x00, 0x00, 0x00, 0x00, 0x00, 0x00, 0x00, 0x00, 0x1f, 0x00, 0x00, 0x00,
  0x00, 0x00, 0x00, 0x00, 0xe0, 0x00, 0x00, 0x00, 0x00, 0x00, 0x00, 0x00,
  0x00, 0x1d, 0x00, 0xe0, 0x00, 0x00, 0x00, 0x00, 0x00, 0x00, 0xde, 0x1d,
  0x00, 0x00, 0x00, 0x00, 0x00, 0x00, 0x00, 0x00, 0x00, 0x00, 0x00, 0x1b,
  0xe1, 0x00, 0x00, 0x20, 0x00, 0xe0, 0x00, 0x00, 0x00, 0x1f, 0x00, 0x00,
  0xdf, 0xe0, 0x00, 0x00, 0xde, 0x00, 0x00, 0x00, 0x00, 0x00, 0x00, 0x00,
  0x00, 0x00, 0x00, 0x00, 0xe5, 0x00, 0x00, 0x1e, 0x00, 0x00, 0x1c, 0x00,
  0xe1, 0x00, 0x00, 0x00, 0x00, 0x1f, 0x00, 0x1f, 0xdd, 0x00, 0x00, 0x00,
  0x00, 0x00, 0x1c, 0x00, 0x00, 0x00, 0x00, 0x00, 0x00, 0x00, 0x00, 0x00,
  0x00, 0x00, 0x00, 0x00, 0x00, 0xe1, 0x00, 0x00, 0x00, 0x00, 0xdc, 0xe0,
  0x00, 0x00, 0x00, 0x00, 0x00, 0x00, 0xdc, 0x00, 0x00, 0x1e, 0x00, 0xe0,
  0xe4, 0x00, 0x00, 0x00, 0x00, 0x00, 0x00, 0x00, 0x00, 0x00, 0x00, 0x1e,
  0x00, 0xe1, 0x00, 0x00, 0xdd, 0x00, 0x1f, 0x00, 0x00, 0x00, 0x00, 0x00,
  0x00, 0x00, 0x1f, 0x00, 0x00, 0x00, 0x00, 0x20, 0x00, 0x1c, 0x00, 0x00,
  0x00, 0x00, 0x00, 0x00, 0x00, 0x00, 0x00, 0x00, 0xdd, 0xe1, 0x00, 0x00,
  0x00, 0xde, 0x00, 0x00, 0x00, 0x00, 0xdf, 0x00, 0x1d, 0x00, 0xdf, 0x00,
  0x00, 0x00, 0x00, 0x20, 0x00, 0x00, 0xe1, 0xe4, 0x00, 0x00, 0x00, 0x00,
  0x00, 0x00, 0x00, 0xe1, 0x00, 0x00, 0x00, 0x1f, 0x00, 0x00, 0x00, 0x00,
  0x00, 0x00, 0x00, 0x00, 0x00, 0x00, 0x00, 0x00, 0x00, 0x00, 0x00, 0x1b,
  0x00, 0x00, 0x00, 0x00, 0x00, 0x00, 0x00, 0x00, 0x00, 0x1d, 0x00, 0x00,
  0x00, 0x00, 0x00, 0x00, 0x00, 0x00, 0x00, 0x00, 0x00, 0x00, 0x00, 0x00,
  0x00, 0x00, 0x00, 0x20, 0x00, 0xe0, 0x00, 0x00, 0x00, 0x00, 0x00, 0x00,
  0x00, 0x00, 0xdf, 0x00, 0x00, 0x00, 0x00, 0x00, 0x20, 0x1c, 0x00, 0x00,
  0x00, 0xe3, 0x1c, 0x00, 0x00, 0x00, 0x00, 0x00, 0x00, 0x00, 0x00, 0x20,
  0x00, 0x1f, 0x00, 0x00, 0x00, 0x1b, 0x00, 0xe4, 0x00, 0x1e, 0x00, 0x00,
  0xde, 0x00, 0x00, 0x00, 0x00, 0x00, 0x00, 0xde, 0x00, 0x00, 0x00, 0xe2,
  0x00, 0x00, 0x00, 0x00, 0x20, 0x00, 0xdd, 0x00, 0x00, 0x00, 0x1c, 0x00,
  0x20, 0x00, 0x00, 0x00, 0x00, 0x00, 0x00, 0x21, 0xe3, 0x00, 0x00, 0x00,
  0x00, 0x00, 0x00, 0x00, 0x00, 0x00, 0x00, 0x00, 0xdf, 0x00, 0x00, 0x00,
  0x00, 0x00, 0x00, 0x00, 0x00, 0x1f, 0x00, 0x00, 0x00, 0x00, 0xdf, 0x00,
  0x00, 0xe1, 0x00, 0x00, 0x00, 0x00, 0x00, 0x00, 0x00, 0x00, 0x00, 0x00,
  0x00, 0x00, 0x00, 0x00, 0x00, 0x00, 0x00, 0xe1, 0x00, 0x00, 0x00, 0x00,
  0xe1, 0x00, 0x00, 0x00, 0xde, 0x00, 0x00, 0x00, 0x00, 0xe4, 0x00, 0xe3,
  0x00, 0x00, 0x00, 0x00, 0x1c, 0x1e, 0xe2, 0x00, 0x00, 0xe1, 0x00, 0x1c,
  0x00, 0x00, 0x00, 0x00, 0x00, 0x00, 0xdd, 0x00, 0x1d, 0xe4, 0x00, 0x00,
  0x00, 0x00, 0x00, 0x00, 0x00, 0x00, 0xdc, 0x00, 0x00, 0x00, 0x00, 0x00,
  0xe3, 0x00, 0x00, 0xe3, 0x00, 0x00, 0x00, 0x00, 0x00, 0x00, 0x00, 0x00,
  0x00, 0x00, 0x00, 0x00, 0x00, 0x00, 0x00, 0x00, 0x00, 0x00, 0x00, 0x00,
  0x00, 0x00, 0xdd, 0x00, 0x00, 0x00, 0xe0, 0x00, 0x00, 0x00, 0x00, 0x00,
  0x1d, 0x00, 0x00, 0x00, 0x00, 0x00, 0x00, 0x00, 0x00, 0xe1, 0x00, 0xdf,
  0x00, 0x00, 0x00, 0x1e, 0xe4, 0xe4, 0x00, 0x00, 0xe3, 0x00, 0x00, 0x00,
  0x00, 0x00, 0x00, 0x00, 0x00, 0x00, 0x00, 0x00, 0x00, 0x00, 0x00, 0x00,
  0x00, 0x00, 0x00, 0x00, 0x00, 0x00, 0x00, 0xe2, 0x00, 0x00, 0x00, 0x1c,
  0x00, 0xde, 0xdd, 0x00, 0x00, 0x00, 0x00, 0xdf, 0x00, 0x00, 0x00, 0x00,
  0x00, 0x00, 0x00, 0x00, 0x00, 0x00, 0xe1, 0x00, 0x00, 0x00, 0xe2, 0x00,
  0x00, 0x1e, 0x00, 0x00, 0x00, 0x00, 0x00, 0x00, 0x00, 0x00, 0x00, 0x00,
  0x00, 0x00, 0x1d, 0x00, 0x00, 0x00, 0x00, 0xe4, 0x00, 0x00, 0x1c, 0x00,
  0x00, 0x1e, 0x00, 0x00, 0x00, 0x00, 0x00, 0xe2, 0xdc, 0x00, 0x1f, 0x1d,
  0x00, 0x00, 0x00, 0x00, 0x00, 0x00, 0x00, 0x00, 0x00, 0x00, 0x00, 0x00,
  0x00, 0x00, 0x00, 0x00, 0x00, 0x00, 0x00, 0x00, 0x1f, 0xe0, 0x00, 0x00,
  0x00, 0x1c, 0x00, 0x00, 0x00, 0x20, 0x00, 0x00, 0x00, 0x00, 0x00, 0x00,
  0x00, 0x00, 0x00, 0x00, 0x00, 0xe2, 0x00, 0x00, 0x00, 0x00, 0xe3, 0x1d,
  0x00, 0xe0, 0x00, 0x00, 0x00, 0x00, 0x00, 0x00, 0x00, 0x00, 0x00, 0x00,
  0x00, 0xe4, 0x00, 0x00, 0xe4, 0x00, 0x00, 0x00, 0x00, 0x00, 0xde, 0xe2,
  0x1d, 0xe1, 0x00, 0x00, 0x00, 0x00, 0x00, 0x00, 0x00, 0xdd, 0x00, 0x1c,
  0x00, 0x00, 0xe3, 0x00, 0xe2, 0x1f, 0x00, 0x00, 0x00, 0x20, 0xdc, 0x00,
  0x00, 0x00, 0x00, 0xde, 0x00, 0x00, 0x00, 0x00, 0xdc, 0x00, 0xe3, 0x00,
  0x00, 0x00, 0x00, 0x00, 0x00, 0x00, 0x00, 0x00, 0x00, 0x00, 0x00, 0x00,
  0x00, 0x3a, 0x00, 0x00, 0xec, 0x00, 0x00, 0x00, 0x00, 0x00, 0x00, 0x00,
  0x00, 0x28, 0x00, 0x00, 0xee, 0x00, 0xe0, 0x00, 0x00, 0x00, 0x00, 0x21,
  0x00, 0x21, 0x00, 0xe3, 0x00, 0x00, 0xe1, 0x00, 0x00, 0xc0, 0x00, 0x00,
  0xd5, 0x43, 0x00, 0xc5, 0x00, 0x00, 0x00, 0x00, 0x00, 0xd8, 0x00, 0x00,
  0x00, 0x00, 0x00, 0x00, 0x00, 0x00, 0x00, 0x4b, 0x00, 0x00, 0x00, 0x00,
  0xd0, 0x1e, 0x00, 0x00, 0x00, 0x22, 0xd7, 0x1e, 0x00, 0x00, 0x00, 0x00,
  0xe5, 0x3d, 0x00, 0x00, 0x00, 0x00, 0x00, 0x1e, 0x00, 0xd4, 0x00, 0x00,
  0x00, 0x35, 0x00, 0xcc, 0x47, 0x00, 0x00, 0x2a, 0x00, 0xdd, 0x41, 0x00,
  0x00, 0x00, 0x00, 0xda, 0x4a, 0x00, 0xf0, 0x00, 0x00, 0xe9, 0x41, 0x00,
  0x00, 0x00, 0x00, 0x00, 0x46, 0x00, 0x00, 0x00, 0x00, 0x00, 0x00, 0x00,
  0x00, 0x00, 0x00, 0x00, 0x35, 0x00, 0x00, 0x00, 0x00, 0x00, 0x2a, 0x18,
  0x00, 0x00, 0x00, 0x00, 0x31, 0x00, 0x00, 0x00, 0x00, 0x00, 0x41, 0x00,
  0x00, 0x00, 0x00, 0x00, 0x32, 0x00, 0x00, 0xcf, 0x00, 0xc3, 0x2b, 0x00,
  0x00, 0x00, 0x00, 0xb9, 0x31, 0x00, 0x00, 0xd5, 0x00, 0xc5, 0x00, 0x00,
  0xf4, 0x00, 0x00, 0xbf, 0x00, 0x00, 0x00, 0x00, 0x00, 0xc9, 0x00, 0x00,
  0x00, 0x00, 0x00, 0x00, 0x00, 0x00, 0x2b, 0x00, 0x00, 0x00, 0xeb, 0x00,
  0x00, 0x00, 0x00, 0x2a, 0xe6, 0x00, 0x00, 0x00, 0x00, 0x00, 0x00, 0x00,
  0x27, 0x00, 0x00, 0x00, 0x00, 0x00, 0x00, 0x00, 0x00, 0x00, 0x00, 0x00,
  0x29, 0x00, 0x00, 0x00, 0x00, 0x00, 0x00, 0x00, 0x00, 0xdc, 0x00, 0x00,
  0xe8, 0x00, 0x00, 0x00, 0x00, 0x00, 0x00, 0x00, 0x00, 0xd1, 0x00, 0x00,
  0x00, 0x00, 0x00, 0xd1, 0xf1, 0x00, 0xdf, 0x00, 0x00, 0xdf, 0x00, 0x00,
  0x00, 0xe0, 0x00, 0x00, 0x00, 0x00, 0x00, 0x00, 0x00, 0x00, 0x00, 0x00,
  0x00, 0x00, 0x2d, 0x00, 0x00, 0x00, 0x00, 0x00, 0x00, 0x00, 0x00, 0x00,
  0x00, 0x00, 0x00, 0x00, 0x00, 0x00, 0x00, 0x00, 0x00, 0x00, 0x00, 0x00,
  0x00, 0x00, 0x2d, 0x00, 0x00, 0xdb, 0x28, 0x00, 0x00, 0x00, 0x00, 0x00,
  0x00, 0x00, 0x00, 0x00, 0x00, 0x00, 0x00, 0x00, 0x00, 0x00, 0x00, 0x00,
  0x00, 0x00, 0x00, 0x00, 0x00, 0xd7, 0x00, 0x00, 0x00, 0x00, 0x00, 0x00,
  0x00, 0x00, 0x00, 0x00, 0x00, 0x00, 0x00, 0x00, 0x00, 0x00, 0x00, 0x00,
  0x00, 0x00, 0x00, 0x00, 0x00, 0xce, 0x00, 0xe1, 0x00, 0x00, 0x00, 0x00,
  0x29, 0x00, 0x00, 0x00, 0x27, 0x00, 0x00, 0x00, 0x00, 0x2a, 0x00, 0x00,
  0x00, 0x00, 0x00, 0x00, 0x00, 0x00, 0x00, 0x00, 0x00, 0x00, 0x00, 0x00,
  0x00, 0x00, 0x00, 0xdc, 0x00, 0x00, 0x00, 0xde, 0x00, 0xd2, 0x24, 0x00,
  0x00, 0xea, 0x00, 0xbc, 0x00, 0x00, 0x00, 0x00, 0x00, 0xbb, 0x00, 0x00,
  0x00, 0xef, 0x00, 0xd4, 0x00, 0x00, 0x00, 0x00, 0x00, 0x00, 0xe8, 0x00,
  0x00, 0x00, 0x00, 0x00, 0xe4, 0x00, 0x00, 0x00, 0x00, 0x00, 0xe3, 0x1f,
  0x00, 0x00, 0x00, 0x3b, 0xdd, 0x00, 0x00, 0x00, 0x00, 0x40, 0x00, 0x00,
  0x00, 0xe3, 0x00, 0x27, 0x00, 0x00, 0x00, 0x00, 0x00, 0x22, 0x00, 0x00,
  0x00, 0x00, 0x00, 0x00, 0x00, 0x00, 0x00, 0xde, 0x00, 0x00, 0x00, 0x00,
  0x00, 0xdc, 0x00, 0xe2, 0x00, 0x00, 0x00, 0x00, 0x00, 0x00, 0x00, 0x1a,
  0x00, 0x00, 0x00, 0x00, 0x00, 0x00, 0x00, 0x00, 0x00, 0x00, 0x00, 0x00,
  0x00, 0x00, 0x00, 0x00, 0x00, 0x00, 0xe5, 0x00, 0x00, 0x00, 0x00, 0x00,
  0x00, 0x00, 0x00, 0x00, 0x00, 0xd8, 0x00, 0x00, 0x29, 0x00, 0x00, 0x00,
  0x00, 0x00, 0x00, 0xe1, 0x2c, 0x00, 0x00, 0x00, 0x00, 0xca, 0x38, 0x00,
  0x00, 0x00, 0xf4, 0x00, 0x00, 0x00, 0x00, 0x00, 0x00, 0xdd, 0x00, 0x00,
  0x00, 0x00, 0x00, 0xdb, 0x00, 0xd2, 0x00, 0x00, 0x00, 0xe0, 0x00, 0x00,
  0x00, 0x00, 0x00, 0x00, 0x00, 0x00, 0x2e, 0x00, 0x00, 0xdc, 0x00, 0x00,
  0x00, 0x00, 0x00, 0xdd, 0x00, 0x00, 0x00, 0x00, 0x00, 0x00, 0x32, 0x00,
  0x00, 0x00, 0x00, 0x00, 0x00, 0x00, 0x00, 0x00, 0x30, 0x00, 0x00, 0x00,
  0x00, 0x00, 0x00, 0x00, 0x00, 0xd0, 0x2f, 0x00, 0x00, 0x00, 0x32, 0x00,
  0x00, 0x00, 0x00, 0x00, 0x00, 0x00, 0x00, 0xd3, 0x00, 0x00, 0x00, 0x00,
  0x00, 0x00, 0x00, 0x00, 0x00, 0x00, 0x00, 0x00, 0x1d, 0x00, 0x00, 0xda,
  0x00, 0x00, 0x00, 0x1d, 0x00, 0x00, 0x00, 0x00, 0x00, 0xe4, 0x00, 0x00,
  0x00, 0x00, 0xdb, 0x00, 0xdb, 0x00, 0x00, 0x00, 0x00, 0x00, 0x00, 0x1b,
  0x00, 0x00, 0x00, 0xe0, 0x00, 0x00, 0x00, 0xdb, 0x00, 0x00, 0x00, 0xe3,
  0x00, 0x00, 0x00, 0x00, 0x1c, 0x00, 0xe2, 0xe1, 0x1e, 0x00, 0xde, 0x00,
  0x00, 0x00, 0xe2, 0x00, 0x00, 0x00, 0x00, 0x00, 0x00, 0xe4, 0x00, 0xdd,
  0x00, 0xe0, 0x00, 0x00, 0x1d, 0x00, 0x00, 0x00, 0x00, 0x00, 0xe4, 0x00,
  0x00, 0x00, 0x00, 0x00, 0x00, 0x1f, 0xe2, 0x00, 0x00, 0xe4, 0xdc, 0x00,
  0x00, 0x00, 0x00, 0x00, 0x00, 0xde, 0x00, 0x00, 0x00, 0x00, 0x00, 0x00,
  0x00, 0x00, 0x00, 0x00, 0xdd, 0x00, 0xe3, 0xe4, 0x00, 0x00, 0xe1, 0x00,
  0xdc, 0x00, 0x00, 0xdb, 0xe2, 0xdf, 0x00, 0x00, 0x00, 0x00, 0x00, 0x00,
  0x00, 0x00, 0x00, 0x00, 0x00, 0x00, 0x00, 0x00, 0x00, 0x00, 0x00, 0x00,
  0x00, 0x00, 0x00, 0x00, 0xdf, 0xe2, 0x1d, 0x00, 0x00, 0x00, 0x00, 0x00,
  0xe2, 0x00, 0x00, 0xe0, 0xdd, 0x00, 0x00, 0x00, 0x1e, 0xde, 0x00, 0x00,
  0x00, 0x00, 0x00, 0x00, 0xe2, 0x00, 0xdf, 0xe3, 0x1b, 0x00, 0x00, 0x00,
  0x00, 0x1d, 0xe3, 0x00, 0x00, 0x1f, 0x00, 0x00, 0x00, 0xe4, 0x00, 0x00,
  0x00, 0x00, 0x00, 0x00, 0x00, 0xdd, 0x00, 0x1d, 0x00, 0xde, 0xdd, 0x00,
  0xe0, 0x00, 0xe2, 0x00, 0x00, 0x00, 0x00, 0x00, 0x00, 0x00, 0xe4, 0x00,
  0x00, 0x1e, 0x00, 0x00, 0x00, 0x00, 0x00, 0x00, 0x00, 0x00, 0x00, 0x00,
  0x00, 0x00, 0x00, 0x00, 0x00, 0x00, 0x00, 0x00, 0xde, 0xe3, 0x00, 0x00,
  0xda, 0x00, 0x00, 0x00, 0xe2, 0x00, 0x00, 0x00, 0x00, 0x00, 0x00, 0x1f,
  0x00, 0x00, 0x00, 0x00, 0x00, 0xe3, 0x00, 0xdb, 0xdb, 0x00, 0x00, 0x00,
  0x00, 0xdf, 0xe1, 0x00, 0x00, 0x00, 0x00, 0x00, 0x00, 0x00, 0x00, 0x00,
  0x00, 0x00, 0x00, 0x00, 0x00, 0xe2, 0x00, 0x00, 0x00, 0x00, 0xdf, 0x00,
  0x00, 0x00, 0xe3, 0x00, 0x00, 0xe4, 0x00, 0xdc, 0x1f, 0x00, 0x00, 0x00,
  0x00, 0x1d, 0x00, 0x1d, 0x00, 0x00, 0x00, 0xdd, 0x00, 0x00, 0x00, 0xdc,
  0x00, 0x00, 0x00, 0x00, 0x1e, 0xdf, 0xdd, 0x00, 0x00, 0x00, 0x00, 0x1c,
  0x1d, 0x00, 0x00, 0x00, 0x00, 0x00, 0x00, 0x00, 0x1d, 0xdc, 0x00, 0x00,
  0x00, 0x00, 0x00, 0x00, 0x00, 0x00, 0x1e, 0x00, 0x1e, 0xdd, 0x00, 0x1e,
  0x00, 0x00, 0x00, 0x00, 0x1b, 0x00, 0x00, 0x00, 0x00, 0x00, 0x00, 0x00,
  0x00, 0x00, 0xdc, 0x00, 0x00, 0x00, 0x00, 0x00, 0x1d, 0x00, 0x00, 0x00,
  0xde, 0x00, 0x00, 0x00, 0x00, 0x00, 0x1c, 0x00, 0x00, 0xe4, 0x00, 0x00,
  0x00, 0x00, 0xe2, 0x00, 0x00, 0x00, 0x00, 0x00, 0x00, 0x00, 0x1c, 0x00,
  0x1e, 0x00, 0x00, 0x00, 0x00, 0x00, 0x00, 0x00, 0x00, 0x00, 0xe0, 0x00,
  0x00, 0xda, 0x00, 0x00, 0x1f, 0xe2, 0x00, 0x00, 0x1b, 0x00, 0x00, 0x00,
  0xdb, 0x00, 0x00, 0x00, 0x00, 0x00, 0x00, 0xe3, 0x00, 0x00, 0x00, 0x00,
  0x00, 0x00, 0x00, 0x00, 0x00, 0x00, 0x00, 0x00, 0x00, 0x00, 0xe4, 0x00,
  0x00, 0x00, 0x00, 0x00, 0xdf, 0x00, 0x00, 0x00, 0x00, 0x00, 0xdd, 0x00,
  0x00, 0x1e, 0x00, 0x1f, 0x00, 0x00, 0x00, 0x00, 0x00, 0x00, 0x00, 0x00,
  0xe2, 0x00, 0x1c, 0xe4, 0x00, 0x00, 0x00, 0x00, 0xe2, 0x00, 0x00, 0x00,
  0x00, 0x00, 0x00, 0x00, 0x00, 0xdf, 0x00, 0x00, 0x00, 0x00, 0x00, 0x00,
  0x00, 0x00, 0x00, 0x00, 0xe2, 0xdc, 0xdc, 0x00, 0xdf, 0x00, 0x1c, 0x00,
  0x00, 0x00, 0x00, 0x00, 0x00, 0x00, 0x00, 0x00, 0x00, 0x00, 0xe3, 0x00,
  0xda, 0xdc, 0x00, 0x00, 0x00, 0x00, 0x00, 0x00, 0x00, 0x00, 0xe3, 0x00,
  0xdc, 0xe2, 0x00, 0xe5, 0xde, 0x00, 0x00, 0x00, 0x00, 0x1e, 0x00, 0x00,
  0xda, 0x00, 0x00, 0xdc, 0x00, 0x00, 0x00, 0x00, 0x00, 0x00, 0x00, 0x00,
  0x1d, 0x00, 0x00, 0x00, 0x00, 0x00, 0x1e, 0x00, 0x00, 0x00, 0x00, 0x00,
  0x00, 0xe3, 0x00, 0x00, 0x00, 0x00, 0x00, 0xdb, 0x00, 0x1f, 0x00, 0x00,
  0x00, 0xdc, 0x00, 0xda, 0x00, 0x00, 0x00, 0x00, 0x00, 0x00, 0x00, 0x00,
  0x00, 0x00, 0x00, 0x00, 0x00, 0x00, 0x00, 0x00, 0x1e, 0xe3, 0xde, 0x00,
  0xe1, 0x00, 0x00, 0x00, 0x00, 0x00, 0x00, 0x00, 0xe2, 0x00, 0x00, 0x00,
  0xe2, 0x00, 0x00, 0x00, 0x00, 0x00, 0xde, 0x00, 0x00, 0x00, 0x00, 0xe3,
  0x00, 0x00, 0x00, 0x00, 0x00, 0x00, 0x00, 0x00, 0x00, 0x00, 0x1f, 0x00,
  0x00, 0x00, 0x00, 0x00, 0x00, 0x00, 0x00, 0x00, 0xe0, 0x00, 0x00, 0xe4,
  0x00, 0x00, 0x00, 0xe3, 0x00, 0x00, 0xe4, 0x00, 0x00, 0x00, 0xe0, 0x00,
  0x00, 0x00, 0x00, 0x00, 0x00, 0x00, 0x00, 0x00, 0x00, 0x00, 0x00, 0x00,
  0x00, 0xe2, 0x20, 0x00, 0x00, 0x00, 0x1f, 0x00, 0x00, 0x00, 0x1e, 0x00,
  0x00, 0xdd, 0x00, 0x00, 0x00, 0x00, 0x00, 0x00, 0x00, 0x1c, 0xdd, 0x20,
  0x1f, 0x00, 0x1b, 0x00, 0x00, 0x00, 0x1d, 0x00, 0x00, 0x00, 0xe0, 0x00,
  0x00, 0x00, 0x00, 0x00, 0x00, 0x00, 0x00, 0x00, 0x00, 0x00, 0x00, 0x00,
  0xdf, 0x00, 0xe0, 0x00, 0x00, 0x00, 0x00, 0x00, 0x00, 0x00, 0x1e, 0x00,
  0x00, 0xdc, 0x00, 0xdd, 0x00, 0xdd, 0x1c, 0x00, 0x00, 0x00, 0x00, 0x00,
  0x00, 0x00, 0x00, 0x00, 0x1c, 0x00, 0x1d, 0x00, 0xdf, 0x00, 0x00, 0x00,
  0x00, 0x00, 0x00, 0x00, 0xe3, 0x00, 0x1e, 0x00, 0x00, 0x00, 0x00, 0x00,
  0x00, 0xe0, 0x00, 0xdd, 0x00, 0x00, 0x00, 0xde, 0x1c, 0x00, 0x00, 0xe2,
  0xe0, 0x1d, 0x00, 0x00, 0x00, 0x00, 0x00, 0x1f, 0xe3, 0x00, 0x00, 0x00,
  0x00, 0x00, 0x00, 0x00, 0x00, 0x00, 0x00, 0x1f, 0x1c, 0x00, 0x00, 0x00,
  0x00, 0x00, 0x00, 0x00, 0x00, 0x00, 0x00, 0x20, 0x00, 0x1e, 0x00, 0x00,
  0x00, 0x00, 0x00, 0x00, 0xe0, 0x00, 0x00, 0x00, 0x00, 0x00, 0x00, 0x00,
  0x00, 0x00, 0xe1, 0x00, 0x00, 0x00, 0x00, 0x00, 0x00, 0x00, 0x00, 0x00,
  0x00, 0x00, 0x00, 0x00, 0x00, 0xde, 0x00, 0x00, 0xe1, 0x00, 0x1e, 0x00,
  0x00, 0x00, 0x00, 0xe1, 0x00, 0x00, 0xe3, 0x1f, 0x00, 0x00, 0x00, 0xdc,
  0x1f, 0xdd, 0xe5, 0x00, 0x00, 0x00, 0xdc, 0x00, 0x00, 0x00, 0x00, 0xdc,
  0xe4, 0x00, 0x00, 0x00, 0xde, 0x00, 0x00, 0xe1, 0x00, 0x00, 0x00, 0x00,
  0x00, 0xe1, 0x20, 0x00, 0xdc, 0x00, 0x00, 0xde, 0x00, 0x00, 0xe2, 0xde,
  0x00, 0x00, 0x00, 0x00, 0x1c, 0xdc, 0x00, 0x00, 0xe4, 0x00, 0x00, 0x00,
  0x1c, 0xdf, 0x00, 0xe3, 0x00, 0x00, 0xdd, 0x00, 0x00, 0x00, 0x00, 0x00,
  0x00, 0x00, 0x00, 0xde, 0x20, 0x00, 0x00, 0x00, 0x00, 0x00, 0x00, 0x00,
  0x00, 0x00, 0x00, 0x00, 0x00, 0x00, 0x00, 0x00, 0x00, 0x00, 0x00, 0x00,
  0x00, 0x00, 0x00, 0x00, 0xde, 0x00, 0x00, 0x00, 0x00, 0xe1, 0x00, 0x00,
  0xe2, 0x00, 0xe5, 0x00, 0x00, 0x00, 0x00, 0x00, 0x00, 0x1f, 0x00, 0xdf,
  0x00, 0xe2, 0x00, 0x00, 0x20, 0x00, 0x00, 0x00, 0x00, 0x00, 0x00, 0x00,
  0x00, 0x00, 0x00, 0x00, 0xe1, 0x00, 0x00, 0x00, 0x00, 0x00, 0x00, 0x00,
  0x00, 0x00, 0x00, 0x1d, 0x00, 0x00, 0x00, 0x00, 0x00, 0x00, 0xdc, 0x00,
  0x00, 0x00, 0x1c, 0x00, 0x00, 0x00, 0xe0, 0x00, 0x00, 0xdc, 0xdf, 0x00,
  0x00, 0x00, 0x00, 0x00, 0x00, 0x00, 0x00, 0x00, 0x00, 0x00, 0x00, 0xe5,
  0x00, 0x1e, 0x00, 0x00, 0x00, 0x00, 0xe0, 0x00, 0x00, 0x00, 0x00, 0x00,
  0x00, 0x00, 0x20, 0x00, 0x00, 0x1e, 0x00, 0x00, 0x00, 0x00, 0x00, 0x00,
  0x00, 0xdf, 0x00, 0x00, 0x00, 0x1e, 0x00, 0x00, 0x00, 0x00, 0x00, 0x00,
  0x00, 0x00, 0x00, 0x00, 0x00, 0x00, 0x00, 0xdd, 0x00, 0xde, 0x00, 0xe1,
  0x00, 0x00, 0x00, 0x00, 0x00, 0x00, 0x00, 0x00, 0x1d, 0x00, 0xe3, 0x00,
  0x00, 0x00, 0x00, 0x00, 0x1e, 0x00, 0x00, 0x00, 0xe3, 0xdc, 0x00, 0x00,
  0x00, 0x00, 0x00, 0x00, 0x00, 0x00, 0x00, 0x00, 0x00, 0x00, 0x00, 0x00,
  0x00, 0x00, 0xdf, 0xe1, 0x00, 0x00, 0x00, 0x00, 0x00, 0x00, 0x00, 0xde,
  0x00, 0x00, 0x00, 0x00, 0xe4, 0x00, 0x00, 0xe4, 0x00, 0x00, 0x00, 0x00,
  0x00, 0x00, 0x1f, 0xde, 0x00, 0x00, 0x00, 0x00, 0x00, 0x00, 0x00, 0x00,
  0x00, 0x00, 0x00, 0x00, 0x00, 0x00, 0x00, 0x00, 0x00, 0x00, 0xdc, 0x00,
  0x00, 0x00, 0xe2, 0x00, 0x1c, 0x00, 0xdc, 0x00, 0x00, 0x1c, 0x00, 0x00,
  0x00, 0x1c, 0x00, 0x00, 0x00, 0x00, 0x00, 0x00, 0x00, 0x00, 0x00, 0x00,
  0x00, 0x00, 0x00, 0x00, 0x00, 0x00, 0x00, 0x00, 0x00, 0x00, 0x00, 0x00,
  0x00, 0x00, 0x00, 0x00, 0x00, 0x44, 0x00, 0x00, 0x00, 0x00, 0x00, 0x3d,
  0x00, 0x00, 0x00, 0x00, 0x00, 0x00, 0x00, 0x00, 0x00, 0x00, 0x00, 0x3f,
  0x00, 0xdd, 0x00, 0x00, 0x00, 0x40, 0x00, 0x00, 0x00, 0x00, 0x00, 0x41,
  0x00, 0x00, 0x00, 0x00, 0x00, 0x00, 0x00, 0x00, 0x00, 0x00, 0xef, 0x4c,
  0x00, 0x1f, 0x00, 0x00, 0x00, 0x00, 0x00, 0x00, 0x00, 0x00, 0x00, 0x00,
  0x29, 0x00, 0x00, 0x00, 0x00, 0x00, 0x00, 0x00, 0x00, 0x00, 0x00, 0x48,
  0x00, 0x00, 0x00, 0x25, 0x00, 0x3a, 0x00, 0x00, 0x00, 0x00, 0x00, 0x4e,
  0x00, 0x00, 0x00, 0x00, 0x00, 0x00, 0x00, 0x23, 0x00, 0x00, 0x00, 0x46,
  0x00, 0x00, 0x00, 0x00, 0x00, 0x00, 0x00, 0x00, 0x00, 0x00, 0x00, 0x00,
  0x00, 0xe5, 0x00, 0x00, 0x22, 0x49, 0x00, 0x00, 0x00, 0x00, 0x00, 0x4b,
  0x00, 0xeb, 0x00, 0x00, 0x00, 0x00, 0x00, 0x00, 0x00, 0x00, 0x00, 0x00,
  0x00, 0x00, 0x00, 0x00, 0x00, 0x3c, 0x00, 0x00, 0x00, 0x00, 0x00, 0x3f,
  0x00, 0xe7, 0x00, 0x00, 0x00, 0x00, 0x00, 0xec, 0x00, 0x00, 0x1c, 0x00,
  0x00, 0x00, 0x00, 0x00, 0x00, 0x00, 0x00, 0xe4, 0x00, 0x00, 0x00, 0x48,
  0x00, 0x00, 0x00, 0x00, 0x00, 0x00, 0x00, 0x00, 0x00, 0x00, 0x00, 0x00,
  0x2a, 0x00, 0x00, 0x00, 0x00, 0x00, 0x00, 0xf1, 0x00, 0x00, 0x00, 0x38,
  0x00, 0x00, 0x00, 0x00, 0x00, 0x00, 0x00, 0x00, 0x00, 0x00, 0x00, 0x00,
  0x00, 0x00, 0x00, 0x00, 0x00, 0x00, 0x00, 0x00, 0x00, 0x00, 0x00, 0x00,
  0x00, 0x00, 0x00, 0x00, 0x00, 0x39, 0x00, 0x00, 0x00, 0x00, 0x00, 0x34,
  0x00, 0x00, 0x00, 0x00, 0x00, 0x00, 0x00, 0x00, 0x00, 0x00, 0x00, 0x42,
  0x00, 0x00, 0x00, 0x00, 0x00, 0x36, 0x00, 0x22, 0x00, 0x00, 0x00, 0x49,
  0x00, 0x25, 0x00, 0x00, 0x00, 0x00, 0xd4, 0x00, 0x00, 0x00, 0x00, 0x00,
  0x00, 0x00, 0x00, 0x00, 0xf1, 0x3d, 0x00, 0x27, 0x00, 0x00, 0xef, 0x35,
  0xd2, 0x00, 0x00, 0x00, 0x00, 0x00, 0xe2, 0x25, 0x00, 0x00, 0xf1, 0x00,
  0x00, 0x00, 0x00, 0x00, 0x00, 0x41, 0x00, 0x3c, 0x00, 0x00, 0x00, 0x00,
  0xcf, 0x00, 0x00, 0x00, 0x00, 0x00, 0xdd, 0x20, 0x00, 0x00, 0x00, 0x00,
  0x00, 0x37, 0x00, 0x00, 0x00, 0x00, 0x00, 0x00, 0xe0, 0x00, 0x00, 0x00,
  0x00, 0x00, 0x00, 0x00, 0x00, 0x00, 0xe3, 0x23, 0x00, 0x29, 0x26, 0x00,
  0xd3, 0x22, 0x00, 0x00, 0x00, 0x36, 0xd8, 0x00, 0x00, 0x00, 0x32, 0x38,
  0x00, 0x00, 0x00, 0x00, 0x2b, 0x00, 0x00, 0x00, 0x00, 0x00, 0x35, 0x41,
  0x00, 0x00, 0x00, 0xe9, 0x39, 0x00, 0xdb, 0x00, 0x00, 0x00, 0x32, 0x00,
  0x00, 0x00, 0x00, 0x00, 0x32, 0x3d, 0x00, 0x00, 0x00, 0x00, 0x00, 0x00,
  0x00, 0x00, 0x00, 0x00, 0x00, 0x00, 0x00, 0xda, 0x00, 0x00, 0x00, 0x32,
  0x00, 0x00, 0x00, 0x2a, 0x00, 0x00, 0x00, 0x00, 0x00, 0x00, 0x00, 0x00,
  0x00, 0x00, 0x00, 0x00, 0x27, 0x00, 0x00, 0x00, 0x00, 0x00, 0x00, 0x00,
  0x00, 0x00, 0x00, 0x00, 0x00, 0x2b, 0x00, 0x00, 0x00, 0x00, 0x00, 0x00,
  0x00, 0x00, 0x00, 0x00, 0x00, 0x00, 0x00, 0x00, 0x00, 0x00, 0x00, 0x00,
  0xdb, 0xd6, 0x00, 0x00, 0x00, 0x00, 0x00, 0x00, 0x00, 0x00, 0x00, 0x00,
  0x00, 0xd4, 0x00, 0x00, 0x00, 0x2d, 0x00, 0x00, 0x00, 0x00, 0x00, 0x00,
  0x00, 0xdd, 0x00, 0x00, 0x00, 0x00, 0xe1, 0x00, 0x00, 0x00, 0x00, 0x00,
  0x00, 0x00, 0x00, 0x00, 0x00, 0x00, 0x00, 0x00, 0x00, 0x00, 0x00, 0x00,
  0x00, 0x1f, 0x00, 0x00, 0x00, 0x00, 0x00, 0x00, 0x00, 0x00, 0xe2, 0x00,
  0x00, 0x00, 0x00, 0x00, 0xe7, 0x33, 0x00, 0x00, 0x00, 0x00, 0x00, 0x00,
  0x00, 0x00, 0x00, 0x00, 0x00, 0x00, 0x00, 0x00, 0x00, 0x00, 0x00, 0x2c,
  0x00, 0x27, 0x00, 0x00, 0x00, 0x00, 0x00, 0x00, 0x00, 0x00, 0x00, 0x30,
  0x00, 0x00, 0x00, 0x00, 0x00, 0x00, 0x00, 0x00, 0x00, 0x27, 0x00, 0x00,
  0x00, 0x00, 0x00, 0x2a, 0x00, 0x00, 0x00, 0x00, 0x00, 0x35, 0x00, 0x00,
  0x00, 0x00, 0x00, 0x24, 0x00, 0x00, 0x00, 0xe7, 0x00, 0x00, 0x00, 0x38,
  0x00, 0x00, 0x00, 0x00, 0x1b, 0x2c, 0x00, 0x00, 0xe8, 0x00, 0x00, 0x31,
  0x00, 0xd6, 0x00, 0x00, 0x00, 0x00, 0x00, 0xd3, 0x00, 0xe2, 0x00, 0x00,
  0x00, 0x00, 0x1c, 0x00, 0x00, 0x00, 0x00, 0x00, 0x00, 0x00, 0x00, 0x00,
  0x00, 0x00, 0x00, 0xe2, 0x1f, 0x00, 0x00, 0x00, 0x00, 0x00, 0xe4, 0x00,
  0x1e, 0x00, 0x00, 0x00, 0xe1, 0x00, 0x00, 0x00, 0x00, 0xe4, 0xe1, 0x00,
  0x00, 0x00, 0x00, 0x00, 0x00, 0x00, 0x00, 0x20, 0x00, 0x00, 0xe1, 0x00,
  0x00, 0x00, 0x00, 0x00, 0x00, 0x00, 0x00, 0x00, 0xe1, 0x00, 0x00, 0xe4,
  0x00, 0x20, 0xe0, 0x00, 0x00, 0x00, 0x00, 0x00, 0x00, 0x00, 0x00, 0x00,
  0x00, 0x00, 0x00, 0x00, 0x00, 0x00, 0x00, 0x1f, 0xe1, 0x00, 0x00, 0x00,
  0x00, 0x00, 0x20, 0x00, 0x00, 0xdf, 0x00, 0x00, 0x00, 0x00, 0x00, 0x00,
  0x00, 0x00, 0x00, 0x00, 0x20, 0x00, 0x00, 0x1c, 0x00, 0x00, 0x00, 0x00,
  0x00, 0x00, 0x00, 0x00, 0x00, 0x00, 0x1f, 0xe1, 0x00, 0x00, 0x00, 0x00,
  0x00, 0x00, 0x00, 0x00, 0x00, 0x00, 0x00, 0x00, 0x00, 0x00, 0x00, 0x00,
  0x00, 0x00, 0x00, 0x00, 0x00, 0x00, 0x00, 0x00, 0x00, 0x1c, 0x00, 0x00,
  0x00, 0x00, 0x00, 0x00, 0x00, 0x00, 0x00, 0xe2, 0xe4, 0x00, 0x00, 0x00,
  0x00, 0x00, 0x00, 0x00, 0x00, 0x00, 0x00, 0x00, 0x00, 0x00, 0x00, 0x00,
  0x00, 0x00, 0x00, 0x00, 0x1f, 0x00, 0x00, 0xe0, 0xe0, 0x00, 0x00, 0x00,
  0x00, 0x00, 0x00, 0x00, 0x00, 0x00, 0x00, 0x00, 0x00, 0x00, 0x00, 0x00,
  0x00, 0x00, 0x00, 0x00, 0x00, 0x1d, 0x00, 0x00, 0x00, 0x00, 0xe2, 0x00,
  0xe1, 0x1d, 0xe3, 0x00, 0x00, 0xde, 0x00, 0x00, 0xdf, 0x1e, 0x00, 0xe0,
  0x00, 0xdf, 0x00, 0x00, 0x00, 0x00, 0x00, 0x00, 0x00, 0x00, 0x00, 0x00,
  0x00, 0xdf, 0x00, 0x1c, 0x00, 0x00, 0x00, 0x00, 0x00, 0x00, 0xe5, 0x00,
  0x00, 0x00, 0x00, 0x00, 0x00, 0x00, 0x00, 0x00, 0x00, 0xde, 0x00, 0x00,
  0x00, 0x00, 0x00, 0x00, 0x00, 0x00, 0x00, 0xe0, 0x00, 0x00, 0xdf, 0x00,
  0x00, 0xe3, 0x00, 0xe4, 0x1c, 0x1e, 0x00, 0xdd, 0x00, 0xde, 0x00, 0x00,
  0x00, 0x00, 0x00, 0x00, 0x00, 0x00, 0x00, 0x00, 0xe1, 0x00, 0x00, 0x00,
  0x00, 0x00, 0x00, 0x00, 0x00, 0x00, 0x00, 0x00, 0x00, 0x00, 0x00, 0x00,
  0x00, 0x00, 0x00, 0x00, 0x00, 0xdf, 0x00, 0xdf, 0x00, 0x00, 0xe4, 0x1e,
  0x00, 0x00, 0x00, 0x00, 0x00, 0x00, 0x00, 0x00, 0x00, 0x00, 0x00, 0x00,
  0x00, 0x1c, 0xdf, 0x1f, 0x00, 0x00, 0x00, 0x00, 0x00, 0x00, 0x00, 0x1d,
  0x00, 0xde, 0x00, 0x00, 0x00, 0x00, 0xde, 0x00, 0x00, 0x1d, 0x00, 0x00,
  0x00, 0x00, 0x00, 0x00, 0x00, 0x00, 0x00, 0xdd, 0x00, 0x00, 0x00, 0x00,
  0x00, 0xdf, 0x1f, 0x00, 0x00, 0xdf, 0x00, 0x00, 0x00, 0xe1, 0x00, 0x00,
  0x1c, 0x00, 0xe0, 0xdf, 0x00, 0x00, 0x00, 0x00, 0x00, 0x00, 0x00, 0x00,
  0x00, 0x00, 0x00, 0xdd, 0x00, 0x00, 0x00, 0x00, 0x00, 0x00, 0x00, 0x00,
  0x00, 0x00, 0xdc, 0x00, 0x00, 0x00, 0x00, 0x00, 0xdd, 0x1d, 0x00, 0x00,
  0x00, 0x00, 0x00, 0x00, 0xde, 0xe3, 0x00, 0xdd, 0x00, 0x00, 0x00, 0x00,
  0x00, 0x00, 0x00, 0xe2, 0x1f, 0x00, 0x00, 0x00, 0x00, 0x00, 0xdc, 0xe0,
  0x00, 0x1d, 0xdd, 0x00, 0x00, 0x00, 0x00, 0x00, 0x00, 0xe3, 0x00, 0x1e,
  0x00, 0xdd, 0x00, 0x00, 0x00, 0x00, 0x00, 0x00, 0x00, 0x21, 0x00, 0x00,
  0x00, 0x00, 0x00, 0x00, 0xdf, 0x00, 0x00, 0x00, 0x00, 0x00, 0x00, 0x1f,
  0x00, 0x00, 0x00, 0xdd, 0x00, 0x00, 0x00, 0xde, 0x00, 0x00, 0xe1, 0x20,
  0x00, 0x00, 0x00, 0x00, 0x00, 0x00, 0x00, 0x00, 0xdf, 0x00, 0x00, 0x00,
  0x00, 0xdd, 0x00, 0x00, 0x00, 0x00, 0x00, 0x00, 0xe2, 0x20, 0x00, 0x00,
  0x00, 0x00, 0xde, 0x00, 0x00, 0x00, 0x00, 0x00, 0x00, 0x00, 0x00, 0x00,
  0x00, 0x00, 0x00, 0xe2, 0x00, 0x1d, 0x00, 0xe4, 0xe3, 0x21, 0x00, 0x00,
  0x00, 0x00, 0x00, 0x1f, 0x00, 0xe1, 0x00, 0x00, 0x00, 0x00, 0x00, 0x00,
  0x00, 0x00, 0x00, 0x00, 0x00, 0x00, 0x00, 0x00, 0xe1, 0x1c, 0xe3, 0x00,
  0x00, 0x00, 0x00, 0x00, 0x00, 0x00, 0x00, 0x00, 0x00, 0x00, 0x00, 0x1e,
  0x00, 0x00, 0x00, 0x00, 0x00, 0x1e, 0x00, 0x00, 0x00, 0x00, 0x00, 0x00,
  0x00, 0x00, 0x00, 0x20, 0x00, 0x00, 0x00, 0x00, 0x00, 0x00, 0x20, 0xdf,
  0x00, 0x00, 0x1d, 0x00, 0x00, 0x00, 0x00, 0x00, 0x00, 0xe4, 0x1e, 0x00,
  0xdd, 0x00, 0xe1, 0x00, 0x00, 0x00, 0x00, 0x00, 0x00, 0x00, 0x00, 0x00,
  0x00, 0x00, 0x1d, 0xe5, 0x00, 0x00, 0x00, 0x00, 0x00, 0xdc, 0xe1, 0x00,
  0xe4, 0x00, 0x00, 0x00, 0x00, 0x00, 0x00, 0x00, 0x00, 0x00, 0x1c, 0x00,
  0xdb, 0x00, 0x1e, 0x00, 0x00, 0x1e, 0x00, 0x00, 0x00, 0xe2, 0x00, 0x00,
  0xdb, 0x00, 0x00, 0x00, 0x00, 0x00, 0x00, 0x00, 0x1e, 0x1e, 0xde, 0x00,
  0x00, 0xe4, 0x00, 0x00, 0x00, 0x00, 0x00, 0x00, 0xde, 0x00, 0x00, 0x00,
  0x00, 0x00, 0x00, 0x00, 0x00, 0x00, 0x00, 0x00, 0x00, 0x00, 0x00, 0x00,
  0x00, 0x00, 0x00, 0x00, 0x00, 0xe4, 0x00, 0x00, 0x00, 0x1d, 0x1e, 0x00,
  0x00, 0xdd, 0x00, 0x00, 0x00, 0xe5, 0x00, 0x00, 0x00, 0x00, 0xe5, 0x00,
  0x00, 0xe5, 0x00, 0x00, 0x00, 0x00, 0x00, 0x00, 0x00, 0x00, 0x00, 0x00,
  0x00, 0x00, 0x00, 0x00, 0x00, 0x00, 0x00, 0xe2, 0x00, 0x00, 0x00, 0x00,
  0x00, 0x1d, 0x00, 0x00, 0x00, 0x00, 0x00, 0x00, 0x00, 0x00, 0xde, 0x00,
  0x00, 0x00, 0x00, 0xdd, 0xdb, 0x1f, 0x00, 0x1e, 0x00, 0x00, 0x00, 0xe0,
  0xdb, 0x00, 0xdd, 0x00, 0x00, 0x00, 0x00, 0x00, 0xde, 0x00, 0x00, 0x00,
  0x00, 0x00, 0xe2, 0xe1, 0xe1, 0x00, 0x00, 0x00, 0x00, 0x00, 0x00, 0xe0,
  0x00, 0xe3, 0x00, 0x00, 0x00, 0x00, 0x00, 0xe3, 0x00, 0x00, 0x00, 0x00,
  0x00, 0x00, 0x00, 0x00, 0x00, 0x00, 0x00, 0x00, 0x00, 0x00, 0x00, 0xdc,
  0x00, 0x00, 0x00, 0x00, 0x00, 0x00, 0x00, 0x00, 0x00, 0xe0, 0x00, 0x1d,
  0x20, 0x00, 0x00, 0x00, 0x00, 0xe0, 0x00, 0x00, 0x00, 0x00, 0x00, 0x00,
  0x00, 0xe1, 0x00, 0x00, 0x00, 0x00, 0x1d, 0x00, 0xde, 0x00, 0x00, 0x00,
  0x00, 0x00, 0x00, 0x00, 0x00, 0x00, 0x00, 0xe1, 0x00, 0xe1, 0x00, 0x00,
  0x00, 0xde, 0x00, 0x00, 0x00, 0x1c, 0x00, 0x00, 0xdc, 0xdb, 0x00, 0x00,
  0xe1, 0xdc, 0x00, 0x00, 0x00, 0x00, 0x00, 0x00, 0xdb, 0xdc, 0x1e, 0xe0,
  0x00, 0x00, 0x00, 0xe4, 0x1d, 0x00, 0x00, 0x00, 0x00, 0x00, 0x00, 0x00,
  0x1f, 0x00, 0x00, 0x00, 0x00, 0x00, 0x00, 0x00, 0x00, 0x00, 0x00, 0x00,
  0xe3, 0x00, 0x00, 0x00, 0x00, 0x00, 0x00, 0x00, 0x00, 0x00, 0x00, 0x00,
  0x00, 0x00, 0xdc, 0xe0, 0x00, 0x00, 0xdc, 0x00, 0x00, 0x00, 0x00, 0x00,
  0x00, 0x00, 0x00, 0x00, 0xe0, 0x00, 0x00, 0x00, 0xdc, 0x00, 0x00, 0xde,
  0x00, 0x00, 0xdb, 0x00, 0x00, 0x00, 0x00, 0x00, 0x00, 0x00, 0x00, 0x00,
  0x00, 0x1d, 0xdb, 0x1c, 0x00, 0x00, 0x00, 0x00, 0x00, 0x00, 0x00, 0x00,
  0x00, 0x00, 0x00, 0x00, 0x00, 0x00, 0x00, 0xe0, 0x00, 0x00, 0x00, 0x00,
  0x00, 0x00, 0x00, 0xe1, 0x00, 0x00, 0x00, 0x00, 0x00, 0x00, 0x00, 0x00,
  0x00, 0x00, 0x00, 0x00, 0x00, 0xe2, 0x00, 0x00, 0x1d, 0x00, 0x00, 0x00,
  0x00, 0x00, 0x00, 0x00, 0x00, 0x00, 0x00, 0x00, 0x00, 0x00, 0x00, 0x00,
  0x00, 0x00, 0x00, 0xde, 0x00, 0x00, 0x00, 0x00, 0x00, 0x00, 0x00, 0x00,
  0x00, 0x00, 0x00, 0x00, 0x00, 0x00, 0x00, 0x00, 0x00, 0x00, 0x00, 0x00,
  0x00, 0x00, 0x00, 0x00, 0x1f, 0xdd, 0xe2, 0x00, 0x00, 0xe1, 0xdf, 0x00,
  0x00, 0x00, 0xda, 0x1e, 0x00, 0x00, 0x1e, 0x00, 0x00, 0x00, 0x00, 0x00,
  0x00, 0x00, 0x00, 0xdb, 0x00, 0x00, 0xdb, 0xe3, 0x00, 0x00, 0x00, 0x00,
  0xdd, 0x00, 0x1d, 0x00, 0x00, 0x00, 0x00, 0x00, 0x00, 0x00, 0x00, 0x00,
  0x00, 0x00, 0x00, 0x00, 0x00, 0x00, 0x00, 0x00, 0x00, 0x1f, 0x00, 0x00,
  0x00, 0x00, 0x00, 0x00, 0x00, 0xdc, 0x00, 0x00, 0x00, 0xe3, 0x00, 0xdb,
  0x00, 0x00, 0x00, 0xde, 0x00, 0x00, 0x00, 0x00, 0x00, 0x00, 0x00, 0xe1,
  0x00, 0xe3, 0x00, 0x00, 0xe3, 0x00, 0x00, 0x00, 0xe4, 0x00, 0x00, 0x00,
  0x00, 0x00, 0xdd, 0x00, 0x1c, 0x00, 0x00, 0x00, 0x00, 0x00, 0x00, 0x00,
  0x00, 0xe1, 0x1e, 0x00, 0x00, 0xe0, 0x00, 0x00, 0x00, 0x00, 0x00, 0x00,
  0xe3, 0x00, 0xdc, 0xe1, 0x00, 0x00, 0x00, 0x00, 0x00, 0x00, 0x00, 0xe3,
  0x00, 0x00, 0x00, 0x00, 0x00, 0x00, 0x1d, 0x00, 0x00, 0x00, 0x00, 0x00,
  0xe2, 0x00, 0xdf, 0x00, 0xe5, 0x00, 0x00, 0x1e, 0x00, 0x1e, 0x00, 0x00,
  0x1c, 0x00, 0x00, 0x00, 0x00, 0x1f, 0x00, 0x00, 0x00, 0x00, 0x00, 0x00,
  0x00, 0x00, 0x00, 0x00, 0x1b, 0x53, 0x00, 0x0b, 0x00, 0x00, 0x00, 0x3e,
  0xdf, 0x00, 0x10, 0x00, 0x1b, 0x00, 0x00, 0x00, 0x00, 0x00, 0x00, 0x00,
  0x00, 0x00, 0x00, 0x00, 0x00, 0x00, 0x00, 0x00, 0x00, 0x00, 0x18, 0x44,
  0x00, 0x00, 0x00, 0x00, 0x00, 0x00, 0x00, 0x00, 0x00, 0x00, 0x00, 0x00,
  0x00, 0x00, 0x00, 0x00, 0x00, 0x00, 0x00, 0x00, 0x00, 0x00, 0x00, 0x00,
  0x26, 0x00, 0x00, 0x00, 0x00, 0x00, 0x00, 0x00, 0x00, 0x00, 0x00, 0x00,
  0xe8, 0x00, 0x00, 0x00, 0x00, 0x00, 0x00, 0x00, 0x00, 0x00, 0x00, 0x00,
  0x00, 0x00, 0x00, 0x00, 0x00, 0x00, 0x00, 0x12, 0x00, 0x00, 0xc9, 0x3f,
  0xea, 0x00, 0x00, 0x00, 0x00, 0x00, 0x00, 0x1c, 0x00, 0x00, 0x00, 0x40,
  0x00, 0x00, 0x19, 0x00, 0x00, 0x46, 0x00, 0x17, 0x00, 0x00, 0x00, 0x00,
  0x00, 0x00, 0x00, 0x17, 0x00, 0x00, 0x00, 0x00, 0x00, 0x23, 0x00, 0x3f,
  0x00, 0x0e, 0x00, 0x21, 0x00, 0x4c, 0x00, 0x21, 0x00, 0x23, 0x00, 0x00,
  0x00, 0x00, 0x00, 0x00, 0x00, 0x4c, 0xe4, 0x00, 0x00, 0x00, 0x00, 0x47,
  0x00, 0x00, 0x00, 0x00, 0x00, 0x00, 0x00, 0x00, 0x00, 0x00, 0x13, 0x00,
  0x00, 0x00, 0x00, 0xdc, 0x21, 0x00, 0x00, 0x00, 0x00, 0x00, 0x28, 0x47,
  0x00, 0x00, 0x00, 0x00, 0x24, 0x00, 0x00, 0xc2, 0x00, 0x00, 0x24, 0x00,
  0xe1, 0x00, 0x00, 0x00, 0x00, 0x00, 0x00, 0x00, 0x00, 0x00, 0x17, 0x00,
  0x00, 0x00, 0x00, 0x00, 0x25, 0x00, 0xe5, 0x00, 0x00, 0x00, 0x00, 0x00,
  0x00, 0x00, 0x00, 0x00, 0x19, 0x00, 0x00, 0xc9, 0x00, 0x00, 0x14, 0x00,
  0x2d, 0x00, 0x00, 0xdd, 0x14, 0x00, 0x00, 0x00, 0x00, 0xd5, 0x15, 0x00,
  0x2f, 0xb4, 0x00, 0x00, 0x00, 0x00, 0x00, 0x00, 0x00, 0x00, 0x00, 0x00,
  0x00, 0x00, 0x00, 0x00, 0x00, 0xfe, 0x00, 0xc1, 0x12, 0x00, 0x00, 0x00,
  0x00, 0x00, 0x22, 0x1f, 0xce, 0x00, 0x2c, 0x00, 0x11, 0x32, 0x00, 0x3c,
  0x30, 0x00, 0x00, 0x23, 0x00, 0x00, 0x00, 0x00, 0x00, 0x1d, 0x00, 0x00,
  0x27, 0x00, 0x00, 0x00, 0x00, 0x00, 0x00, 0x00, 0x00, 0x00, 0xd2, 0x40,
  0x00, 0x00, 0x00, 0x00, 0xd5, 0x40, 0x00, 0x00, 0x00, 0x00, 0x00, 0x00,
  0x00, 0x00, 0x00, 0x00, 0xbb, 0x3f, 0x00, 0x00, 0x13, 0x00, 0xd3, 0x00,
  0x00, 0x00, 0x00, 0x00, 0xd1, 0x00, 0x00, 0x20, 0x00, 0x00, 0x00, 0x3a,
  0x00, 0x0d, 0x00, 0x00, 0x00, 0x45, 0x00, 0x1b, 0x00, 0x00, 0xd6, 0x50,
  0x00, 0x00, 0x10, 0x00, 0x00, 0x00, 0x00, 0x0f, 0x00, 0x00, 0xd1, 0x40,
  0xe8, 0x00, 0x00, 0x00, 0x00, 0x00, 0x00, 0x00, 0x00, 0x00, 0x00, 0x00,
  0x00, 0x1b, 0x00, 0x00, 0x00, 0x00, 0x00, 0x00, 0x00, 0x00, 0x00, 0x3d,
  0xd4, 0x00, 0x00, 0x00, 0x00, 0x00, 0xde, 0x00, 0x00, 0x00, 0x17, 0x00,
  0x00, 0x00, 0x00, 0x00, 0x23, 0x00, 0x00, 0x00, 0x00, 0x00, 0x25, 0x00,
  0x00, 0x00, 0x00, 0x00, 0x34, 0x00, 0x00, 0x00, 0x00, 0x00, 0x32, 0x00,
  0x00, 0x00, 0x00, 0x00, 0x37, 0x00, 0x00, 0x00, 0x00, 0x1b, 0x2f, 0x00,
  0x00, 0x00, 0x00, 0x00, 0x27, 0x00, 0xe3, 0xb6, 0x00, 0x00, 0x2d, 0x00,
  0x00, 0xce, 0x00, 0x00, 0x3e, 0x00, 0x00, 0x00, 0x00, 0x00, 0x2f, 0x00,
  0x00, 0xcd, 0x00, 0x00, 0x1e, 0x00, 0x00, 0x00, 0x00, 0x00, 0x00, 0x00,
  0x00, 0x00, 0x00, 0x00, 0x00, 0x00, 0x00, 0x00, 0x00, 0x00, 0x00, 0x35,
  0x00, 0x00, 0x15, 0x00, 0x00, 0x39, 0x00, 0x00, 0x00, 0x00, 0x00, 0x37,
  0x00, 0x00, 0x00, 0x00, 0x00, 0x00, 0x00, 0x00, 0x00, 0x15, 0x00, 0x35,
  0x00, 0x00, 0x00, 0x00, 0x00, 0x00, 0x00, 0x00, 0x00, 0x00, 0x00, 0x00,
  0xd1, 0x26, 0x00, 0x00, 0x00, 0x00, 0x00, 0x00, 0x00, 0x00, 0x00, 0x00,
  0x00, 0x2a, 0x00, 0x00, 0x00, 0x32, 0xd3, 0x00, 0x00, 0x00, 0x00, 0x00,
  0xc4, 0x00, 0x00, 0x00, 0x00, 0x00, 0x00, 0x38, 0x00, 0x00, 0x00, 0x00,
  0x00, 0x3b, 0x00, 0x00, 0xe1, 0x00, 0x00, 0x3a, 0x00, 0x00, 0x00, 0x00,
  0xbe, 0x3f, 0x00, 0x00, 0x00, 0x00, 0x00, 0x00, 0x00, 0x00, 0x00, 0x00,
  0xd1, 0x43, 0x00, 0x00, 0x00, 0x00, 0xc4, 0x3b, 0x00, 0x00, 0x00, 0x00,
  0xc7, 0x3f, 0x00, 0x00, 0x00, 0x00, 0x00, 0x39, 0x00, 0x00, 0x1d, 0x00,
  0x1f, 0x00, 0x00, 0x1d, 0x00, 0x00, 0x00, 0x00, 0x00, 0x00, 0x1e, 0x00,
  0x00, 0x00, 0x1e, 0x00, 0x00, 0x00, 0x1b, 0xe0, 0x00, 0x00, 0xe4, 0x1e,
  0x00, 0x00, 0xe2, 0xe1, 0x00, 0x00, 0xe4, 0x00, 0x1e, 0x00, 0xde, 0x00,
  0x00, 0x00, 0x00, 0x00, 0x00, 0x00, 0x1d, 0x00, 0x1e, 0xdc, 0x00, 0x00,
  0x00, 0x00, 0x00, 0x00, 0x1e, 0x00, 0xe3, 0x00, 0x00, 0x00, 0x00, 0xde,
  0x00, 0xe4, 0x00, 0x00, 0x00, 0x00, 0xde, 0x00, 0x00, 0x00, 0xe3, 0x00,
  0x00, 0x00, 0x00, 0x00, 0x00, 0x00, 0x1d, 0x00, 0xdc, 0x00, 0x00, 0x00,
  0x00, 0x00, 0x00, 0x00, 0x00, 0x00, 0xe2, 0x00, 0x00, 0x00, 0x00, 0x00,
  0x00, 0x00, 0x00, 0x00, 0x00, 0x00, 0x00, 0x00, 0x00, 0xde, 0x00, 0x00,
  0x00, 0x00, 0x00, 0x00, 0x00, 0x00, 0x00, 0x00, 0x00, 0x1f, 0xdb, 0xdb,
  0x00, 0x00, 0x1d, 0x00, 0x00, 0x00, 0xe2, 0x00, 0x00, 0x00, 0x00, 0x00,
  0x00, 0x00, 0xe1, 0x00, 0x00, 0x00, 0xe1, 0x00, 0x00, 0x00, 0xdd, 0xdb,
  0x1c, 0x00, 0x00, 0xe2, 0x00, 0x00, 0x00, 0x00, 0x00, 0x00, 0x00, 0x00,
  0xdd, 0x00, 0xe0, 0x00, 0x00, 0x00, 0x00, 0x00, 0x00, 0x00, 0x00, 0x00,
  0x00, 0x00, 0xe2, 0xe3, 0x00, 0x00, 0x00, 0x00, 0x00, 0x00, 0x00, 0x00,
  0x00, 0x00, 0x00, 0x00, 0x00, 0x00, 0x00, 0xe1, 0x00, 0x00, 0x00, 0x00,
  0x00, 0x00, 0x00, 0x00, 0x00, 0x00, 0x1c, 0x00, 0x00, 0xe0, 0x00, 0x00,
  0x1e, 0xdf, 0x00, 0x00, 0x00, 0x00, 0x00, 0x1e, 0x1f, 0x00, 0x00, 0x00,
  0xe0, 0x00, 0x00, 0x00, 0xdd, 0x00, 0x00, 0xde, 0x00, 0x00, 0x00, 0x00,
  0x00, 0x00, 0x00, 0xe3, 0x00, 0xde, 0x1e, 0x00, 0x00, 0x00, 0x1b, 0x00,
  0x1c, 0x1e, 0x00, 0x00, 0x00, 0xe2, 0x00, 0x00, 0x00, 0x00, 0xe2, 0xe4,
  0x00, 0x00, 0x00, 0x00, 0xe2, 0x00, 0x00, 0x00, 0x00, 0x00, 0x00, 0x00,
  0x00, 0xdf, 0xe4, 0x00, 0x00, 0x00, 0xe2, 0x00, 0x00, 0x00, 0x00, 0x00,
  0x00, 0x00, 0x00, 0x00, 0x00, 0x00, 0xde, 0xe2, 0x00, 0x00, 0x00, 0x00,
  0x00, 0x00, 0xe4, 0x00, 0x00, 0x1d, 0x00, 0x00, 0xe3, 0x00, 0x00, 0x00,
  0xe3, 0xe5, 0x00, 0x00, 0x1d, 0x00, 0x00, 0x00, 0x00, 0x00, 0x00, 0x00,
  0xdc, 0x1e, 0x00, 0x1e, 0xe4, 0x00, 0xe3, 0xe1, 0x00, 0x00, 0x00, 0x00,
  0x00, 0x00, 0x00, 0x00, 0x00, 0x00, 0x00, 0x00, 0x00, 0x00, 0x00, 0x00,
  0x00, 0x00, 0x00, 0x00, 0x00, 0xe0, 0xe4, 0xdf, 0x00, 0x00, 0x00, 0x00,
  0x00, 0xde, 0x00, 0x00, 0x00, 0xe3, 0x00, 0x00, 0x00, 0x00, 0x00, 0x00,
  0x00, 0x00, 0x00, 0x00, 0x00, 0x00, 0x00, 0xdd, 0x00, 0x1f, 0x00, 0x00,
  0x00, 0x00, 0x00, 0x00, 0xde, 0x00, 0x00, 0x00, 0x00, 0x00, 0x00, 0x00,
  0x00, 0x00, 0x00, 0x00, 0x00, 0xe3, 0x00, 0x00, 0x00, 0x00, 0xe3, 0x00,
  0x00, 0x00, 0x00, 0x00, 0xdd, 0x00, 0xdd, 0x00, 0x00, 0x00, 0x00, 0x00,
  0x00, 0x00, 0x00, 0x00, 0x00, 0x00, 0x00, 0x00, 0xe3, 0x00, 0x00, 0x00,
  0x00, 0xe2, 0x00, 0x00, 0x00, 0x00, 0x00, 0x1e, 0x00, 0x00, 0x00, 0x00,
  0x00, 0x00, 0x00, 0x00, 0xe0, 0xe0, 0x1c, 0xdc, 0x00, 0x00, 0x00, 0x00,
  0x00, 0x00, 0x00, 0xe2, 0x00, 0xde, 0x00, 0x00, 0x00, 0x00, 0x00, 0x00,
  0xdd, 0x00, 0x00, 0x00, 0x00, 0x00, 0x00, 0x1c, 0x00, 0x00, 0x00, 0xe3,
  0x00, 0x00, 0x00, 0x00, 0x00, 0x00, 0x00, 0x00, 0x1f, 0x00, 0xde, 0x00,
  0x00, 0xe4, 0x00, 0x00, 0x00, 0xe2, 0x1d, 0xdd, 0xe3, 0x00, 0x1f, 0x00,
  0x00, 0x00, 0x00, 0x00, 0x1d, 0x00, 0x00, 0x00, 0xdc, 0x00, 0x00, 0x00,
  0x00, 0x00, 0x00, 0x00, 0x1f, 0x00, 0x00, 0x00, 0xdc, 0x00, 0xe0, 0x00,
  0x00, 0xe4, 0x00, 0x00, 0xdb, 0x00, 0x00, 0x1b, 0x1e, 0x00, 0xdf, 0x00,
  0x00, 0x00, 0x00, 0x1d, 0x00, 0x00, 0x00, 0x00, 0x00, 0x00, 0x00, 0x00,
  0x00, 0x00, 0x00, 0x00, 0x00, 0x1f, 0x00, 0xe3, 0x00, 0x00, 0xdd, 0x00,
  0x00, 0x00, 0x00, 0x00, 0x00, 0x00, 0xe0, 0x00, 0x00, 0x00, 0x00, 0xe3,
  0x00, 0x00, 0x00, 0x00, 0x00, 0x00, 0x00, 0x00, 0x00, 0x00, 0x00, 0x00,
  0x00, 0x00, 0x00, 0x00, 0x00, 0x1e, 0x00, 0x1c, 0x00, 0x00, 0x00, 0x00,
  0x00, 0x00, 0x00, 0x00, 0x00, 0x00, 0x00, 0x00, 0xc0, 0xfe, 0xff, 0xff,
  0xc4, 0xfe, 0xff, 0xff, 0x0f, 0x00, 0x00, 0x00, 0x4d, 0x4c, 0x49, 0x52,
  0x20, 0x43, 0x6f, 0x6e, 0x76, 0x65, 0x72, 0x74, 0x65, 0x64, 0x2e, 0x00,
  0x01, 0x00, 0x00, 0x00, 0x14, 0x00, 0x00, 0x00, 0x00, 0x00, 0x0e, 0x00,
  0x18, 0x00, 0x14, 0x00, 0x10, 0x00, 0x0c, 0x00, 0x08, 0x00, 0x04, 0x00,
  0x0e, 0x00, 0x00, 0x00, 0x14, 0x00, 0x00, 0x00, 0x1c, 0x00, 0x00, 0x00,
  0x6c, 0x01, 0x00, 0x00, 0x70, 0x01, 0x00, 0x00, 0x74, 0x01, 0x00, 0x00,
  0x04, 0x00, 0x00, 0x00, 0x6d, 0x61, 0x69, 0x6e, 0x00, 0x00, 0x00, 0x00,
  0x05, 0x00, 0x00, 0x00, 0x14, 0x01, 0x00, 0x00, 0xcc, 0x00, 0x00, 0x00,
  0x84, 0x00, 0x00, 0x00, 0x50, 0x00, 0x00, 0x00, 0x14, 0x00, 0x00, 0x00,
  0x00, 0x00, 0x0e, 0x00, 0x1a, 0x00, 0x14, 0x00, 0x10, 0x00, 0x0c, 0x00,
  0x0b, 0x00, 0x04, 0x00, 0x0e, 0x00, 0x00, 0x00, 0x1c, 0x00, 0x00, 0x00,
  0x00, 0x00, 0x00, 0x09, 0x1c, 0x00, 0x00, 0x00, 0x20, 0x00, 0x00, 0x00,
  0x01, 0x00, 0x00, 0x00, 0x00, 0x00, 0x06, 0x00, 0x08, 0x00, 0x04, 0x00,
  0x06, 0x00, 0x00, 0x00, 0x00, 0x00, 0x80, 0x3f, 0x01, 0x00, 0x00, 0x00,
  0x0d, 0x00, 0x00, 0x00, 0x01, 0x00, 0x00, 0x00, 0x0c, 0x00, 0x00, 0x00,
  0x9a, 0xff, 0xff, 0xff, 0x10, 0x00, 0x00, 0x00, 0x00, 0x00, 0x00, 0x08,
  0x0c, 0x00, 0x00, 0x00, 0x10, 0x00, 0x00, 0x00, 0x8c, 0xff, 0xff, 0xff,
  0x01, 0x00, 0x00, 0x00, 0x0c, 0x00, 0x00, 0x00, 0x03, 0x00, 0x00, 0x00,
  0x09, 0x00, 0x00, 0x00, 0x0a, 0x00, 0x00, 0x00, 0x0b, 0x00, 0x00, 0x00,
  0xca, 0xff, 0xff, 0xff, 0x10, 0x00, 0x00, 0x00, 0x00, 0x00, 0x00, 0x08,
  0x10, 0x00, 0x00, 0x00, 0x14, 0x00, 0x00, 0x00, 0x76, 0xff, 0xff, 0xff,
  0x00, 0x00, 0x00, 0x01, 0x01, 0x00, 0x00, 0x00, 0x09, 0x00, 0x00, 0x00,
  0x03, 0x00, 0x00, 0x00, 0x06, 0x00, 0x00, 0x00, 0x07, 0x00, 0x00, 0x00,
  0x08, 0x00, 0x00, 0x00, 0x00, 0x00, 0x0e, 0x00, 0x14, 0x00, 0x00, 0x00,
  0x10, 0x00, 0x0c, 0x00, 0x0b, 0x00, 0x04, 0x00, 0x0e, 0x00, 0x00, 0x00,
  0x14, 0x00, 0x00, 0x00, 0x00, 0x00, 0x00, 0x08, 0x10, 0x00, 0x00, 0x00,
  0x14, 0x00, 0x00, 0x00, 0x04, 0x00, 0x04, 0x00, 0x04, 0x00, 0x00, 0x00,
  0x01, 0x00, 0x00, 0x00, 0x06, 0x00, 0x00, 0x00, 0x03, 0x00, 0x00, 0x00,
  0x03, 0x00, 0x00, 0x00, 0x04, 0x00, 0x00, 0x00, 0x05, 0x00, 0x00, 0x00,
  0x00, 0x00, 0x0e, 0x00, 0x16, 0x00, 0x00, 0x00, 0x10, 0x00, 0x0c, 0x00,
  0x0b, 0x00, 0x04, 0x00, 0x0e, 0x00, 0x00, 0x00, 0x18, 0x00, 0x00, 0x00,
  0x00, 0x00, 0x00, 0x08, 0x18, 0x00, 0x00, 0x00, 0x1c, 0x00, 0x00, 0x00,
  0x00, 0x00, 0x06, 0x00, 0x08, 0x00, 0x07, 0x00, 0x06, 0x00, 0x00, 0x00,
  0x00, 0x00, 0x00, 0x01, 0x01, 0x00, 0x00, 0x00, 0x03, 0x00, 0x00, 0x00,
  0x03, 0x00, 0x00, 0x00, 0x00, 0x00, 0x00, 0x00, 0x01, 0x00, 0x00, 0x00,
  0x02, 0x00, 0x00, 0x00, 0x01, 0x00, 0x00, 0x00, 0x0d, 0x00, 0x00, 0x00,
  0x01, 0x00, 0x00, 0x00, 0x00, 0x00, 0x00, 0x00, 0x0e, 0x00, 0x00, 0x00,
  0x1c, 0x0a, 0x00, 0x00, 0x24, 0x09, 0x00, 0x00, 0x78, 0x08, 0x00, 0x00,
  0x74, 0x07, 0x00, 0x00, 0xa0, 0x06, 0x00, 0x00, 0x14, 0x06, 0x00, 0x00,
  0x50, 0x05, 0x00, 0x00, 0x6c, 0x04, 0x00, 0x00, 0xd0, 0x03, 0x00, 0x00,
  0xc4, 0x02, 0x00, 0x00, 0xe8, 0x01, 0x00, 0x00, 0x54, 0x01, 0x00, 0x00,
  0x80, 0x00, 0x00, 0x00, 0x04, 0x00, 0x00, 0x00, 0x32, 0xf6, 0xff, 0xff,
  0x00, 0x00, 0x00, 0x01, 0x18, 0x00, 0x00, 0x00, 0x20, 0x00, 0x00, 0x00,
  0x3c, 0x00, 0x00, 0x00, 0x0e, 0x00, 0x00, 0x00, 0x00, 0x00, 0x00, 0x09,
  0x50, 0x00, 0x00, 0x00, 0x02, 0x00, 0x00, 0x00, 0xff, 0xff, 0xff, 0xff,
  0x0c, 0x00, 0x00, 0x00, 0x1c, 0xf6, 0xff, 0xff, 0x08, 0x00, 0x00, 0x00,
  0x10, 0x00, 0x00, 0x00, 0x01, 0x00, 0x00, 0x00, 0x80, 0xff, 0xff, 0xff,
  0xff, 0xff, 0xff, 0xff, 0x01, 0x00, 0x00, 0x00, 0x00, 0x00, 0x80, 0x3b,
  0x19, 0x00, 0x00, 0x00, 0x53, 0x74, 0x61, 0x74, 0x65, 0x66, 0x75, 0x6c,
  0x50, 0x61, 0x72, 0x74, 0x69, 0x74, 0x69, 0x6f, 0x6e, 0x65, 0x64, 0x43,
  0x61, 0x6c, 0x6c, 0x3a, 0x30, 0x00, 0x00, 0x00, 0x02, 0x00, 0x00, 0x00,
  0x01, 0x00, 0x00, 0x00, 0x0c, 0x00, 0x00, 0x00, 0xaa, 0xf6, 0xff, 0xff,
  0x00, 0x00, 0x00, 0x01, 0x18, 0x00, 0x00, 0x00, 0x20, 0x00, 0x00, 0x00,
  0x40, 0x00, 0x00, 0x00, 0x0d, 0x00, 0x00, 0x00, 0x00, 0x00, 0x00, 0x09,
  0xa8, 0x00, 0x00, 0x00, 0x02, 0x00, 0x00, 0x00, 0xff, 0xff, 0xff, 0xff,
  0x0c, 0x00, 0x00, 0x00, 0x94, 0xf6, 0xff, 0xff, 0x08, 0x00, 0x00, 0x00,
  0x14, 0x00, 0x00, 0x00, 0x01, 0x00, 0x00, 0x00, 0x2f, 0x00, 0x00, 0x00,
  0x00, 0x00, 0x00, 0x00, 0x00, 0x00, 0x00, 0x00, 0x01, 0x00, 0x00, 0x00,
  0x0e, 0xe2, 0xc9, 0x3d, 0x6c, 0x00, 0x00, 0x00, 0x65, 0x6e, 0x63, 0x6f,
  0x64, 0x65, 0x72, 0x5f, 0x63, 0x6c, 0x66, 0x5f, 0x6d, 0x69, 0x6e, 0x6d,
  0x61, 0x78, 0x5f, 0x66, 0x6c, 0x61, 0x74, 0x2f, 0x71, 0x75, 0x61, 0x6e,
  0x74, 0x5f, 0x61, 0x63, 0x74, 0x69, 0x76, 0x69, 0x74, 0x79, 0x5f, 0x73,
  0x6f, 0x66, 0x74, 0x6d, 0x61, 0x78, 0x2f, 0x4d, 0x61, 0x74, 0x4d, 0x75,
  0x6c, 0x3b, 0x65, 0x6e, 0x63, 0x6f, 0x64, 0x65, 0x72, 0x5f, 0x63, 0x6c,
  0x66, 0x5f, 0x6d, 0x69, 0x6e, 0x6d, 0x61, 0x78, 0x5f, 0x66, 0x6c, 0x61,
  0x74, 0x2f, 0x71, 0x75, 0x61, 0x6e, 0x74, 0x5f, 0x61, 0x63, 0x74, 0x69,
  0x76, 0x69, 0x74, 0x79, 0x5f, 0x73, 0x6f, 0x66, 0x74, 0x6d, 0x61, 0x78,
  0x2f, 0x42, 0x69, 0x61, 0x73, 0x41, 0x64, 0x64, 0x00, 0x00, 0x00, 0x00,
  0x02, 0x00, 0x00, 0x00, 0x01, 0x00, 0x00, 0x00, 0x0c, 0x00, 0x00, 0x00,
  0x6e, 0xf8, 0xff, 0xff, 0x00, 0x00, 0x00, 0x01, 0x14, 0x00, 0x00, 0x00,
  0x30, 0x00, 0x00, 0x00, 0x0c, 0x00, 0x00, 0x00, 0x00, 0x00, 0x00, 0x02,
  0x70, 0x00, 0x00, 0x00, 0x54, 0xf7, 0xff, 0xff, 0x08, 0x00, 0x00, 0x00,
  0x10, 0x00, 0x00, 0x00, 0x01, 0x00, 0x00, 0x00, 0x00, 0x00, 0x00, 0x00,
  0x00, 0x00, 0x00, 0x00, 0x01, 0x00, 0x00, 0x00, 0x93, 0xbd, 0x97, 0x3a,
  0x45, 0x00, 0x00, 0x00, 0x65, 0x6e, 0x63, 0x6f, 0x64, 0x65, 0x72, 0x5f,
  0x63, 0x6c, 0x66, 0x5f, 0x6d, 0x69, 0x6e, 0x6d, 0x61, 0x78, 0x5f, 0x66,
  0x6c, 0x61, 0x74, 0x2f, 0x71, 0x75, 0x61, 0x6e, 0x74, 0x5f, 0x61, 0x63,
  0x74, 0x69, 0x76, 0x69, 0x74, 0x79, 0x5f, 0x73, 0x6f, 0x66, 0x74, 0x6d,
  0x61, 0x78, 0x2f, 0x42, 0x69, 0x61, 0x73, 0x41, 0x64, 0x64, 0x2f, 0x52,
  0x65, 0x61, 0x64, 0x56, 0x61, 0x72, 0x69, 0x61, 0x62, 0x6c, 0x65, 0x4f,
  0x70, 0x00, 0x00, 0x00, 0x01, 0x00, 0x00, 0x00, 0x0c, 0x00, 0x00, 0x00,
  0xfe, 0xf8, 0xff, 0xff, 0x00, 0x00, 0x00, 0x01, 0x14, 0x00, 0x00, 0x00,
  0x30, 0x00, 0x00, 0x00, 0x0b, 0x00, 0x00, 0x00, 0x00, 0x00, 0x00, 0x09,
  0xb4, 0x00, 0x00, 0x00, 0xe4, 0xf7, 0xff, 0xff, 0x08, 0x00, 0x00, 0x00,
  0x10, 0x00, 0x00, 0x00, 0x01, 0x00, 0x00, 0x00, 0x00, 0x00, 0x00, 0x00,
  0x00, 0x00, 0x00, 0x00, 0x01, 0x00, 0x00, 0x00, 0x13, 0x75, 0xd4, 0x3c,
  0x8b, 0x00, 0x00, 0x00, 0x65, 0x6e, 0x63, 0x6f, 0x64, 0x65, 0x72, 0x5f,
  0x63, 0x6c, 0x66, 0x5f, 0x6d, 0x69, 0x6e, 0x6d, 0x61, 0x78, 0x5f, 0x66,
  0x6c, 0x61, 0x74, 0x2f, 0x71, 0x75, 0x61, 0x6e, 0x74, 0x5f, 0x61, 0x63,
  0x74, 0x69, 0x76, 0x69, 0x74, 0x79, 0x5f, 0x73, 0x6f, 0x66, 0x74, 0x6d,
  0x61, 0x78, 0x2f, 0x4d, 0x61, 0x74, 0x4d, 0x75, 0x6c, 0x3b, 0x65, 0x6e,
  0x63, 0x6f, 0x64, 0x65, 0x72, 0x5f, 0x63, 0x6c, 0x66, 0x5f, 0x6d, 0x69,
  0x6e, 0x6d, 0x61, 0x78, 0x5f, 0x66, 0x6c, 0x61, 0x74, 0x2f, 0x71, 0x75,
  0x61, 0x6e, 0x74, 0x5f, 0x61, 0x63, 0x74, 0x69, 0x76, 0x69, 0x74, 0x79,
  0x5f, 0x73, 0x6f, 0x66, 0x74, 0x6d, 0x61, 0x78, 0x2f, 0x4c, 0x61, 0x73,
  0x74, 0x56, 0x61, 0x6c, 0x75, 0x65, 0x51, 0x75, 0x61, 0x6e, 0x74, 0x2f,
  0x46, 0x61, 0x6b, 0x65, 0x51, 0x75, 0x61, 0x6e, 0x74, 0x57, 0x69, 0x74,
  0x68, 0x4d, 0x69, 0x6e, 0x4d, 0x61, 0x78, 0x56, 0x61, 0x72, 0x73, 0x00,
  0x02, 0x00, 0x00, 0x00, 0x0c, 0x00, 0x00, 0x00, 0x14, 0x00, 0x00, 0x00,
  0xe2, 0xf8, 0xff, 0xff, 0x00, 0x00, 0x00, 0x01, 0x18, 0x00, 0x00, 0x00,
  0x20, 0x00, 0x00, 0x00, 0x3c, 0x00, 0x00, 0x00, 0x0a, 0x00, 0x00, 0x00,
  0x00, 0x00, 0x00, 0x09, 0xe0, 0x00, 0x00, 0x00, 0x02, 0x00, 0x00, 0x00,
  0xff, 0xff, 0xff, 0xff, 0x14, 0x00, 0x00, 0x00, 0xcc, 0xf8, 0xff, 0xff,
  0x08, 0x00, 0x00, 0x00, 0x10, 0x00, 0x00, 0x00, 0x01, 0x00, 0x00, 0x00,
  0xd8, 0xff, 0xff, 0xff, 0xff, 0xff, 0xff, 0xff, 0x01, 0x00, 0x00, 0x00,
  0xe5, 0xd6, 0x36, 0x3d, 0xa9, 0x00, 0x00, 0x00, 0x65, 0x6e, 0x63, 0x6f,
  0x64, 0x65, 0x72, 0x5f, 0x63, 0x6c, 0x66, 0x5f, 0x6d, 0x69, 0x6e, 0x6d,
  0x61, 0x78, 0x5f, 0x66, 0x6c, 0x61, 0x74, 0x2f, 0x71, 0x75, 0x61, 0x6e,
  0x74, 0x5f, 0x63, 0x6c, 0x61, 0x73, 0x73, 0x69, 0x66, 0x69, 0x65, 0x72,
  0x5f, 0x64, 0x65, 0x6e, 0x73, 0x65, 0x5f, 0x32, 0x30, 0x2f, 0x4d, 0x61,
  0x74, 0x4d, 0x75, 0x6c, 0x3b, 0x65, 0x6e, 0x63, 0x6f, 0x64, 0x65, 0x72,
  0x5f, 0x63, 0x6c, 0x66, 0x5f, 0x6d, 0x69, 0x6e, 0x6d, 0x61, 0x78, 0x5f,
  0x66, 0x6c, 0x61, 0x74, 0x2f, 0x71, 0x75, 0x61, 0x6e, 0x74, 0x5f, 0x63,
  0x6c, 0x61, 0x73, 0x73, 0x69, 0x66, 0x69, 0x65, 0x72, 0x5f, 0x64, 0x65,
  0x6e, 0x73, 0x65, 0x5f, 0x32, 0x30, 0x2f, 0x52, 0x65, 0x6c, 0x75, 0x3b,
  0x65, 0x6e, 0x63, 0x6f, 0x64, 0x65, 0x72, 0x5f, 0x63, 0x6c, 0x66, 0x5f,
  0x6d, 0x69, 0x6e, 0x6d, 0x61, 0x78, 0x5f, 0x66, 0x6c, 0x61, 0x74, 0x2f,
  0x71, 0x75, 0x61, 0x6e, 0x74, 0x5f, 0x63, 0x6c, 0x61, 0x73, 0x73, 0x69,
  0x66, 0x69, 0x65, 0x72, 0x5f, 0x64, 0x65, 0x6e, 0x73, 0x65, 0x5f, 0x32,
  0x30, 0x2f, 0x42, 0x69, 0x61, 0x73, 0x41, 0x64, 0x64, 0x00, 0x00, 0x00,
  0x02, 0x00, 0x00, 0x00, 0x01, 0x00, 0x00, 0x00, 0x14, 0x00, 0x00, 0x00,
  0xde, 0xfa, 0xff, 0xff, 0x00, 0x00, 0x00, 0x01, 0x14, 0x00, 0x00, 0x00,
  0x34, 0x00, 0x00, 0x00, 0x09, 0x00, 0x00, 0x00, 0x00, 0x00, 0x00, 0x02,
  0x78, 0x00, 0x00, 0x00, 0xc4, 0xf9, 0xff, 0xff, 0x08, 0x00, 0x00, 0x00,
  0x14, 0x00, 0x00, 0x00, 0x01, 0x00, 0x00, 0x00, 0x00, 0x00, 0x00, 0x00,
  0x00, 0x00, 0x00, 0x00, 0x00, 0x00, 0x00, 0x00, 0x01, 0x00, 0x00, 0x00,
  0x11, 0xa0, 0x36, 0x3a, 0x48, 0x00, 0x00, 0x00, 0x65, 0x6e, 0x63, 0x6f,
  0x64, 0x65, 0x72, 0x5f, 0x63, 0x6c, 0x66, 0x5f, 0x6d, 0x69, 0x6e, 0x6d,
  0x61, 0x78, 0x5f, 0x66, 0x6c, 0x61, 0x74, 0x2f, 0x71, 0x75, 0x61, 0x6e,
  0x74, 0x5f, 0x63, 0x6c, 0x61, 0x73, 0x73, 0x69, 0x66, 0x69, 0x65, 0x72,
  0x5f, 0x64, 0x65, 0x6e, 0x73, 0x65, 0x5f, 0x32, 0x30, 0x2f, 0x42, 0x69,
  0x61, 0x73, 0x41, 0x64, 0x64, 0x2f, 0x52, 0x65, 0x61, 0x64, 0x56, 0x61,
  0x72, 0x69, 0x61, 0x62, 0x6c, 0x65, 0x4f, 0x70, 0x00, 0x00, 0x00, 0x00,
  0x01, 0x00, 0x00, 0x00, 0x14, 0x00, 0x00, 0x00, 0x76, 0xfb, 0xff, 0xff,
  0x00, 0x00, 0x00, 0x01, 0x14, 0x00, 0x00, 0x00, 0x30, 0x00, 0x00, 0x00,
  0x08, 0x00, 0x00, 0x00, 0x00, 0x00, 0x00, 0x09, 0xbc, 0x00, 0x00, 0x00,
  0x5c, 0xfa, 0xff, 0xff, 0x08, 0x00, 0x00, 0x00, 0x10, 0x00, 0x00, 0x00,
  0x01, 0x00, 0x00, 0x00, 0x00, 0x00, 0x00, 0x00, 0x00, 0x00, 0x00, 0x00,
  0x01, 0x00, 0x00, 0x00, 0x1c, 0xc7, 0x91, 0x3c, 0x91, 0x00, 0x00, 0x00,
  0x65, 0x6e, 0x63, 0x6f, 0x64, 0x65, 0x72, 0x5f, 0x63, 0x6c, 0x66, 0x5f,
  0x6d, 0x69, 0x6e, 0x6d, 0x61, 0x78, 0x5f, 0x66, 0x6c, 0x61, 0x74, 0x2f,
  0x71, 0x75, 0x61, 0x6e, 0x74, 0x5f, 0x63, 0x6c, 0x61, 0x73, 0x73, 0x69,
  0x66, 0x69, 0x65, 0x72, 0x5f, 0x64, 0x65, 0x6e, 0x73, 0x65, 0x5f, 0x32,
  0x30, 0x2f, 0x4d, 0x61, 0x74, 0x4d, 0x75, 0x6c, 0x3b, 0x65, 0x6e, 0x63,
  0x6f, 0x64, 0x65, 0x72, 0x5f, 0x63, 0x6c, 0x66, 0x5f, 0x6d, 0x69, 0x6e,
  0x6d, 0x61, 0x78, 0x5f, 0x66, 0x6c, 0x61, 0x74, 0x2f, 0x71, 0x75, 0x61,
  0x6e, 0x74, 0x5f, 0x63, 0x6c, 0x61, 0x73, 0x73, 0x69, 0x66, 0x69, 0x65,
  0x72, 0x5f, 0x64, 0x65, 0x6e, 0x73, 0x65, 0x5f, 0x32, 0x30, 0x2f, 0x4c,
  0x61, 0x73, 0x74, 0x56, 0x61, 0x6c, 0x75, 0x65, 0x51, 0x75, 0x61, 0x6e,
  0x74, 0x2f, 0x46, 0x61, 0x6b, 0x65, 0x51, 0x75, 0x61, 0x6e, 0x74, 0x57,
  0x69, 0x74, 0x68, 0x4d, 0x69, 0x6e, 0x4d, 0x61, 0x78, 0x56, 0x61, 0x72,
  0x73, 0x00, 0x00, 0x00, 0x02, 0x00, 0x00, 0x00, 0x14, 0x00, 0x00, 0x00,
  0x20, 0x00, 0x00, 0x00, 0x62, 0xfb, 0xff, 0xff, 0x00, 0x00, 0x00, 0x01,
  0x18, 0x00, 0x00, 0x00, 0x20, 0x00, 0x00, 0x00, 0x40, 0x00, 0x00, 0x00,
  0x07, 0x00, 0x00, 0x00, 0x00, 0x00, 0x00, 0x09, 0x98, 0x00, 0x00, 0x00,
  0x02, 0x00, 0x00, 0x00, 0xff, 0xff, 0xff, 0xff, 0x20, 0x00, 0x00, 0x00,
  0x4c, 0xfb, 0xff, 0xff, 0x08, 0x00, 0x00, 0x00, 0x14, 0x00, 0x00, 0x00,
  0x01, 0x00, 0x00, 0x00, 0x00, 0x00, 0x00, 0x00, 0x00, 0x00, 0x00, 0x00,
  0x00, 0x00, 0x00, 0x00, 0x01, 0x00, 0x00, 0x00, 0x99, 0x5a, 0x20, 0x3d,
  0x5e, 0x00, 0x00, 0x00, 0x65, 0x6e, 0x63, 0x6f, 0x64, 0x65, 0x72, 0x5f,
  0x63, 0x6c, 0x66, 0x5f, 0x6d, 0x69, 0x6e, 0x6d, 0x61, 0x78, 0x5f, 0x66,
  0x6c, 0x61, 0x74, 0x2f, 0x71, 0x75, 0x61, 0x6e, 0x74, 0x5f, 0x6c, 0x61,
  0x74, 0x65, 0x6e, 0x74, 0x5f, 0x33, 0x32, 0x2f, 0x4d, 0x61, 0x74, 0x4d,
  0x75, 0x6c, 0x3b, 0x65, 0x6e, 0x63, 0x6f, 0x64, 0x65, 0x72, 0x5f, 0x63,
  0x6c, 0x66, 0x5f, 0x6d, 0x69, 0x6e, 0x6d, 0x61, 0x78, 0x5f, 0x66, 0x6c,
  0x61, 0x74, 0x2f, 0x71, 0x75, 0x61, 0x6e, 0x74, 0x5f, 0x6c, 0x61, 0x74,
  0x65, 0x6e, 0x74, 0x5f, 0x33, 0x32, 0x2f, 0x42, 0x69, 0x61, 0x73, 0x41,
  0x64, 0x64, 0x00, 0x00, 0x02, 0x00, 0x00, 0x00, 0x01, 0x00, 0x00, 0x00,
  0x20, 0x00, 0x00, 0x00, 0x16, 0xfd, 0xff, 0xff, 0x00, 0x00, 0x00, 0x01,
  0x14, 0x00, 0x00, 0x00, 0x30, 0x00, 0x00, 0x00, 0x06, 0x00, 0x00, 0x00,
  0x00, 0x00, 0x00, 0x02, 0x68, 0x00, 0x00, 0x00, 0xfc, 0xfb, 0xff, 0xff,
  0x08, 0x00, 0x00, 0x00, 0x10, 0x00, 0x00, 0x00, 0x01, 0x00, 0x00, 0x00,
  0x00, 0x00, 0x00, 0x00, 0x00, 0x00, 0x00, 0x00, 0x01, 0x00, 0x00, 0x00,
  0x4c, 0x7a, 0x1e, 0x39, 0x3e, 0x00, 0x00, 0x00, 0x65, 0x6e, 0x63, 0x6f,
  0x64, 0x65, 0x72, 0x5f, 0x63, 0x6c, 0x66, 0x5f, 0x6d, 0x69, 0x6e, 0x6d,
  0x61, 0x78, 0x5f, 0x66, 0x6c, 0x61, 0x74, 0x2f, 0x71, 0x75, 0x61, 0x6e,
  0x74, 0x5f, 0x6c, 0x61, 0x74, 0x65, 0x6e, 0x74, 0x5f, 0x33, 0x32, 0x2f,
  0x42, 0x69, 0x61, 0x73, 0x41, 0x64, 0x64, 0x2f, 0x52, 0x65, 0x61, 0x64,
  0x56, 0x61, 0x72, 0x69, 0x61, 0x62, 0x6c, 0x65, 0x4f, 0x70, 0x00, 0x00,
  0x01, 0x00, 0x00, 0x00, 0x20, 0x00, 0x00, 0x00, 0x9e, 0xfd, 0xff, 0xff,
  0x00, 0x00, 0x00, 0x01, 0x14, 0x00, 0x00, 0x00, 0x34, 0x00, 0x00, 0x00,
  0x05, 0x00, 0x00, 0x00, 0x00, 0x00, 0x00, 0x09, 0xac, 0x00, 0x00, 0x00,
  0x84, 0xfc, 0xff, 0xff, 0x08, 0x00, 0x00, 0x00, 0x14, 0x00, 0x00, 0x00,
  0x01, 0x00, 0x00, 0x00, 0x00, 0x00, 0x00, 0x00, 0x00, 0x00, 0x00, 0x00,
  0x00, 0x00, 0x00, 0x00, 0x01, 0x00, 0x00, 0x00, 0x7c, 0x00, 0x80, 0x3b,
  0x7d, 0x00, 0x00, 0x00, 0x65, 0x6e, 0x63, 0x6f, 0x64, 0x65, 0x72, 0x5f,
  0x63, 0x6c, 0x66, 0x5f, 0x6d, 0x69, 0x6e, 0x6d, 0x61, 0x78, 0x5f, 0x66,
  0x6c, 0x61, 0x74, 0x2f, 0x71, 0x75, 0x61, 0x6e, 0x74, 0x5f, 0x6c, 0x61,
  0x74, 0x65, 0x6e, 0x74, 0x5f, 0x33, 0x32, 0x2f, 0x4d, 0x61, 0x74, 0x4d,
  0x75, 0x6c, 0x3b, 0x65, 0x6e, 0x63, 0x6f, 0x64, 0x65, 0x72, 0x5f, 0x63,
  0x6c, 0x66, 0x5f, 0x6d, 0x69, 0x6e, 0x6d, 0x61, 0x78, 0x5f, 0x66, 0x6c,
  0x61, 0x74, 0x2f, 0x71, 0x75, 0x61, 0x6e, 0x74, 0x5f, 0x6c, 0x61, 0x74,
  0x65, 0x6e, 0x74, 0x5f, 0x33, 0x32, 0x2f, 0x4c, 0x61, 0x73, 0x74, 0x56,
  0x61, 0x6c, 0x75, 0x65, 0x51, 0x75, 0x61, 0x6e, 0x74, 0x2f, 0x46, 0x61,
  0x6b, 0x65, 0x51, 0x75, 0x61, 0x6e, 0x74, 0x57, 0x69, 0x74, 0x68, 0x4d,
  0x69, 0x6e, 0x4d, 0x61, 0x78, 0x56, 0x61, 0x72, 0x73, 0x00, 0x00, 0x00,
  0x02, 0x00, 0x00, 0x00, 0x20, 0x00, 0x00, 0x00, 0x40, 0x00, 0x00, 0x00,
  0x7a, 0xfd, 0xff, 0xff, 0x00, 0x00, 0x00, 0x01, 0x18, 0x00, 0x00, 0x00,
  0x20, 0x00, 0x00, 0x00, 0x3c, 0x00, 0x00, 0x00, 0x04, 0x00, 0x00, 0x00,
  0x00, 0x00, 0x00, 0x09, 0xd8, 0x00, 0x00, 0x00, 0x02, 0x00, 0x00, 0x00,
  0xff, 0xff, 0xff, 0xff, 0x40, 0x00, 0x00, 0x00, 0x64, 0xfd, 0xff, 0xff,
  0x08, 0x00, 0x00, 0x00, 0x10, 0x00, 0x00, 0x00, 0x01, 0x00, 0x00, 0x00,
  0xe6, 0xff, 0xff, 0xff, 0xff, 0xff, 0xff, 0xff, 0x01, 0x00, 0x00, 0x00,
  0xb2, 0x79, 0x1e, 0x3d, 0xa0, 0x00, 0x00, 0x00, 0x65, 0x6e, 0x63, 0x6f,
  0x64, 0x65, 0x72, 0x5f, 0x63, 0x6c, 0x66, 0x5f, 0x6d, 0x69, 0x6e, 0x6d,
  0x61, 0x78, 0x5f, 0x66, 0x6c, 0x61, 0x74, 0x2f, 0x71, 0x75, 0x61, 0x6e,
  0x74, 0x5f, 0x65, 0x6e, 0x63, 0x6f, 0x64, 0x65, 0x72, 0x5f, 0x64, 0x65,
  0x6e, 0x73, 0x65, 0x5f, 0x36, 0x34, 0x2f, 0x4d, 0x61, 0x74, 0x4d, 0x75,
  0x6c, 0x3b, 0x65, 0x6e, 0x63, 0x6f, 0x64, 0x65, 0x72, 0x5f, 0x63, 0x6c,
  0x66, 0x5f, 0x6d, 0x69, 0x6e, 0x6d, 0x61, 0x78, 0x5f, 0x66, 0x6c, 0x61,
  0x74, 0x2f, 0x71, 0x75, 0x61, 0x6e, 0x74, 0x5f, 0x65, 0x6e, 0x63, 0x6f,
  0x64, 0x65, 0x72, 0x5f, 0x64, 0x65, 0x6e, 0x73, 0x65, 0x5f, 0x36, 0x34,
  0x2f, 0x52, 0x65, 0x6c, 0x75, 0x3b, 0x65, 0x6e, 0x63, 0x6f, 0x64, 0x65,
  0x72, 0x5f, 0x63, 0x6c, 0x66, 0x5f, 0x6d, 0x69, 0x6e, 0x6d, 0x61, 0x78,
  0x5f, 0x66, 0x6c, 0x61, 0x74, 0x2f, 0x71, 0x75, 0x61, 0x6e, 0x74, 0x5f,
  0x65, 0x6e, 0x63, 0x6f, 0x64, 0x65, 0x72, 0x5f, 0x64, 0x65, 0x6e, 0x73,
  0x65, 0x5f, 0x36, 0x34, 0x2f, 0x42, 0x69, 0x61, 0x73, 0x41, 0x64, 0x64,
  0x00, 0x00, 0x00, 0x00, 0x02, 0x00, 0x00, 0x00, 0x01, 0x00, 0x00, 0x00,
  0x40, 0x00, 0x00, 0x00, 0x6e, 0xff, 0xff, 0xff, 0x00, 0x00, 0x00, 0x01,
  0x14, 0x00, 0x00, 0x00, 0x30, 0x00, 0x00, 0x00, 0x03, 0x00, 0x00, 0x00,
  0x00, 0x00, 0x00, 0x02, 0x70, 0x00, 0x00, 0x00, 0x54, 0xfe, 0xff, 0xff,
  0x08, 0x00, 0x00, 0x00, 0x10, 0x00, 0x00, 0x00, 0x01, 0x00, 0x00, 0x00,
  0x00, 0x00, 0x00, 0x00, 0x00, 0x00, 0x00, 0x00, 0x01, 0x00, 0x00, 0x00,
  0xdf, 0x87, 0x35, 0x37, 0x45, 0x00, 0x00, 0x00, 0x65, 0x6e, 0x63, 0x6f,
  0x64, 0x65, 0x72, 0x5f, 0x63, 0x6c, 0x66, 0x5f, 0x6d, 0x69, 0x6e, 0x6d,
  0x61, 0x78, 0x5f, 0x66, 0x6c, 0x61, 0x74, 0x2f, 0x71, 0x75, 0x61, 0x6e,
  0x74, 0x5f, 0x65, 0x6e, 0x63, 0x6f, 0x64, 0x65, 0x72, 0x5f, 0x64, 0x65,
  0x6e, 0x73, 0x65, 0x5f, 0x36, 0x34, 0x2f, 0x42, 0x69, 0x61, 0x73, 0x41,
  0x64, 0x64, 0x2f, 0x52, 0x65, 0x61, 0x64, 0x56, 0x61, 0x72, 0x69, 0x61,
  0x62, 0x6c, 0x65, 0x4f, 0x70, 0x00, 0x00, 0x00, 0x01, 0x00, 0x00, 0x00,
  0x40, 0x00, 0x00, 0x00, 0x00, 0x00, 0x16, 0x00, 0x1c, 0x00, 0x18, 0x00,
  0x17, 0x00, 0x10, 0x00, 0x0c, 0x00, 0x08, 0x00, 0x00, 0x00, 0x00, 0x00,
  0x00, 0x00, 0x07, 0x00, 0x16, 0x00, 0x00, 0x00, 0x00, 0x00, 0x00, 0x01,
  0x14, 0x00, 0x00, 0x00, 0x34, 0x00, 0x00, 0x00, 0x02, 0x00, 0x00, 0x00,
  0x00, 0x00, 0x00, 0x09, 0xb8, 0x00, 0x00, 0x00, 0xfc, 0xfe, 0xff, 0xff,
  0x08, 0x00, 0x00, 0x00, 0x14, 0x00, 0x00, 0x00, 0x01, 0x00, 0x00, 0x00,
  0x00, 0x00, 0x00, 0x00, 0x00, 0x00, 0x00, 0x00, 0x00, 0x00, 0x00, 0x00,
  0x01, 0x00, 0x00, 0x00, 0x57, 0xd2, 0x34, 0x3b, 0x8b, 0x00, 0x00, 0x00,
  0x65, 0x6e, 0x63, 0x6f, 0x64, 0x65, 0x72, 0x5f, 0x63, 0x6c, 0x66, 0x5f,
  0x6d, 0x69, 0x6e, 0x6d, 0x61, 0x78, 0x5f, 0x66, 0x6c, 0x61, 0x74, 0x2f,
  0x71, 0x75, 0x61, 0x6e, 0x74, 0x5f, 0x65, 0x6e, 0x63, 0x6f, 0x64, 0x65,
  0x72, 0x5f, 0x64, 0x65, 0x6e, 0x73, 0x65, 0x5f, 0x36, 0x34, 0x2f, 0x4d,
  0x61, 0x74, 0x4d, 0x75, 0x6c, 0x3b, 0x65, 0x6e, 0x63, 0x6f, 0x64, 0x65,
  0x72, 0x5f, 0x63, 0x6c, 0x66, 0x5f, 0x6d, 0x69, 0x6e, 0x6d, 0x61, 0x78,
  0x5f, 0x66, 0x6c, 0x61, 0x74, 0x2f, 0x71, 0x75, 0x61, 0x6e, 0x74, 0x5f,
  0x65, 0x6e, 0x63, 0x6f, 0x64, 0x65, 0x72, 0x5f, 0x64, 0x65, 0x6e, 0x73,
  0x65, 0x5f, 0x36, 0x34, 0x2f, 0x4c, 0x61, 0x73, 0x74, 0x56, 0x61, 0x6c,
  0x75, 0x65, 0x51, 0x75, 0x61, 0x6e, 0x74, 0x2f, 0x46, 0x61, 0x6b, 0x65,
  0x51, 0x75, 0x61, 0x6e, 0x74, 0x57, 0x69, 0x74, 0x68, 0x4d, 0x69, 0x6e,
  0x4d, 0x61, 0x78, 0x56, 0x61, 0x72, 0x73, 0x00, 0x02, 0x00, 0x00, 0x00,
  0x40, 0x00, 0x00, 0x00, 0x58, 0x02, 0x00, 0x00, 0x00, 0x00, 0x16, 0x00,
  0x20, 0x00, 0x1c, 0x00, 0x1b, 0x00, 0x14, 0x00, 0x10, 0x00, 0x0c, 0x00,
  0x00, 0x00, 0x00, 0x00, 0x08, 0x00, 0x07, 0x00, 0x16, 0x00, 0x00, 0x00,
  0x00, 0x00, 0x00, 0x01, 0x18, 0x00, 0x00, 0x00, 0x2c, 0x00, 0x00, 0x00,
  0x48, 0x00, 0x00, 0x00, 0x01, 0x00, 0x00, 0x00, 0x00, 0x00, 0x00, 0x09,
  0x60, 0x00, 0x00, 0x00, 0x02, 0x00, 0x00, 0x00, 0xff, 0xff, 0xff, 0xff,
  0x58, 0x02, 0x00, 0x00, 0x0c, 0x00, 0x0c, 0x00, 0x00, 0x00, 0x00, 0x00,
  0x08, 0x00, 0x04, 0x00, 0x0c, 0x00, 0x00, 0x00, 0x08, 0x00, 0x00, 0x00,
  0x10, 0x00, 0x00, 0x00, 0x01, 0x00, 0x00, 0x00, 0x80, 0xff, 0xff, 0xff,
  0xff, 0xff, 0xff, 0xff, 0x01, 0x00, 0x00, 0x00, 0x81, 0x80, 0x80, 0x3b,
  0x1e, 0x00, 0x00, 0x00, 0x73, 0x65, 0x72, 0x76, 0x69, 0x6e, 0x67, 0x5f,
  0x64, 0x65, 0x66, 0x61, 0x75, 0x6c, 0x74, 0x5f, 0x77, 0x69, 0x6e, 0x64,
  0x6f, 0x77, 0x5f, 0x69, 0x6e, 0x70, 0x75, 0x74, 0x3a, 0x30, 0x00, 0x00,
  0x02, 0x00, 0x00, 0x00, 0x01, 0x00, 0x00, 0x00, 0x58, 0x02, 0x00, 0x00,
  0x02, 0x00, 0x00, 0x00, 0x24, 0x00, 0x00, 0x00, 0x04, 0x00, 0x00, 0x00,
  0xf0, 0xff, 0xff, 0xff, 0x19, 0x00, 0x00, 0x00, 0x02, 0x00, 0x00, 0x00,
  0x00, 0x00, 0x00, 0x19, 0x0c, 0x00, 0x10, 0x00, 0x0f, 0x00, 0x00, 0x00,
  0x08, 0x00, 0x04, 0x00, 0x0c, 0x00, 0x00, 0x00, 0x09, 0x00, 0x00, 0x00,
  0x04, 0x00, 0x00, 0x00, 0x00, 0x00, 0x00, 0x09
};
unsigned int encoder_clf_minmax_pruned_qat_int8_tflite_len = 45680;
